,Species,Name,ExonIDCluster,TranscriptIDCluster,TranscriptID,Source,ExperimentSource,Biotype,Flags,Version,GeneID,ProteinID,Strand,ExonID,ExonRegionStart,ExonRegionEnd,ExonRank,cDNA_CodingStart,cDNA_CodingEnd,GenomicCodingStart,GenomicCodingEnd,StartPhase,EndPhase,ExonSequence,ExonProteinSequence,IncompleteCDS
0,gorilla_gorilla,MYO1H-201,ENSGGOE00000311255,ENSGGOT00000008355,ENSGGOT00000008355,ensembl,ensembl,protein_coding,,3,ENSGGOG00000008306,ENSGGOP00000008129,1,ENSGGOE00000311255,109239441,109239452,1,1,12,109239441,109239452,0,0,ATGGAATCCAAG,MESK,False
1,gorilla_gorilla,MYO1H-201,ENSGGOE00000364294,ENSGGOT00000008355,ENSGGOT00000008355,ensembl,ensembl,protein_coding,,3,ENSGGOG00000008306,ENSGGOP00000008129,1,ENSGGOE00000364294,109280110,109280271,2,13,174,109280110,109280271,0,0,AAAGAAGATGTGAGGAGGAAACACATCCGTCTGCACATGGAAGGGGCGCTGACTGCCCGGGACAAGGTCGGGGTTCAGGATTTTGTGCTATTGGACGCGTACACCAGCGAATCTGCCTTTGTCGACAACCTCCGCAAGCGTTTCAGCAAGAACCTCATATAC,KEDVRRKHIRLHMEGALTARDKVGVQDFVLLDAYTSESAFVDNLRKRFSKNLIY,False
2,gorilla_gorilla,MYO1H-201,ENSGGOE00000085158,ENSGGOT00000008355,ENSGGOT00000008355,ensembl,ensembl,protein_coding,,3,ENSGGOG00000008306,ENSGGOP00000008129,1,ENSGGOE00000085158,109284778,109284893,3,175,290,109284778,109284893,0,2,ACATATATTGGCACCCTCCTTGTGTCTGTGAATCCATACCAGGAGCTCGGAATCTACACTGTGAGCCAGATGGAACTTTATCAAGGGGTCAATTTCTTTGAACTGCCACCACATGT,TYIGTLLVSVNPYQELGIYTVSQMELYQGVNFFELPPH,False
3,gorilla_gorilla,MYO1H-201,ENSGGOE00000231982,ENSGGOT00000008355,ENSGGOT00000008355,ensembl,ensembl,protein_coding,,3,ENSGGOG00000008306,ENSGGOP00000008129,1,ENSGGOE00000231982,109287770,109287968,4,291,489,109287770,109287968,2,0,CTACGCTATAGCCGACAACGCTTACCGAATGATGTGTGCTGAACTAAATAACCATTTCATCCTCATTTCTGGAGAGAGTGGGGCAGGGAAAACAGAGGCCTCCAAGAAAATTCTCCAGTATTTTGCAGTGACCTGCCCAATGACCCAGTCACTACAAATAGCCCGCGACAGACTGCTGCTCTCCAACCCAGTGCTGGAG,VYAIADNAYRMMCAELNNHFILISGESGAGKTEASKKILQYFAVTCPMTQSLQIARDRLLLSNPVLE,False
4,gorilla_gorilla,MYO1H-201,ENSGGOE00000085164,ENSGGOT00000008355,ENSGGOT00000008355,ensembl,ensembl,protein_coding,,3,ENSGGOG00000008306,ENSGGOP00000008129,1,ENSGGOE00000085164,109289093,109289173,5,490,570,109289093,109289173,0,0,GCTTTTGGAAATGCCAGAACGCTCCGGAATGACAACTCCAGCAGATTTGGGAAATACATGGATATACAATTTGATGTTCAG,AFGNARTLRNDNSSRFGKYMDIQFDVQ,False
5,gorilla_gorilla,MYO1H-201,ENSGGOE00000085168,ENSGGOT00000008355,ENSGGOT00000008355,ensembl,ensembl,protein_coding,,3,ENSGGOG00000008306,ENSGGOP00000008129,1,ENSGGOE00000085168,109297023,109297202,6,571,750,109297023,109297202,0,0,GGCATTCCCGTAGGTGGGCATATCATCAGTTACTTGATAGAGAAGTCCCGGGTTGTCTACCAAAACGAAGGTGAGCGGAATTTCCACATCTTCTACCAGCTGCTGGCAGGTGGCGAAGAGGAGCGCCTGGCTTACCTGGGACTCGAGCGAGACCCCCAGCTGTATAAATACCTCTCACAG,GIPVGGHIISYLIEKSRVVYQNEGERNFHIFYQLLAGGEEERLAYLGLERDPQLYKYLSQ,False
6,gorilla_gorilla,MYO1H-201,ENSGGOE00000085172,ENSGGOT00000008355,ENSGGOT00000008355,ensembl,ensembl,protein_coding,,3,ENSGGOG00000008306,ENSGGOP00000008129,1,ENSGGOE00000085172,109299908,109300006,7,751,849,109299908,109300006,0,0,GGTCATTGTGTCAAAGAGTCATCCATTAGTGACAAGAATGACTGGAAAACTGTTTCCAACGCCTTTTCTGTCATTGATTTTACTGAAGCTGACCTCGAG,GHCVKESSISDKNDWKTVSNAFSVIDFTEADLE,False
7,gorilla_gorilla,MYO1H-201,ENSGGOE00000085174,ENSGGOT00000008355,ENSGGOT00000008355,ensembl,ensembl,protein_coding,,3,ENSGGOG00000008306,ENSGGOP00000008129,1,ENSGGOE00000085174,109301842,109301955,8,850,963,109301842,109301955,0,0,AATCTCTTTGGAATTATTGCCAGTGTCTTACACCTGGGGAACATTGGTTTTGAAGAAGATGACCAAGGCTGTGCCACTATCCCAGACACCCACGAGATCAAGTGGATAGCCAAG,NLFGIIASVLHLGNIGFEEDDQGCATIPDTHEIKWIAK,False
8,gorilla_gorilla,MYO1H-201,ENSGGOE00000085177,ENSGGOT00000008355,ENSGGOT00000008355,ensembl,ensembl,protein_coding,,3,ENSGGOG00000008306,ENSGGOP00000008129,1,ENSGGOE00000085177,109302693,109302764,9,964,1035,109302693,109302764,0,0,CTCCTGGGGGTCCACCCATCAGTCCTTCTGGAAGCTCTCACCCACAGAAAAATTAAAGCCAAAACTGAGGAG,LLGVHPSVLLEALTHRKIKAKTEE,False
9,gorilla_gorilla,MYO1H-201,ENSGGOE00000085181,ENSGGOT00000008355,ENSGGOT00000008355,ensembl,ensembl,protein_coding,,3,ENSGGOG00000008306,ENSGGOP00000008129,1,ENSGGOE00000085181,109303713,109303832,10,1036,1155,109303713,109303832,0,0,GTGATCTGCCCGTTGACACTAGAACTCTCTGTCTACGCTAGAGATGCAATGGCAAAGGCTGTTTATGGACGAACGTTTACTTGGCTGGTCAACAAAATCAATTCCTCCTTAGTTAACAAG,VICPLTLELSVYARDAMAKAVYGRTFTWLVNKINSSLVNK,False
10,gorilla_gorilla,MYO1H-201,ENSGGOE00000085187,ENSGGOT00000008355,ENSGGOT00000008355,ensembl,ensembl,protein_coding,,3,ENSGGOG00000008306,ENSGGOP00000008129,1,ENSGGOE00000085187,109305434,109305501,11,1156,1223,109305434,109305501,0,2,GATTTCACCAGGAAAACTGTAATTGGATTACTGGACATCTATGGGTTTGAAGTCTTTGACAAGAATGG,DFTRKTVIGLLDIYGFEVFDKN,False
11,gorilla_gorilla,MYO1H-201,ENSGGOE00000085191,ENSGGOT00000008355,ENSGGOT00000008355,ensembl,ensembl,protein_coding,,3,ENSGGOG00000008306,ENSGGOP00000008129,1,ENSGGOE00000085191,109305840,109305945,12,1224,1329,109305840,109305945,2,0,TTTTGAACAGTTCTGTATAAATTACTGCAATGAGAAACTCCAGCAACTGTTAATTGAGAGGACTCTAAAAGCAGAACAGGCAGAATATGAAATGGAAGGCATAGAG,GFEQFCINYCNEKLQQLLIERTLKAEQAEYEMEGIE,False
12,gorilla_gorilla,MYO1H-201,ENSGGOE00000251514,ENSGGOT00000008355,ENSGGOT00000008355,ensembl,ensembl,protein_coding,,3,ENSGGOG00000008306,ENSGGOP00000008129,1,ENSGGOE00000251514,109306768,109306848,13,1330,1410,109306768,109306848,0,0,TGGGAGCCAATTAAATATTTCAACAACAAGATCATCTGTGATTTGGTAGAAGAGAGACATAAAGGAATCATATCCATTCTG,WEPIKYFNNKIICDLVEERHKGIISIL,False
13,gorilla_gorilla,MYO1H-201,ENSGGOE00000085211,ENSGGOT00000008355,ENSGGOT00000008355,ensembl,ensembl,protein_coding,,3,ENSGGOG00000008306,ENSGGOP00000008129,1,ENSGGOE00000085211,109307979,109308070,14,1411,1502,109307979,109308070,0,2,GATGAAGAATGCATTCGGCCTGGTCCTGCTACAGACTTGAGTTTCCTGGAGAAATTGGAAGAGAAAGTGGGCAAACATGCACACTTCGAAAC,DEECIRPGPATDLSFLEKLEEKVGKHAHFE,False
14,gorilla_gorilla,MYO1H-201,ENSGGOE00000085220,ENSGGOT00000008355,ENSGGOT00000008355,ensembl,ensembl,protein_coding,,3,ENSGGOG00000008306,ENSGGOP00000008129,1,ENSGGOE00000085220,109311601,109311695,15,1503,1597,109311601,109311695,2,1,CCGTAAGCTGGCTGGTCCAAAAGGCCGAAAGAGGATTGGCTGGATGGAGTTCCGACTCCTCCACTATGCAGGAGAGGTCACATACTGCACCAAGG,TRKLAGPKGRKRIGWMEFRLLHYAGEVTYCTK,False
15,gorilla_gorilla,MYO1H-201,ENSGGOE00000085228,ENSGGOT00000008355,ENSGGOT00000008355,ensembl,ensembl,protein_coding,,3,ENSGGOG00000008306,ENSGGOP00000008129,1,ENSGGOE00000085228,109317045,109317091,16,1598,1644,109317045,109317091,1,0,GATTCTTGGAAAAAAACAATGATCTTCTTTACAGACATCTGAAAGAA,GFLEKNNDLLYRHLKE,False
16,gorilla_gorilla,MYO1H-201,ENSGGOE00000085235,ENSGGOT00000008355,ENSGGOT00000008355,ensembl,ensembl,protein_coding,,3,ENSGGOG00000008306,ENSGGOP00000008129,1,ENSGGOE00000085235,109320800,109320880,17,1645,1725,109320800,109320880,0,0,GTGCTGTGCAAGTCCAAGAACATTATCCTGAGGGAGTGCTTCCTGCTGGCCGAGTTAGAAAACCGGAGGAGGCCCCCAACA,VLCKSKNIILRECFLLAELENRRRPPT,False
17,gorilla_gorilla,MYO1H-201,ENSGGOE00000085251,ENSGGOT00000008355,ENSGGOT00000008355,ensembl,ensembl,protein_coding,,3,ENSGGOG00000008306,ENSGGOP00000008129,1,ENSGGOE00000085251,109322005,109322110,18,1726,1831,109322005,109322110,0,1,GTGGGCACTCAGTTTAAAAACAGTCTGAGCAGCCTTCTAGAAATCCTCATCTCTAAGGAGCCCTCCTACATCCGTTGCATCAAGCCCAACGACAGGAAAGAACCCA,VGTQFKNSLSSLLEILISKEPSYIRCIKPNDRKEP,False
18,gorilla_gorilla,MYO1H-201,ENSGGOE00000239123,ENSGGOT00000008355,ENSGGOT00000008355,ensembl,ensembl,protein_coding,,3,ENSGGOG00000008306,ENSGGOP00000008129,1,ENSGGOE00000239123,109323527,109323644,19,1832,1949,109323527,109323644,1,2,GCAAATTTGATGACTTCCTCATAAGACATCAGATCAAATACCTGGGGCTGATGGAGCACCTGCGGGTGAGACGGGCTGGCTTTGCATACCGAAGGAAATACGAGCATTTCTTGCAAAG,SKFDDFLIRHQIKYLGLMEHLRVRRAGFAYRRKYEHFLQ,False
19,gorilla_gorilla,MYO1H-201,ENSGGOE00000085264,ENSGGOT00000008355,ENSGGOT00000008355,ensembl,ensembl,protein_coding,,3,ENSGGOG00000008306,ENSGGOP00000008129,1,ENSGGOE00000085264,109328931,109329044,20,1950,2063,109328931,109329044,2,2,GTACAAGTCCTTATGCCCAGACACCTGGCCGCACTGGCACGGGCCTCCAGCAGAGGGCGTGGAACGGCTGATCAAGTACATCGGCTACAAACCCGAGGAATACAAGTTAGGCAA,RYKSLCPDTWPHWHGPPAEGVERLIKYIGYKPEEYKLG,False
20,gorilla_gorilla,MYO1H-201,ENSGGOE00000260654,ENSGGOT00000008355,ENSGGOT00000008355,ensembl,ensembl,protein_coding,,3,ENSGGOG00000008306,ENSGGOP00000008129,1,ENSGGOE00000260654,109331073,109331149,21,2064,2140,109331073,109331149,2,1,AACCAAAATATTCATTCGTTTCCCCAGAACTCTGTTTGCTACCGAAGATGCCTTTGAATTTAGTAAACATCAACTAG,KTKIFIRFPRTLFATEDAFEFSKHQL,False
21,gorilla_gorilla,MYO1H-201,ENSGGOE00000085280,ENSGGOT00000008355,ENSGGOT00000008355,ensembl,ensembl,protein_coding,,3,ENSGGOG00000008306,ENSGGOP00000008129,1,ENSGGOE00000085280,109332525,109332593,22,2141,2209,109332525,109332593,1,1,TTGCAAGAATCCAAGCCACTTACAAATGCTGCCTAGGAAGGAGAGAATACGTGAAAAAAAGACAAGCAG,VARIQATYKCCLGRREYVKKRQA,False
22,gorilla_gorilla,MYO1H-201,ENSGGOE00000085284,ENSGGOT00000008355,ENSGGOT00000008355,ensembl,ensembl,protein_coding,,3,ENSGGOG00000008306,ENSGGOP00000008129,1,ENSGGOE00000085284,109334585,109334669,23,2210,2294,109334585,109334669,1,2,CCATCAAACTGGAAGCCCACTGGCGTGGGGCCCTGGCTCGGAAGGCAATCCAAAGGAGAAAGTGGGCCGTGCGGATTATCAGAAA,AIKLEAHWRGALARKAIQRRKWAVRIIR,False
23,gorilla_gorilla,MYO1H-201,ENSGGOE00000085290,ENSGGOT00000008355,ENSGGOT00000008355,ensembl,ensembl,protein_coding,,3,ENSGGOG00000008306,ENSGGOP00000008129,1,ENSGGOE00000085290,109335697,109335856,24,2295,2454,109335697,109335856,2,0,GTTCATTAAAGGATTCATCAGTCGCAACAAACCCCTCTGTCCTGACAACGAGGAATTTATCATGTTTGTGCGGAAGAATTACATCTTGAATCTCCAGTATCACCTTCCAAAGACTGTCCTGGACAAGAGCTGGCTGAGGCCTCCTGGCATCTTGGAAAAT,KFIKGFISRNKPLCPDNEEFIMFVRKNYILNLQYHLPKTVLDKSWLRPPGILEN,False
24,gorilla_gorilla,MYO1H-201,ENSGGOE00000085300,ENSGGOT00000008355,ENSGGOT00000008355,ensembl,ensembl,protein_coding,,3,ENSGGOG00000008306,ENSGGOP00000008129,1,ENSGGOE00000085300,109336780,109336863,25,2455,2538,109336780,109336863,0,0,GCATCAGATCTGCTCAGGAAAATGTGCATGAGGAACCTGGTGCAGAAGTACTGCCGCGGGATCACAGCTGAGCGGAAAGCAATG,ASDLLRKMCMRNLVQKYCRGITAERKAM,False
25,gorilla_gorilla,MYO1H-201,ENSGGOE00000085305,ENSGGOT00000008355,ENSGGOT00000008355,ensembl,ensembl,protein_coding,,3,ENSGGOG00000008306,ENSGGOP00000008129,1,ENSGGOE00000085305,109337651,109337744,26,2539,2632,109337651,109337744,0,1,ATGCAGCAAAAGGTAGTTACAAGTGAAATCTTCAGGGGAAGGAAAGACGGCTACACAGAAAGTTTAAATCAACCCTTTGTCAACAGTCGGATAG,MQQKVVTSEIFRGRKDGYTESLNQPFVNSRI,False
26,gorilla_gorilla,MYO1H-201,ENSGGOE00000213046,ENSGGOT00000008355,ENSGGOT00000008355,ensembl,ensembl,protein_coding,,3,ENSGGOG00000008306,ENSGGOP00000008129,1,ENSGGOE00000213046,109338261,109338316,27,2633,2688,109338261,109338316,1,0,ATGAAGGAGACATTAATCCAAAAGTGCTTCAGCTAATTAGCCATGAGAAAATCCAG,DEGDINPKVLQLISHEKIQ,False
27,gorilla_gorilla,MYO1H-201,ENSGGOE00000346337,ENSGGOT00000008355,ENSGGOT00000008355,ensembl,ensembl,protein_coding,,3,ENSGGOG00000008306,ENSGGOP00000008129,1,ENSGGOE00000346337,109339311,109339446,28,2689,2824,109339311,109339446,0,1,TATGGTGTCCCGGTCATTAAATATGACAGAAAAGGCTTCAAAGCACGGCAGCGGCAACTCATTCTTACTCAGAAAGCAGCTTACGTGGTGGAACTTGCCAAAATCAAGCAGAAAATAGAGTACTCAGCTCTCAAAG,YGVPVIKYDRKGFKARQRQLILTQKAAYVVELAKIKQKIEYSALK,False
28,gorilla_gorilla,MYO1H-201,ENSGGOE00000085317,ENSGGOT00000008355,ENSGGOT00000008355,ensembl,ensembl,protein_coding,,3,ENSGGOG00000008306,ENSGGOP00000008129,1,ENSGGOE00000085317,109340009,109340079,29,2825,2895,109340009,109340079,1,0,GTGTCTCCACTAGCAATCTGAGTGATGGAATCTTAGTCATTCATGTTTCACCAGAGGACAGCAAGCAAAAG,GVSTSNLSDGILVIHVSPEDSKQK,False
29,gorilla_gorilla,MYO1H-201,ENSGGOE00000085321,ENSGGOT00000008355,ENSGGOT00000008355,ensembl,ensembl,protein_coding,,3,ENSGGOG00000008306,ENSGGOP00000008129,1,ENSGGOE00000085321,109340228,109340325,30,2896,2993,109340228,109340325,0,2,GGGGATGCCGTTTTGCAGTGTGGACATGTGTTTGAAGCAGTTACTAAACTCGTCATGCTGGTTAAGAAGGAGAACATTGTCAATGTTGTTCAAGGAAG,GDAVLQCGHVFEAVTKLVMLVKKENIVNVVQG,False
30,gorilla_gorilla,MYO1H-201,ENSGGOE00000272357,ENSGGOT00000008355,ENSGGOT00000008355,ensembl,ensembl,protein_coding,,3,ENSGGOG00000008306,ENSGGOP00000008129,1,ENSGGOE00000272357,109341312,109341411,31,2994,3093,109341312,109341411,2,0,GTTACAGTTTTTTATTAGTCCGGGAAAAGAAGGCACAATAGTTTTCGACACTGGACCAGAAGAACAAGTCTATAAAAATAAAAATGGACAATTAACAGTG,RLQFFISPGKEGTIVFDTGPEEQVYKNKNGQLTV,False
31,gorilla_gorilla,MYO1H-201,ENSGGOE00000369616,ENSGGOT00000008355,ENSGGOT00000008355,ensembl,ensembl,protein_coding,,3,ENSGGOG00000008306,ENSGGOP00000008129,1,ENSGGOE00000369616,109342954,109342977,32,3094,3117,109342954,109342977,0,0,GTGTCAGTCCGGAGGAAGTCCTGA,VSVRRKS*,False
32,gorilla_gorilla,MYO1H-202,ENSGGOE00000085154,ENSGGOT00000027259,ENSGGOT00000027259,ensembl,ensembl,protein_coding,,2,ENSGGOG00000008306,ENSGGOP00000020571,1,ENSGGOE00000085154,109280146,109280271,1,1,126,109280146,109280271,0,0,ATGGAAGGGGCGCTGACTGCCCGGGACAAGGTCGGGGTTCAGGATTTTGTGCTATTGGACGCGTACACCAGCGAATCTGCCTTTGTCGACAACCTCCGCAAGCGTTTCAGCAAGAACCTCATATAC,MEGALTARDKVGVQDFVLLDAYTSESAFVDNLRKRFSKNLIY,False
33,gorilla_gorilla,MYO1H-202,ENSGGOE00000085158,ENSGGOT00000027259,ENSGGOT00000027259,ensembl,ensembl,protein_coding,,2,ENSGGOG00000008306,ENSGGOP00000020571,1,ENSGGOE00000085158,109284778,109284893,2,127,242,109284778,109284893,0,2,ACATATATTGGCACCCTCCTTGTGTCTGTGAATCCATACCAGGAGCTCGGAATCTACACTGTGAGCCAGATGGAACTTTATCAAGGGGTCAATTTCTTTGAACTGCCACCACATGT,TYIGTLLVSVNPYQELGIYTVSQMELYQGVNFFELPPH,False
34,gorilla_gorilla,MYO1H-202,ENSGGOE00000231982,ENSGGOT00000027259,ENSGGOT00000027259,ensembl,ensembl,protein_coding,,2,ENSGGOG00000008306,ENSGGOP00000020571,1,ENSGGOE00000231982,109287770,109287968,3,243,441,109287770,109287968,2,0,CTACGCTATAGCCGACAACGCTTACCGAATGATGTGTGCTGAACTAAATAACCATTTCATCCTCATTTCTGGAGAGAGTGGGGCAGGGAAAACAGAGGCCTCCAAGAAAATTCTCCAGTATTTTGCAGTGACCTGCCCAATGACCCAGTCACTACAAATAGCCCGCGACAGACTGCTGCTCTCCAACCCAGTGCTGGAG,VYAIADNAYRMMCAELNNHFILISGESGAGKTEASKKILQYFAVTCPMTQSLQIARDRLLLSNPVLE,False
35,gorilla_gorilla,MYO1H-202,ENSGGOE00000085164,ENSGGOT00000027259,ENSGGOT00000027259,ensembl,ensembl,protein_coding,,2,ENSGGOG00000008306,ENSGGOP00000020571,1,ENSGGOE00000085164,109289093,109289173,4,442,522,109289093,109289173,0,0,GCTTTTGGAAATGCCAGAACGCTCCGGAATGACAACTCCAGCAGATTTGGGAAATACATGGATATACAATTTGATGTTCAG,AFGNARTLRNDNSSRFGKYMDIQFDVQ,False
36,gorilla_gorilla,MYO1H-202,ENSGGOE00000085168,ENSGGOT00000027259,ENSGGOT00000027259,ensembl,ensembl,protein_coding,,2,ENSGGOG00000008306,ENSGGOP00000020571,1,ENSGGOE00000085168,109297023,109297202,5,523,702,109297023,109297202,0,0,GGCATTCCCGTAGGTGGGCATATCATCAGTTACTTGATAGAGAAGTCCCGGGTTGTCTACCAAAACGAAGGTGAGCGGAATTTCCACATCTTCTACCAGCTGCTGGCAGGTGGCGAAGAGGAGCGCCTGGCTTACCTGGGACTCGAGCGAGACCCCCAGCTGTATAAATACCTCTCACAG,GIPVGGHIISYLIEKSRVVYQNEGERNFHIFYQLLAGGEEERLAYLGLERDPQLYKYLSQ,False
37,gorilla_gorilla,MYO1H-202,ENSGGOE00000085172,ENSGGOT00000027259,ENSGGOT00000027259,ensembl,ensembl,protein_coding,,2,ENSGGOG00000008306,ENSGGOP00000020571,1,ENSGGOE00000085172,109299908,109300006,6,703,801,109299908,109300006,0,0,GGTCATTGTGTCAAAGAGTCATCCATTAGTGACAAGAATGACTGGAAAACTGTTTCCAACGCCTTTTCTGTCATTGATTTTACTGAAGCTGACCTCGAG,GHCVKESSISDKNDWKTVSNAFSVIDFTEADLE,False
38,gorilla_gorilla,MYO1H-202,ENSGGOE00000085174,ENSGGOT00000027259,ENSGGOT00000027259,ensembl,ensembl,protein_coding,,2,ENSGGOG00000008306,ENSGGOP00000020571,1,ENSGGOE00000085174,109301842,109301955,7,802,915,109301842,109301955,0,0,AATCTCTTTGGAATTATTGCCAGTGTCTTACACCTGGGGAACATTGGTTTTGAAGAAGATGACCAAGGCTGTGCCACTATCCCAGACACCCACGAGATCAAGTGGATAGCCAAG,NLFGIIASVLHLGNIGFEEDDQGCATIPDTHEIKWIAK,False
39,gorilla_gorilla,MYO1H-202,ENSGGOE00000085177,ENSGGOT00000027259,ENSGGOT00000027259,ensembl,ensembl,protein_coding,,2,ENSGGOG00000008306,ENSGGOP00000020571,1,ENSGGOE00000085177,109302693,109302764,8,916,987,109302693,109302764,0,0,CTCCTGGGGGTCCACCCATCAGTCCTTCTGGAAGCTCTCACCCACAGAAAAATTAAAGCCAAAACTGAGGAG,LLGVHPSVLLEALTHRKIKAKTEE,False
40,gorilla_gorilla,MYO1H-202,ENSGGOE00000085181,ENSGGOT00000027259,ENSGGOT00000027259,ensembl,ensembl,protein_coding,,2,ENSGGOG00000008306,ENSGGOP00000020571,1,ENSGGOE00000085181,109303713,109303832,9,988,1107,109303713,109303832,0,0,GTGATCTGCCCGTTGACACTAGAACTCTCTGTCTACGCTAGAGATGCAATGGCAAAGGCTGTTTATGGACGAACGTTTACTTGGCTGGTCAACAAAATCAATTCCTCCTTAGTTAACAAG,VICPLTLELSVYARDAMAKAVYGRTFTWLVNKINSSLVNK,False
41,gorilla_gorilla,MYO1H-202,ENSGGOE00000085187,ENSGGOT00000027259,ENSGGOT00000027259,ensembl,ensembl,protein_coding,,2,ENSGGOG00000008306,ENSGGOP00000020571,1,ENSGGOE00000085187,109305434,109305501,10,1108,1175,109305434,109305501,0,2,GATTTCACCAGGAAAACTGTAATTGGATTACTGGACATCTATGGGTTTGAAGTCTTTGACAAGAATGG,DFTRKTVIGLLDIYGFEVFDKN,False
42,gorilla_gorilla,MYO1H-202,ENSGGOE00000085191,ENSGGOT00000027259,ENSGGOT00000027259,ensembl,ensembl,protein_coding,,2,ENSGGOG00000008306,ENSGGOP00000020571,1,ENSGGOE00000085191,109305840,109305945,11,1176,1281,109305840,109305945,2,0,TTTTGAACAGTTCTGTATAAATTACTGCAATGAGAAACTCCAGCAACTGTTAATTGAGAGGACTCTAAAAGCAGAACAGGCAGAATATGAAATGGAAGGCATAGAG,GFEQFCINYCNEKLQQLLIERTLKAEQAEYEMEGIE,False
43,gorilla_gorilla,MYO1H-202,ENSGGOE00000251514,ENSGGOT00000027259,ENSGGOT00000027259,ensembl,ensembl,protein_coding,,2,ENSGGOG00000008306,ENSGGOP00000020571,1,ENSGGOE00000251514,109306768,109306848,12,1282,1362,109306768,109306848,0,0,TGGGAGCCAATTAAATATTTCAACAACAAGATCATCTGTGATTTGGTAGAAGAGAGACATAAAGGAATCATATCCATTCTG,WEPIKYFNNKIICDLVEERHKGIISIL,False
44,gorilla_gorilla,MYO1H-202,ENSGGOE00000085211,ENSGGOT00000027259,ENSGGOT00000027259,ensembl,ensembl,protein_coding,,2,ENSGGOG00000008306,ENSGGOP00000020571,1,ENSGGOE00000085211,109307979,109308070,13,1363,1454,109307979,109308070,0,2,GATGAAGAATGCATTCGGCCTGGTCCTGCTACAGACTTGAGTTTCCTGGAGAAATTGGAAGAGAAAGTGGGCAAACATGCACACTTCGAAAC,DEECIRPGPATDLSFLEKLEEKVGKHAHFE,False
45,gorilla_gorilla,MYO1H-202,ENSGGOE00000085220,ENSGGOT00000027259,ENSGGOT00000027259,ensembl,ensembl,protein_coding,,2,ENSGGOG00000008306,ENSGGOP00000020571,1,ENSGGOE00000085220,109311601,109311695,14,1455,1549,109311601,109311695,2,1,CCGTAAGCTGGCTGGTCCAAAAGGCCGAAAGAGGATTGGCTGGATGGAGTTCCGACTCCTCCACTATGCAGGAGAGGTCACATACTGCACCAAGG,TRKLAGPKGRKRIGWMEFRLLHYAGEVTYCTK,False
46,gorilla_gorilla,MYO1H-202,ENSGGOE00000085228,ENSGGOT00000027259,ENSGGOT00000027259,ensembl,ensembl,protein_coding,,2,ENSGGOG00000008306,ENSGGOP00000020571,1,ENSGGOE00000085228,109317045,109317091,15,1550,1596,109317045,109317091,1,0,GATTCTTGGAAAAAAACAATGATCTTCTTTACAGACATCTGAAAGAA,GFLEKNNDLLYRHLKE,False
47,gorilla_gorilla,MYO1H-202,ENSGGOE00000085235,ENSGGOT00000027259,ENSGGOT00000027259,ensembl,ensembl,protein_coding,,2,ENSGGOG00000008306,ENSGGOP00000020571,1,ENSGGOE00000085235,109320800,109320880,16,1597,1677,109320800,109320880,0,0,GTGCTGTGCAAGTCCAAGAACATTATCCTGAGGGAGTGCTTCCTGCTGGCCGAGTTAGAAAACCGGAGGAGGCCCCCAACA,VLCKSKNIILRECFLLAELENRRRPPT,False
48,gorilla_gorilla,MYO1H-202,ENSGGOE00000085251,ENSGGOT00000027259,ENSGGOT00000027259,ensembl,ensembl,protein_coding,,2,ENSGGOG00000008306,ENSGGOP00000020571,1,ENSGGOE00000085251,109322005,109322110,17,1678,1783,109322005,109322110,0,1,GTGGGCACTCAGTTTAAAAACAGTCTGAGCAGCCTTCTAGAAATCCTCATCTCTAAGGAGCCCTCCTACATCCGTTGCATCAAGCCCAACGACAGGAAAGAACCCA,VGTQFKNSLSSLLEILISKEPSYIRCIKPNDRKEP,False
49,gorilla_gorilla,MYO1H-202,ENSGGOE00000239123,ENSGGOT00000027259,ENSGGOT00000027259,ensembl,ensembl,protein_coding,,2,ENSGGOG00000008306,ENSGGOP00000020571,1,ENSGGOE00000239123,109323527,109323644,18,1784,1901,109323527,109323644,1,2,GCAAATTTGATGACTTCCTCATAAGACATCAGATCAAATACCTGGGGCTGATGGAGCACCTGCGGGTGAGACGGGCTGGCTTTGCATACCGAAGGAAATACGAGCATTTCTTGCAAAG,SKFDDFLIRHQIKYLGLMEHLRVRRAGFAYRRKYEHFLQ,False
50,gorilla_gorilla,MYO1H-202,ENSGGOE00000085264,ENSGGOT00000027259,ENSGGOT00000027259,ensembl,ensembl,protein_coding,,2,ENSGGOG00000008306,ENSGGOP00000020571,1,ENSGGOE00000085264,109328931,109329044,19,1902,2015,109328931,109329044,2,2,GTACAAGTCCTTATGCCCAGACACCTGGCCGCACTGGCACGGGCCTCCAGCAGAGGGCGTGGAACGGCTGATCAAGTACATCGGCTACAAACCCGAGGAATACAAGTTAGGCAA,RYKSLCPDTWPHWHGPPAEGVERLIKYIGYKPEEYKLG,False
51,gorilla_gorilla,MYO1H-202,ENSGGOE00000260654,ENSGGOT00000027259,ENSGGOT00000027259,ensembl,ensembl,protein_coding,,2,ENSGGOG00000008306,ENSGGOP00000020571,1,ENSGGOE00000260654,109331073,109331149,20,2016,2092,109331073,109331149,2,1,AACCAAAATATTCATTCGTTTCCCCAGAACTCTGTTTGCTACCGAAGATGCCTTTGAATTTAGTAAACATCAACTAG,KTKIFIRFPRTLFATEDAFEFSKHQL,False
52,gorilla_gorilla,MYO1H-202,ENSGGOE00000085280,ENSGGOT00000027259,ENSGGOT00000027259,ensembl,ensembl,protein_coding,,2,ENSGGOG00000008306,ENSGGOP00000020571,1,ENSGGOE00000085280,109332525,109332593,21,2093,2161,109332525,109332593,1,1,TTGCAAGAATCCAAGCCACTTACAAATGCTGCCTAGGAAGGAGAGAATACGTGAAAAAAAGACAAGCAG,VARIQATYKCCLGRREYVKKRQA,False
53,gorilla_gorilla,MYO1H-202,ENSGGOE00000085284,ENSGGOT00000027259,ENSGGOT00000027259,ensembl,ensembl,protein_coding,,2,ENSGGOG00000008306,ENSGGOP00000020571,1,ENSGGOE00000085284,109334585,109334669,22,2162,2246,109334585,109334669,1,2,CCATCAAACTGGAAGCCCACTGGCGTGGGGCCCTGGCTCGGAAGGCAATCCAAAGGAGAAAGTGGGCCGTGCGGATTATCAGAAA,AIKLEAHWRGALARKAIQRRKWAVRIIR,False
54,gorilla_gorilla,MYO1H-202,ENSGGOE00000085290,ENSGGOT00000027259,ENSGGOT00000027259,ensembl,ensembl,protein_coding,,2,ENSGGOG00000008306,ENSGGOP00000020571,1,ENSGGOE00000085290,109335697,109335856,23,2247,2406,109335697,109335856,2,0,GTTCATTAAAGGATTCATCAGTCGCAACAAACCCCTCTGTCCTGACAACGAGGAATTTATCATGTTTGTGCGGAAGAATTACATCTTGAATCTCCAGTATCACCTTCCAAAGACTGTCCTGGACAAGAGCTGGCTGAGGCCTCCTGGCATCTTGGAAAAT,KFIKGFISRNKPLCPDNEEFIMFVRKNYILNLQYHLPKTVLDKSWLRPPGILEN,False
55,gorilla_gorilla,MYO1H-202,ENSGGOE00000085300,ENSGGOT00000027259,ENSGGOT00000027259,ensembl,ensembl,protein_coding,,2,ENSGGOG00000008306,ENSGGOP00000020571,1,ENSGGOE00000085300,109336780,109336863,24,2407,2490,109336780,109336863,0,0,GCATCAGATCTGCTCAGGAAAATGTGCATGAGGAACCTGGTGCAGAAGTACTGCCGCGGGATCACAGCTGAGCGGAAAGCAATG,ASDLLRKMCMRNLVQKYCRGITAERKAM,False
56,gorilla_gorilla,MYO1H-202,ENSGGOE00000085305,ENSGGOT00000027259,ENSGGOT00000027259,ensembl,ensembl,protein_coding,,2,ENSGGOG00000008306,ENSGGOP00000020571,1,ENSGGOE00000085305,109337651,109337744,25,2491,2584,109337651,109337744,0,1,ATGCAGCAAAAGGTAGTTACAAGTGAAATCTTCAGGGGAAGGAAAGACGGCTACACAGAAAGTTTAAATCAACCCTTTGTCAACAGTCGGATAG,MQQKVVTSEIFRGRKDGYTESLNQPFVNSRI,False
57,gorilla_gorilla,MYO1H-202,ENSGGOE00000213046,ENSGGOT00000027259,ENSGGOT00000027259,ensembl,ensembl,protein_coding,,2,ENSGGOG00000008306,ENSGGOP00000020571,1,ENSGGOE00000213046,109338261,109338316,26,2585,2640,109338261,109338316,1,0,ATGAAGGAGACATTAATCCAAAAGTGCTTCAGCTAATTAGCCATGAGAAAATCCAG,DEGDINPKVLQLISHEKIQ,False
58,gorilla_gorilla,MYO1H-202,ENSGGOE00000346337,ENSGGOT00000027259,ENSGGOT00000027259,ensembl,ensembl,protein_coding,,2,ENSGGOG00000008306,ENSGGOP00000020571,1,ENSGGOE00000346337,109339311,109339446,27,2641,2776,109339311,109339446,0,1,TATGGTGTCCCGGTCATTAAATATGACAGAAAAGGCTTCAAAGCACGGCAGCGGCAACTCATTCTTACTCAGAAAGCAGCTTACGTGGTGGAACTTGCCAAAATCAAGCAGAAAATAGAGTACTCAGCTCTCAAAG,YGVPVIKYDRKGFKARQRQLILTQKAAYVVELAKIKQKIEYSALK,False
59,gorilla_gorilla,MYO1H-202,ENSGGOE00000085317,ENSGGOT00000027259,ENSGGOT00000027259,ensembl,ensembl,protein_coding,,2,ENSGGOG00000008306,ENSGGOP00000020571,1,ENSGGOE00000085317,109340009,109340079,28,2777,2847,109340009,109340079,1,0,GTGTCTCCACTAGCAATCTGAGTGATGGAATCTTAGTCATTCATGTTTCACCAGAGGACAGCAAGCAAAAG,GVSTSNLSDGILVIHVSPEDSKQK,False
60,gorilla_gorilla,MYO1H-202,ENSGGOE00000085321,ENSGGOT00000027259,ENSGGOT00000027259,ensembl,ensembl,protein_coding,,2,ENSGGOG00000008306,ENSGGOP00000020571,1,ENSGGOE00000085321,109340228,109340325,29,2848,2945,109340228,109340325,0,2,GGGGATGCCGTTTTGCAGTGTGGACATGTGTTTGAAGCAGTTACTAAACTCGTCATGCTGGTTAAGAAGGAGAACATTGTCAATGTTGTTCAAGGAAG,GDAVLQCGHVFEAVTKLVMLVKKENIVNVVQG,False
61,gorilla_gorilla,MYO1H-202,ENSGGOE00000272357,ENSGGOT00000027259,ENSGGOT00000027259,ensembl,ensembl,protein_coding,,2,ENSGGOG00000008306,ENSGGOP00000020571,1,ENSGGOE00000272357,109341312,109341411,30,2946,3045,109341312,109341411,2,0,GTTACAGTTTTTTATTAGTCCGGGAAAAGAAGGCACAATAGTTTTCGACACTGGACCAGAAGAACAAGTCTATAAAAATAAAAATGGACAATTAACAGTG,RLQFFISPGKEGTIVFDTGPEEQVYKNKNGQLTV,False
62,gorilla_gorilla,MYO1H-202,ENSGGOE00000254611,ENSGGOT00000027259,ENSGGOT00000027259,ensembl,ensembl,protein_coding,,2,ENSGGOG00000008306,ENSGGOP00000020571,1,ENSGGOE00000254611,109342954,109344163,31,3046,3069,109342954,109342977,0,-1,GTGTCAGTCCGGAGGAAGTCCTGATAGAGGATGACGTCTGACCTCTACCATCGCCATTTTTGCTCCAACTGAGGAAACTACAGGGGAAGTGGGGATTGGATCCAGTTAGCTACCTCTTCAAGGTACCAGGCCCGCAGCACTAACAGATCACATCTGAAGAAACTGAGGGGCGTTAGGCCAAAGCCTAATCCCAGCTCCTCAGCTGCCCCGTGGCACCTTATTTAAAATATCACCTTCTGGAAGCAGACCCCAGGTCACCCGAAGGCGTAATTCTAAACACCCTCGACAGGATCTATGTTCAGTGCGCAGTCCAACGTGTCATTAGAGGGTGGGCAAGATTCTCTACCTCTGTCAAGCTGCCCTGAGACATGATGAAATACTGTGTACAGCAAGTTCTCAAATAACATTTCGTTATATGTTGATAAGACATCTGATTCCTGGGCAGGGCCACTGTCTGGGTGGAGTCTGTATGTTCTCCCCATGTCTCTGGGTTTCTTCTGGGTGCTCTGGTTTCCTCCCACGTCCCCAAGGTGTGTGTGTCAGGTGCACTGGCATGTCTATGCGGTCCCAGTCTGAGTGTGGGTGTGTGAGCCCCGTGAGAGGAGGGACATCCTGTCCAGGGTGGGTCCCGCCTTCTGCCCTGAGCTGCTGGGATTGGGCTCTGGCCATCTGCAACCCTGAACGTGCAGGTTGGAGAACGAATGAATACAAATTTTATTGTAAAATAAAAATGTATATAAAGCATATGAGCACACAAATGGACAATAAATGCCACAGTGCAAAAGCGTGTAGCAAGCCTGCCACGCTTGTGACTGGGGAGGGGCTCCTTATAATTTCACCTTTGCAAGCGTTTATTCACTGATTTATGCGGCCACGACTGTGACCACCATCACTTACCGATTCACCAAAACTTAGGTAATATGATCTTATTTTTGATTTAATTAAATATACGTGTAGCTCATGTATTTCACAGTTTAATATGAGAAGTGCTTTGGTCTTTATTTAGAAATTGGGTGATGTTTTTGTGCCCAGCAACATGCTGTAGGAATTTAACTCTTGTTTACATCCATTAGCCTCATGGTTTTGCTTCAAGTCTCAGCTTCCAAGAACCTATCAATGACTTACTGTGCATGGTCTGAGACTAAGTAAAGGAAATTTCCTAAAGCTGTGAAATTTGAATTTTGCTTTAAATAAATGGAACTCACATGTG,VSVRRKS*,False
63,macaca_mulatta,MYO1H-201,ENSMMUE00000417180,ENSMMUT00000057995,ENSMMUT00000057995,ensembl,ensembl,protein_coding,,1,ENSMMUG00000042728,ENSMMUP00000050215,1,ENSMMUE00000417180,109281349,109281436,1,77,88,109281425,109281436,-1,0,CATAAGTCAGTGGGAAGCAAGTTTTGAATGGGTCAAGAAGAATAGTTGTTAACAACCTGCTCTCCCTCTGTGCGTGATGGAATCCAAG,MESK,False
64,macaca_mulatta,MYO1H-201,ENSMMUE00000322532,ENSMMUT00000057995,ENSMMUT00000057995,ensembl,ensembl,protein_coding,,1,ENSMMUG00000042728,ENSMMUP00000050215,1,ENSMMUE00000322532,109322475,109322636,2,89,250,109322475,109322636,0,0,AAAGAAGACGTGAGGAGGAAACACATCCGTTTGCACATGGAAGGGGCGCTGACTGCCCGGGACAAGGTCGGGGTTCAGGATTTTGTGCTATTGGACGCATATACCAGCGAATCTGCCTTTGTCGACAACCTCCGCAAGCGTTTCAACGAGAACCTCATATAC,KEDVRRKHIRLHMEGALTARDKVGVQDFVLLDAYTSESAFVDNLRKRFNENLIY,False
65,macaca_mulatta,MYO1H-201,ENSMMUE00000393163,ENSMMUT00000057995,ENSMMUT00000057995,ensembl,ensembl,protein_coding,,1,ENSMMUG00000042728,ENSMMUP00000050215,1,ENSMMUE00000393163,109327185,109327300,3,251,366,109327185,109327300,0,2,ACATATATTGGCACCCTCCTTGTGTCCGTGAATCCATACCAGGAGCTCGGAATCTACACTGTGAGCCAGATGGAACTTTATCAAGGGGTCAATTTCTTTGAACTGCCACCACATGT,TYIGTLLVSVNPYQELGIYTVSQMELYQGVNFFELPPH,False
66,macaca_mulatta,MYO1H-201,ENSMMUE00000425344,ENSMMUT00000057995,ENSMMUT00000057995,ensembl,ensembl,protein_coding,,1,ENSMMUG00000042728,ENSMMUP00000050215,1,ENSMMUE00000425344,109330498,109330696,4,367,565,109330498,109330696,2,0,CTACGCTATAGCCGACAACGCTTACCGAATGATGTGCTCTGAACTAAATAACCATTTCATCCTCATTTCTGGAGAGAGTGGGGCAGGGAAAACAGAGGCCTCCAAGAAAATTCTCCAGTATTTTGCAGTGACCTGCCCAATGACCCAGTCACTACAAATAGCCCGTGACAGACTGCTGCTCTCCAACCCAGTGCTGGAG,VYAIADNAYRMMCSELNNHFILISGESGAGKTEASKKILQYFAVTCPMTQSLQIARDRLLLSNPVLE,False
67,macaca_mulatta,MYO1H-201,ENSMMUE00000368280,ENSMMUT00000057995,ENSMMUT00000057995,ensembl,ensembl,protein_coding,,1,ENSMMUG00000042728,ENSMMUP00000050215,1,ENSMMUE00000368280,109331827,109331907,5,566,646,109331827,109331907,0,0,GCTTTTGGAAATGCCAGAACGCTCCGGAATGACAACTCCAGCAGATTTGGGAAATACATGGATATACAATTTGATTTTCAG,AFGNARTLRNDNSSRFGKYMDIQFDFQ,False
68,macaca_mulatta,MYO1H-201,ENSMMUE00000352932,ENSMMUT00000057995,ENSMMUT00000057995,ensembl,ensembl,protein_coding,,1,ENSMMUG00000042728,ENSMMUP00000050215,1,ENSMMUE00000352932,109335213,109335392,6,647,826,109335213,109335392,0,0,GGCATCCCTGTAGGTGGGCATATCATCAGTTACTTGATAGAGAAGTCCCGAGTTGTCTACCAAAACCAAGGCGAGCGGAATTTCCACATCTTCTACCAGCTGCTGGCAGGTGGTGAGGAGGAGCGCCTGGCTTTCCTGGGACTGGAGCGAGACCCCCAGCTGTATAAATACCTCTCACAG,GIPVGGHIISYLIEKSRVVYQNQGERNFHIFYQLLAGGEEERLAFLGLERDPQLYKYLSQ,False
69,macaca_mulatta,MYO1H-201,ENSMMUE00000411576,ENSMMUT00000057995,ENSMMUT00000057995,ensembl,ensembl,protein_coding,,1,ENSMMUG00000042728,ENSMMUP00000050215,1,ENSMMUE00000411576,109338329,109338427,7,827,925,109338329,109338427,0,0,GGTCATTGTGCCAAAGAGTCATCCATTAATGATAAGAATGACTGGAAAACTGTTTCCAATGCCTTTTCTGTCATTGATTTTACTGAAGCTGACCTCGAG,GHCAKESSINDKNDWKTVSNAFSVIDFTEADLE,False
70,macaca_mulatta,MYO1H-201,ENSMMUE00000374405,ENSMMUT00000057995,ENSMMUT00000057995,ensembl,ensembl,protein_coding,,1,ENSMMUG00000042728,ENSMMUP00000050215,1,ENSMMUE00000374405,109340577,109340690,8,926,1039,109340577,109340690,0,0,AATCTCTTTGGAATTATTGCCAGTGTCTTACACCTGGGGAACATTGGTTTTGAAGAAGACGACCAAGGCTGTGCCACTATCCCAGACACCCACGAGATCAAGTGGATAGCCAAG,NLFGIIASVLHLGNIGFEEDDQGCATIPDTHEIKWIAK,False
71,macaca_mulatta,MYO1H-201,ENSMMUE00000366303,ENSMMUT00000057995,ENSMMUT00000057995,ensembl,ensembl,protein_coding,,1,ENSMMUG00000042728,ENSMMUP00000050215,1,ENSMMUE00000366303,109341419,109341490,9,1040,1111,109341419,109341490,0,0,CTCCTGGGAGTCCACCCAGCAGACCTTCTGGAAGCTCTCACCCACAGAAAAATTGAAGCCAAAACTGAGGAG,LLGVHPADLLEALTHRKIEAKTEE,False
72,macaca_mulatta,MYO1H-201,ENSMMUE00000399078,ENSMMUT00000057995,ENSMMUT00000057995,ensembl,ensembl,protein_coding,,1,ENSMMUG00000042728,ENSMMUP00000050215,1,ENSMMUE00000399078,109342728,109342847,10,1112,1231,109342728,109342847,0,0,GTGATCTGCCCATTGACACTAGAACTCTCTGTCTACGCTAGAGATGCAATGGCAAAAGCTGTTTATGGACGAACGTTTACTTGGCTGGTCAACAAAATCAATTCCTCCTTAGTTAACAAG,VICPLTLELSVYARDAMAKAVYGRTFTWLVNKINSSLVNK,False
73,macaca_mulatta,MYO1H-201,ENSMMUE00000390552,ENSMMUT00000057995,ENSMMUT00000057995,ensembl,ensembl,protein_coding,,1,ENSMMUG00000042728,ENSMMUP00000050215,1,ENSMMUE00000390552,109344783,109344850,11,1232,1299,109344783,109344850,0,2,GATTTCACCAGGAAAACTGTAATTGGATTACTGGACATCTACGGGTTTGAAGTCTTTGACAAGAATGG,DFTRKTVIGLLDIYGFEVFDKN,False
74,macaca_mulatta,MYO1H-201,ENSMMUE00000345105,ENSMMUT00000057995,ENSMMUT00000057995,ensembl,ensembl,protein_coding,,1,ENSMMUG00000042728,ENSMMUP00000050215,1,ENSMMUE00000345105,109345186,109345291,12,1300,1405,109345186,109345291,2,0,TTTTGAACAGTTCTGTATAAATTACTGCAATGAGAAACTCCAGCAACTGTTAATTGAGAGGACTCTAAAAGCAGAACAGGCAGAATATGAAATGGAAGGCATAGAG,GFEQFCINYCNEKLQQLLIERTLKAEQAEYEMEGIE,False
75,macaca_mulatta,MYO1H-201,ENSMMUE00000361901,ENSMMUT00000057995,ENSMMUT00000057995,ensembl,ensembl,protein_coding,,1,ENSMMUG00000042728,ENSMMUP00000050215,1,ENSMMUE00000361901,109345900,109345980,13,1406,1486,109345900,109345980,0,0,TGGGAGCCAATTAAATATTTCAACAACAAGATCATCTGTGATTTGGTAGAAGAGAGACATAAAGGAATCATATCCATTCTG,WEPIKYFNNKIICDLVEERHKGIISIL,False
76,macaca_mulatta,MYO1H-201,ENSMMUE00000407811,ENSMMUT00000057995,ENSMMUT00000057995,ensembl,ensembl,protein_coding,,1,ENSMMUG00000042728,ENSMMUP00000050215,1,ENSMMUE00000407811,109347099,109347190,14,1487,1578,109347099,109347190,0,2,GATGAAGAATGCATTCGGCCTGGTCCTGCTACAGACTTGAGTTTCCTGGAGAAATTGGAAGAGAAAGTGGGCAAACATGCACACTTCGAAAC,DEECIRPGPATDLSFLEKLEEKVGKHAHFE,False
77,macaca_mulatta,MYO1H-201,ENSMMUE00000391474,ENSMMUT00000057995,ENSMMUT00000057995,ensembl,ensembl,protein_coding,,1,ENSMMUG00000042728,ENSMMUP00000050215,1,ENSMMUE00000391474,109350123,109350217,15,1579,1673,109350123,109350217,2,1,CCGTAAGCTGGCTGGTCCAAAGGGCCGAAAGAGGATTGGCTGGATGGAGTTCCGCCTCCTCCACTATGCAGGAGAGGTCACATACTGCACTAAGG,TRKLAGPKGRKRIGWMEFRLLHYAGEVTYCTK,False
78,macaca_mulatta,MYO1H-201,ENSMMUE00000355836,ENSMMUT00000057995,ENSMMUT00000057995,ensembl,ensembl,protein_coding,,1,ENSMMUG00000042728,ENSMMUP00000050215,1,ENSMMUE00000355836,109354884,109354930,16,1674,1720,109354884,109354930,1,0,GATTCTTGGAAAAAAACAATGATCTTCTTTACAGACATCTGAAAGAA,GFLEKNNDLLYRHLKE,False
79,macaca_mulatta,MYO1H-201,ENSMMUE00000399787,ENSMMUT00000057995,ENSMMUT00000057995,ensembl,ensembl,protein_coding,,1,ENSMMUG00000042728,ENSMMUP00000050215,1,ENSMMUE00000399787,109357937,109358017,17,1721,1801,109357937,109358017,0,0,GTGCTGTGCAAGTCCAAGAATGTTATCCTGAGGGAATGCTTCCTGCGGGCTGAGTTAGAAAACCGGAGGAGGCCCCCAACA,VLCKSKNVILRECFLRAELENRRRPPT,False
80,macaca_mulatta,MYO1H-201,ENSMMUE00000417301,ENSMMUT00000057995,ENSMMUT00000057995,ensembl,ensembl,protein_coding,,1,ENSMMUG00000042728,ENSMMUP00000050215,1,ENSMMUE00000417301,109359106,109359211,18,1802,1907,109359106,109359211,0,1,GTTGGGACTCAGTTTAAAAACAGTCTGAGCAGCCTTCTAGAAATCCTCATCTCTAAGGAGCCCTCCTACATCCGTTGCATCAAGCCCAATGACAGGAAAGAACCCA,VGTQFKNSLSSLLEILISKEPSYIRCIKPNDRKEP,False
81,macaca_mulatta,MYO1H-201,ENSMMUE00000339892,ENSMMUT00000057995,ENSMMUT00000057995,ensembl,ensembl,protein_coding,,1,ENSMMUG00000042728,ENSMMUP00000050215,1,ENSMMUE00000339892,109360646,109360763,19,1908,2025,109360646,109360763,1,2,GCAAATTTGATGACTTCCTCATAAGGCATCAGATCAAATACCTGGGGCTGATGGAGCACCTGCGGGTGAGACGGGCTGGTTTTGCATACCGGAGGAAATACGAGCATTTCTTGCAAAG,SKFDDFLIRHQIKYLGLMEHLRVRRAGFAYRRKYEHFLQ,False
82,macaca_mulatta,MYO1H-201,ENSMMUE00000421834,ENSMMUT00000057995,ENSMMUT00000057995,ensembl,ensembl,protein_coding,,1,ENSMMUG00000042728,ENSMMUP00000050215,1,ENSMMUE00000421834,109365526,109365639,20,2026,2139,109365526,109365639,2,2,GTACAAGTCCTTATGCCCAGACACCTGGCCGCACTGGCATGGGCCTCCAGCAGAGGGCGTGGAACGGCTGATCAACTACATGGGCTACAAACCTGAGGAATACAAGTTAGGCAA,RYKSLCPDTWPHWHGPPAEGVERLINYMGYKPEEYKLG,False
83,macaca_mulatta,MYO1H-201,ENSMMUE00000379086,ENSMMUT00000057995,ENSMMUT00000057995,ensembl,ensembl,protein_coding,,1,ENSMMUG00000042728,ENSMMUP00000050215,1,ENSMMUE00000379086,109367680,109367756,21,2140,2216,109367680,109367756,2,1,AACCAAAATATTCATTCGTTTCCCCAGAACTCTGTTTGCTACCGAAGATGCCTTGGAATTTTGTAAACATCAACTAG,KTKIFIRFPRTLFATEDALEFCKHQL,False
84,macaca_mulatta,MYO1H-201,ENSMMUE00000332596,ENSMMUT00000057995,ENSMMUT00000057995,ensembl,ensembl,protein_coding,,1,ENSMMUG00000042728,ENSMMUP00000050215,1,ENSMMUE00000332596,109369130,109369198,22,2217,2285,109369130,109369198,1,1,TTGCAAGAATCCAAGCCACATACAAAAGCTGCCTAGGAAGGAGAGAATATGTGAAAAAAAGACAAGCAG,VARIQATYKSCLGRREYVKKRQA,False
85,macaca_mulatta,MYO1H-201,ENSMMUE00000400430,ENSMMUT00000057995,ENSMMUT00000057995,ensembl,ensembl,protein_coding,,1,ENSMMUG00000042728,ENSMMUP00000050215,1,ENSMMUE00000400430,109371190,109371274,23,2286,2370,109371190,109371274,1,2,CCATCAAACTGGAAGCCCACTGGCGTGGGGCTCTGGCTCGGAAGGCAATCCAAAGGAGAAAGTGGGCCGTGCGGATTATCAGAAA,AIKLEAHWRGALARKAIQRRKWAVRIIR,False
86,macaca_mulatta,MYO1H-201,ENSMMUE00000403067,ENSMMUT00000057995,ENSMMUT00000057995,ensembl,ensembl,protein_coding,,1,ENSMMUG00000042728,ENSMMUP00000050215,1,ENSMMUE00000403067,109372308,109372467,24,2371,2530,109372308,109372467,2,0,GTTCATCAAGGGATTCATCAGTCGCAACAAACCCCTCTGTCCTGACAATGAGGAATTTATCGTGTTTGTGCGGAAGAATTACATCTTGAATCTCCGGTATCACCTTCCAAAGACTGTCCTGGACAAGAGCTGGCTGAGACCTCCTGGCATCTTGGAAAAT,KFIKGFISRNKPLCPDNEEFIVFVRKNYILNLRYHLPKTVLDKSWLRPPGILEN,False
87,macaca_mulatta,MYO1H-201,ENSMMUE00000296301,ENSMMUT00000057995,ENSMMUT00000057995,ensembl,ensembl,protein_coding,,1,ENSMMUG00000042728,ENSMMUP00000050215,1,ENSMMUE00000296301,109373392,109373475,25,2531,2614,109373392,109373475,0,0,GCATCAGATCTGCTCAGGAAAATGTGCGTGAGGAACCTGGTGCAGAAGTACTGCCGGGGGATCACAGCTGAGCGGAAAGCAATG,ASDLLRKMCVRNLVQKYCRGITAERKAM,False
88,macaca_mulatta,MYO1H-201,ENSMMUE00000296300,ENSMMUT00000057995,ENSMMUT00000057995,ensembl,ensembl,protein_coding,,1,ENSMMUG00000042728,ENSMMUP00000050215,1,ENSMMUE00000296300,109374249,109374342,26,2615,2708,109374249,109374342,0,1,ATGCAGCAAAAGGTAGTTACAAGTGAAATCTTCAGGGGAAGGAAAGACGGCTACACAGAAAGTTTAAATCAACCCTTTGCCAACAGTCGGATAA,MQQKVVTSEIFRGRKDGYTESLNQPFANSRI,False
89,macaca_mulatta,MYO1H-201,ENSMMUE00000296299,ENSMMUT00000057995,ENSMMUT00000057995,ensembl,ensembl,protein_coding,,1,ENSMMUG00000042728,ENSMMUP00000050215,1,ENSMMUE00000296299,109374860,109374915,27,2709,2764,109374860,109374915,1,0,ATGAAGGAGACATTAATCCCAAAGTGCTTCAGCTAATTAGCCATGAGAAGATCCAG,NEGDINPKVLQLISHEKIQ,False
90,macaca_mulatta,MYO1H-201,ENSMMUE00000296298,ENSMMUT00000057995,ENSMMUT00000057995,ensembl,ensembl,protein_coding,,1,ENSMMUG00000042728,ENSMMUP00000050215,1,ENSMMUE00000296298,109375820,109375955,28,2765,2900,109375820,109375955,0,1,TATGGTGTCCCAGTCATTAAATATGACAGAAAAGGCTTCAAAGCACGGCAGCGGCAACTCATTCTTACTCAGAAAGCAGCTTACGTGGTGGAACTTGCCAAAATCAAGCAGAAAATAGAGTACTCAGCTCTCAAAG,YGVPVIKYDRKGFKARQRQLILTQKAAYVVELAKIKQKIEYSALK,False
91,macaca_mulatta,MYO1H-201,ENSMMUE00000358449,ENSMMUT00000057995,ENSMMUT00000057995,ensembl,ensembl,protein_coding,,1,ENSMMUG00000042728,ENSMMUP00000050215,1,ENSMMUE00000358449,109376525,109376592,29,2901,2968,109376525,109376592,1,0,GTGTCTCCACCAGCAATCTGAGAGACGGAATCTTAGTCATTCATGTTTCACCAGAGGACAAGCAAAAG,GVSTSNLRDGILVIHVSPEDKQK,False
92,macaca_mulatta,MYO1H-201,ENSMMUE00000336572,ENSMMUT00000057995,ENSMMUT00000057995,ensembl,ensembl,protein_coding,,1,ENSMMUG00000042728,ENSMMUP00000050215,1,ENSMMUE00000336572,109376741,109376838,30,2969,3066,109376741,109376838,0,2,GGGGATGCCGTTTTGCAGTGTGGACACATGTTTGAAGCAGTTACTAAACTCGTCATGCTGGTTAAGAAGGAGAACATTGTCAATGTTGTTCAAGGAAG,GDAVLQCGHMFEAVTKLVMLVKKENIVNVVQG,False
93,macaca_mulatta,MYO1H-201,ENSMMUE00000323385,ENSMMUT00000057995,ENSMMUT00000057995,ensembl,ensembl,protein_coding,,1,ENSMMUG00000042728,ENSMMUP00000050215,1,ENSMMUE00000323385,109378167,109378266,31,3067,3166,109378167,109378266,2,0,TTTACAGTTTTTTATTAGTCCGGGAAAAGAAGGCACAATAGTTTTCGACACTGGACCGGAAGAACAAATCTATAAAAATAAAAATGGACAATTAACAGTG,SLQFFISPGKEGTIVFDTGPEEQIYKNKNGQLTV,False
94,macaca_mulatta,MYO1H-201,ENSMMUE00000347762,ENSMMUT00000057995,ENSMMUT00000057995,ensembl,ensembl,protein_coding,,1,ENSMMUG00000042728,ENSMMUP00000050215,1,ENSMMUE00000347762,109379801,109380256,32,3167,3190,109379801,109379824,0,-1,GTGTCGGTCAGGAGGAAGTCCTGATAGAGGATGACATCTGACCTCTACCACCGCCATTTTTGCTCCAACTGAGGAAATTACAGGGGAAGCAGGGATTGGATCCAGTTGGCTACCTCTTCAAGGAACCAGGCCCGCAGCACTAACGGATCACATCTGAAGAAACTGAGGGGCGTTAGTTAGGCCAAAGCCTAACCCCAGCTTCTCAGCTGCCTCGTGGCACCTTATTAAATTGTCACCTTCTGGACACAGACCCCAGGTCACCCAAAGGCATGATTCTAAACACCCTCGACAGGACCTATGTTAATGGGCACTCCAACGTGTCATTAGAGGGTGGGCAAGATTCTCTACCTCTGTCAGCTGCCCCGAGACATGATGCAATACTGTGTACAGTAAGTTCTCAAATAACACTTCATTATGTTGATAAGACATCTGATTCCTGGGCAAGGCCACTGTCTG,VSVRRKS*,False
95,mus_musculus,Myo1h-206,ENSMUSE00001361024,ENSMUST00000196467,ENSMUST00000196467,havana,havana,protein_coding,1,4,ENSMUSG00000066952,ENSMUSP00000144133,1,ENSMUSE00001361024,114358891,114358974,3,333,395,114358912,114358974,-1,0,GCTTCCAATCTGCTGAGGAGGATGTGCACCAGGAACCTTGTTCGGAAGTACTGCCGTGGAATCTCAGCCGAGAGGAAAGCCATG,MCTRNLVRKYCRGISAERKAM,False
96,mus_musculus,Myo1h-206,ENSMUSE00001287626,ENSMUST00000196467,ENSMUST00000196467,havana,havana,protein_coding,1,4,ENSMUSG00000066952,ENSMUSP00000144133,1,ENSMUSE00001287626,114359511,114359604,4,396,489,114359511,114359604,0,1,ATGCAGCAAAAGGTGGTCACGAGCGAGATATTCCGGGGGAAGAAGGAAGGCTATGCAGAGAGCTTGAACCAACTGTTTGCAGGCAGCCGACTGG,MQQKVVTSEIFRGKKEGYAESLNQLFAGSRL,False
97,mus_musculus,Myo1h-206,ENSMUSE00001229915,ENSMUST00000196467,ENSMUST00000196467,havana,havana,protein_coding,1,4,ENSMUSG00000066952,ENSMUSP00000144133,1,ENSMUSE00001229915,114359744,114359799,5,490,545,114359744,114359799,1,0,ATGAAAGCAACATAAATCCCAAAGTGCTCCAACTGCTTGGCAGTGAGAAAATCCAG,DESNINPKVLQLLGSEKIQ,False
98,mus_musculus,Myo1h-206,ENSMUSE00001348168,ENSMUST00000196467,ENSMUST00000196467,havana,havana,protein_coding,1,4,ENSMUSG00000066952,ENSMUSP00000144133,1,ENSMUSE00001348168,114360557,114360620,6,546,609,114360557,114360620,0,1,AGGTCAGCATACCTGGTGGAGCTTTCCAAAGTCAAGCAGAAGATAGAGTATGCAGCCGTGAGAG,RSAYLVELSKVKQKIEYAAVR,False
99,mus_musculus,Myo1h-206,ENSMUSE00000736471,ENSMUST00000196467,ENSMUST00000196467,havana,havana,protein_coding,1,4,ENSMUSG00000066952,ENSMUSP00000144133,1,ENSMUSE00000736471,114361043,114361113,7,610,680,114361043,114361113,1,0,GCGTCTCCACCAGCAGCCTCAGCGATGGAATCTTGGTCATTCACATCTCACCAGCGGACAAACAGCAAAAG,GVSTSSLSDGILVIHISPADKQQK,False
100,mus_musculus,Myo1h-206,ENSMUSE00000823409,ENSMUST00000196467,ENSMUST00000196467,havana,havana,protein_coding,1,4,ENSMUSG00000066952,ENSMUSP00000144133,1,ENSMUSE00000823409,114361227,114361324,8,681,778,114361227,114361324,0,2,GGGGACGTCATCCTGCAGTGTGAACACATATTTGAGGTGGCCACTAAGCTCGCCATGCTCATAAGGAAGGAGCACACCGTCCGTGTTGTCCAGGGAAG,GDVILQCEHIFEVATKLAMLIRKEHTVRVVQG,False
101,mus_musculus,Myo1h-206,ENSMUSE00001356857,ENSMUST00000196467,ENSMUST00000196467,havana,havana,protein_coding,1,4,ENSMUSG00000066952,ENSMUSP00000144133,1,ENSMUSE00001356857,114362109,114362208,9,779,878,114362109,114362208,2,0,TTTACAGTTCTACGTCAGTCCTGGGAGAGAAGGCACGATAGTTTTTGAGACTGGAGAGGAAGACCAAGTCTATAAAGATAAAAACGGACAGTTAAGAGTG,SLQFYVSPGREGTIVFETGEEDQVYKDKNGQLRV,False
102,mus_musculus,Myo1h-206,ENSMUSE00001360595,ENSMUST00000196467,ENSMUST00000196467,havana,havana,protein_coding,1,4,ENSMUSG00000066952,ENSMUSP00000144133,1,ENSMUSE00001360595,114362991,114363320,10,879,902,114362991,114363014,0,-1,GTGTCGGCAGGGAAGAAAACCTGACAAAGGATGACCCCGCCCTCCTCGGTCACTATTTCTCCTCCAGCTGAGGTGAGCACCAAACAAGCATGGACCCCTCCAGTTATCCACGCTCAAGGCCAATGCGGCAGCTCCTGGAGAACAGCCGCATCAAGGAGCCCATGCTACGGCAGAGCCAGGTTTCAGGTGGCGCTGTATCTAGTCGCTTCCTGAGAGCCAACCTAGAGTCTTCCCCTGTCCCTGGTGGAACCCAATTTAGGCGCACACCAAGAAGTCACTGTAGGGTGGGCGGCAGACTCTGTACCTCTGGCAAGCTGCTGAGACCCAGGA,VSAGKKT*,False
103,mus_musculus,Myo1h-209,ENSMUSE00001361024,ENSMUST00000199567,ENSMUST00000199567,havana,havana,protein_coding,1,4,ENSMUSG00000066952,ENSMUSP00000144492,1,ENSMUSE00001361024,114358891,114358974,3,333,395,114358912,114358974,-1,0,GCTTCCAATCTGCTGAGGAGGATGTGCACCAGGAACCTTGTTCGGAAGTACTGCCGTGGAATCTCAGCCGAGAGGAAAGCCATG,MCTRNLVRKYCRGISAERKAM,False
104,mus_musculus,Myo1h-209,ENSMUSE00001287626,ENSMUST00000199567,ENSMUST00000199567,havana,havana,protein_coding,1,4,ENSMUSG00000066952,ENSMUSP00000144492,1,ENSMUSE00001287626,114359511,114359604,4,396,489,114359511,114359604,0,1,ATGCAGCAAAAGGTGGTCACGAGCGAGATATTCCGGGGGAAGAAGGAAGGCTATGCAGAGAGCTTGAACCAACTGTTTGCAGGCAGCCGACTGG,MQQKVVTSEIFRGKKEGYAESLNQLFAGSRL,False
105,mus_musculus,Myo1h-209,ENSMUSE00001229915,ENSMUST00000199567,ENSMUST00000199567,havana,havana,protein_coding,1,4,ENSMUSG00000066952,ENSMUSP00000144492,1,ENSMUSE00001229915,114359744,114359799,5,490,545,114359744,114359799,1,0,ATGAAAGCAACATAAATCCCAAAGTGCTCCAACTGCTTGGCAGTGAGAAAATCCAG,DESNINPKVLQLLGSEKIQ,False
106,mus_musculus,Myo1h-209,ENSMUSE00001206949,ENSMUST00000199567,ENSMUST00000199567,havana,havana,protein_coding,1,4,ENSMUSG00000066952,ENSMUSP00000144492,1,ENSMUSE00001206949,114360485,114360620,6,546,681,114360485,114360620,0,1,TATGGCGTCCCGGTCATCAAGTATGACAGGAAGGGCTTCAAGGCACGGCAGCGGCAACTCCTCCTCACACAGAGGTCAGCATACCTGGTGGAGCTTTCCAAAGTCAAGCAGAAGATAGAGTATGCAGCCGTGAGAG,YGVPVIKYDRKGFKARQRQLLLTQRSAYLVELSKVKQKIEYAAVR,False
107,mus_musculus,Myo1h-209,ENSMUSE00000736471,ENSMUST00000199567,ENSMUST00000199567,havana,havana,protein_coding,1,4,ENSMUSG00000066952,ENSMUSP00000144492,1,ENSMUSE00000736471,114361043,114361113,7,682,752,114361043,114361113,1,0,GCGTCTCCACCAGCAGCCTCAGCGATGGAATCTTGGTCATTCACATCTCACCAGCGGACAAACAGCAAAAG,GVSTSSLSDGILVIHISPADKQQK,False
108,mus_musculus,Myo1h-209,ENSMUSE00001357510,ENSMUST00000199567,ENSMUST00000199567,havana,havana,protein_coding,1,4,ENSMUSG00000066952,ENSMUSP00000144492,1,ENSMUSE00001357510,114361200,114361324,8,753,877,114361200,114361324,0,2,CTCGCTGCCACCCCTCCCTCTCCACAGGGGGACGTCATCCTGCAGTGTGAACACATATTTGAGGTGGCCACTAAGCTCGCCATGCTCATAAGGAAGGAGCACACCGTCCGTGTTGTCCAGGGAAG,LAATPPSPQGDVILQCEHIFEVATKLAMLIRKEHTVRVVQG,False
109,mus_musculus,Myo1h-209,ENSMUSE00001356857,ENSMUST00000199567,ENSMUST00000199567,havana,havana,protein_coding,1,4,ENSMUSG00000066952,ENSMUSP00000144492,1,ENSMUSE00001356857,114362109,114362208,9,878,977,114362109,114362208,2,0,TTTACAGTTCTACGTCAGTCCTGGGAGAGAAGGCACGATAGTTTTTGAGACTGGAGAGGAAGACCAAGTCTATAAAGATAAAAACGGACAGTTAAGAGTG,SLQFYVSPGREGTIVFETGEEDQVYKDKNGQLRV,False
110,mus_musculus,Myo1h-209,ENSMUSE00001360595,ENSMUST00000199567,ENSMUST00000199567,havana,havana,protein_coding,1,4,ENSMUSG00000066952,ENSMUSP00000144492,1,ENSMUSE00001360595,114362991,114363320,10,978,1001,114362991,114363014,0,-1,GTGTCGGCAGGGAAGAAAACCTGACAAAGGATGACCCCGCCCTCCTCGGTCACTATTTCTCCTCCAGCTGAGGTGAGCACCAAACAAGCATGGACCCCTCCAGTTATCCACGCTCAAGGCCAATGCGGCAGCTCCTGGAGAACAGCCGCATCAAGGAGCCCATGCTACGGCAGAGCCAGGTTTCAGGTGGCGCTGTATCTAGTCGCTTCCTGAGAGCCAACCTAGAGTCTTCCCCTGTCCCTGGTGGAACCCAATTTAGGCGCACACCAAGAAGTCACTGTAGGGTGGGCGGCAGACTCTGTACCTCTGGCAAGCTGCTGAGACCCAGGA,VSAGKKT*,False
111,mus_musculus,Myo1h-207,ENSMUSE00001361024,ENSMUST00000196676,ENSMUST00000196676,havana,havana,protein_coding,1,4,ENSMUSG00000066952,ENSMUSP00000144682,1,ENSMUSE00001361024,114358891,114358974,3,309,371,114358912,114358974,-1,0,GCTTCCAATCTGCTGAGGAGGATGTGCACCAGGAACCTTGTTCGGAAGTACTGCCGTGGAATCTCAGCCGAGAGGAAAGCCATG,MCTRNLVRKYCRGISAERKAM,False
112,mus_musculus,Myo1h-207,ENSMUSE00001287626,ENSMUST00000196676,ENSMUST00000196676,havana,havana,protein_coding,1,4,ENSMUSG00000066952,ENSMUSP00000144682,1,ENSMUSE00001287626,114359511,114359604,4,372,465,114359511,114359604,0,1,ATGCAGCAAAAGGTGGTCACGAGCGAGATATTCCGGGGGAAGAAGGAAGGCTATGCAGAGAGCTTGAACCAACTGTTTGCAGGCAGCCGACTGG,MQQKVVTSEIFRGKKEGYAESLNQLFAGSRL,False
113,mus_musculus,Myo1h-207,ENSMUSE00001229915,ENSMUST00000196676,ENSMUST00000196676,havana,havana,protein_coding,1,4,ENSMUSG00000066952,ENSMUSP00000144682,1,ENSMUSE00001229915,114359744,114359799,5,466,521,114359744,114359799,1,0,ATGAAAGCAACATAAATCCCAAAGTGCTCCAACTGCTTGGCAGTGAGAAAATCCAG,DESNINPKVLQLLGSEKIQ,False
114,mus_musculus,Myo1h-207,ENSMUSE00001206949,ENSMUST00000196676,ENSMUST00000196676,havana,havana,protein_coding,1,4,ENSMUSG00000066952,ENSMUSP00000144682,1,ENSMUSE00001206949,114360485,114360620,6,522,657,114360485,114360620,0,1,TATGGCGTCCCGGTCATCAAGTATGACAGGAAGGGCTTCAAGGCACGGCAGCGGCAACTCCTCCTCACACAGAGGTCAGCATACCTGGTGGAGCTTTCCAAAGTCAAGCAGAAGATAGAGTATGCAGCCGTGAGAG,YGVPVIKYDRKGFKARQRQLLLTQRSAYLVELSKVKQKIEYAAVR,False
115,mus_musculus,Myo1h-207,ENSMUSE00000736471,ENSMUST00000196676,ENSMUST00000196676,havana,havana,protein_coding,1,4,ENSMUSG00000066952,ENSMUSP00000144682,1,ENSMUSE00000736471,114361043,114361113,7,658,728,114361043,114361113,1,0,GCGTCTCCACCAGCAGCCTCAGCGATGGAATCTTGGTCATTCACATCTCACCAGCGGACAAACAGCAAAAG,GVSTSSLSDGILVIHISPADKQQK,False
116,mus_musculus,Myo1h-207,ENSMUSE00000823409,ENSMUST00000196676,ENSMUST00000196676,havana,havana,protein_coding,1,4,ENSMUSG00000066952,ENSMUSP00000144682,1,ENSMUSE00000823409,114361227,114361324,8,729,826,114361227,114361324,0,2,GGGGACGTCATCCTGCAGTGTGAACACATATTTGAGGTGGCCACTAAGCTCGCCATGCTCATAAGGAAGGAGCACACCGTCCGTGTTGTCCAGGGAAG,GDVILQCEHIFEVATKLAMLIRKEHTVRVVQG,False
117,mus_musculus,Myo1h-207,ENSMUSE00001356857,ENSMUST00000196676,ENSMUST00000196676,havana,havana,protein_coding,1,4,ENSMUSG00000066952,ENSMUSP00000144682,1,ENSMUSE00001356857,114362109,114362208,9,827,926,114362109,114362208,2,0,TTTACAGTTCTACGTCAGTCCTGGGAGAGAAGGCACGATAGTTTTTGAGACTGGAGAGGAAGACCAAGTCTATAAAGATAAAAACGGACAGTTAAGAGTG,SLQFYVSPGREGTIVFETGEEDQVYKDKNGQLRV,False
118,mus_musculus,Myo1h-207,ENSMUSE00001360595,ENSMUST00000196676,ENSMUST00000196676,havana,havana,protein_coding,1,4,ENSMUSG00000066952,ENSMUSP00000144682,1,ENSMUSE00001360595,114362991,114363320,10,927,950,114362991,114363014,0,-1,GTGTCGGCAGGGAAGAAAACCTGACAAAGGATGACCCCGCCCTCCTCGGTCACTATTTCTCCTCCAGCTGAGGTGAGCACCAAACAAGCATGGACCCCTCCAGTTATCCACGCTCAAGGCCAATGCGGCAGCTCCTGGAGAACAGCCGCATCAAGGAGCCCATGCTACGGCAGAGCCAGGTTTCAGGTGGCGCTGTATCTAGTCGCTTCCTGAGAGCCAACCTAGAGTCTTCCCCTGTCCCTGGTGGAACCCAATTTAGGCGCACACCAAGAAGTCACTGTAGGGTGGGCGGCAGACTCTGTACCTCTGGCAAGCTGCTGAGACCCAGGA,VSAGKKT*,False
119,rattus_norvegicus,AABR07036550.1-201,ENSRNOE00000543348,ENSRNOT00000071335,ENSRNOT00000071335,ensembl,ensembl,protein_coding,,3,ENSRNOG00000047191,ENSRNOP00000065619,-1,ENSRNOE00000543348,48048427,48048540,1,1,114,48048427,48048540,0,0,AACCTCTTTGGGATCATCGCTAGTGTCCTACACCTGGGCAACATCTGTTTCAAGGGGGACAAACAAGGCTGTGCTAGCATCCCGGACACCCACGAAATCAAGTGGATCGCCAAG,NLFGIIASVLHLGNICFKGDKQGCASIPDTHEIKWIAK,False
120,rattus_norvegicus,AABR07036550.1-201,ENSRNOE00000533829,ENSRNOT00000071335,ENSRNOT00000071335,ensembl,ensembl,protein_coding,,3,ENSRNOG00000047191,ENSRNOP00000065619,-1,ENSRNOE00000533829,48047980,48048051,2,115,186,48047980,48048051,0,0,CTCCTGGGAGTCTGCCCAGCTGTTCTTCTGGAAGCGCTCACTCACAGAAAGATCGAAGCCAAAACAGAGGAG,LLGVCPAVLLEALTHRKIEAKTEE,False
121,rattus_norvegicus,AABR07036550.1-201,ENSRNOE00000562329,ENSRNOT00000071335,ENSRNOT00000071335,ensembl,ensembl,protein_coding,,3,ENSRNOG00000047191,ENSRNOP00000065619,-1,ENSRNOE00000562329,48047062,48047181,3,187,306,48047062,48047181,0,0,GTGATATGCCCGTTGACAGTAGAACTCTCTGTTTACGCCAGAGACGCCATGGCAAAGGCAGTTTATGGGCGGACATTTACCTGGCTGGTCAATAAAATCAATTCTTCCTTAGTTAACAAG,VICPLTVELSVYARDAMAKAVYGRTFTWLVNKINSSLVNK,False
122,rattus_norvegicus,AABR07036550.1-201,ENSRNOE00000528176,ENSRNOT00000071335,ENSRNOT00000071335,ensembl,ensembl,protein_coding,,3,ENSRNOG00000047191,ENSRNOP00000065619,-1,ENSRNOE00000528176,48044888,48044955,4,307,374,48044888,48044955,0,2,GATTTCACCCAAAAGACTGTGATTGGGTTGTTGGACATCTACGGCTTTGAAGTTTTCGACAAGAATGG,DFTQKTVIGLLDIYGFEVFDKNG,False
123,rattus_norvegicus,AABR07036550.1-201,ENSRNOE00000541808,ENSRNOT00000071335,ENSRNOT00000071335,ensembl,ensembl,protein_coding,,3,ENSRNOG00000047191,ENSRNOP00000065619,-1,ENSRNOE00000541808,48043615,48043642,5,375,402,48043615,48043642,2,0,TTTGACACAGTCTATCAATTACTGCAAT,LTQSINYCN,False
124,rattus_norvegicus,AABR07036550.1-201,ENSRNOE00000544526,ENSRNOT00000071335,ENSRNOT00000071335,ensembl,ensembl,protein_coding,,3,ENSRNOG00000047191,ENSRNOP00000065619,-1,ENSRNOE00000544526,48043561,48043609,6,403,451,48043561,48043609,0,1,AAACTACAGCAGCTGCTGATAGAGAGGACGCTGAAGGCGGAGCAGCCGA,KLQQLLIERTLKAEQPK,False
125,rattus_norvegicus,AABR07036550.1-201,ENSRNOE00000556075,ENSRNOT00000071335,ENSRNOT00000071335,ensembl,ensembl,protein_coding,,3,ENSRNOG00000047191,ENSRNOP00000065619,-1,ENSRNOE00000556075,48042870,48042888,7,452,470,48042870,48042888,1,2,AATATGAATCTGAGAAGAA,YESEKK,False
126,rattus_norvegicus,AABR07036550.1-201,ENSRNOE00000557484,ENSRNOT00000071335,ENSRNOT00000071335,ensembl,ensembl,protein_coding,,3,ENSRNOG00000047191,ENSRNOP00000065619,-1,ENSRNOE00000557484,48041553,48041582,8,471,500,48041553,48041582,2,2,GGATGGCTCACCCGTGAAAGTGTTTAATGT,DGSPVKVFNV,False
127,rattus_norvegicus,AABR07036550.1-201,ENSRNOE00000575060,ENSRNOT00000071335,ENSRNOT00000071335,ensembl,ensembl,protein_coding,,3,ENSRNOG00000047191,ENSRNOP00000065619,-1,ENSRNOE00000575060,48041234,48041277,9,501,544,48041234,48041277,2,1,ACGACTCAGCATCTCTTTGATTGACTGCTCTTGCAGAGGACCTG,RLSISLIDCSCRGPA,False
128,rattus_norvegicus,AABR07036550.1-201,ENSRNOE00000563659,ENSRNOT00000071335,ENSRNOT00000071335,ensembl,ensembl,protein_coding,,3,ENSRNOG00000047191,ENSRNOP00000065619,-1,ENSRNOE00000563659,48040172,48040226,10,545,599,48040172,48040226,1,2,CAAATCTTTTACTAAAAGACTGCTTTTGTCCTGCCTGTCCTGCACAGGACCTCAG,NLLLKDCFCPACPAQDLS,False
129,rattus_norvegicus,AABR07036550.1-201,ENSRNOE00000531511,ENSRNOT00000071335,ENSRNOT00000071335,ensembl,ensembl,protein_coding,,3,ENSRNOG00000047191,ENSRNOP00000065619,-1,ENSRNOE00000531511,48038975,48039038,11,600,663,48038975,48039038,2,0,TTTAATTGAGAGGTATCGTGAGAATTCTGGAATTTTTGGCTTCTTTAAAAAACACAGAAATATT,LIERYRENSGIFGFFKKHRNI,False
130,rattus_norvegicus,AABR07036550.1-201,ENSRNOE00000574298,ENSRNOT00000071335,ENSRNOT00000071335,ensembl,ensembl,protein_coding,,3,ENSRNOG00000047191,ENSRNOP00000065619,-1,ENSRNOE00000574298,48035684,48035740,12,664,720,48035684,48035740,0,0,GCACCAAGTCACGGTAAGCTCCTGGGTTTTCTGGAACTTTCACTTGTCCATGGATTT,APSHGKLLGFLELSLVHGF,False
131,rattus_norvegicus,AABR07036550.1-201,ENSRNOE00000527897,ENSRNOT00000071335,ENSRNOT00000071335,ensembl,ensembl,protein_coding,,3,ENSRNOG00000047191,ENSRNOP00000065619,-1,ENSRNOE00000527897,48028936,48029007,13,721,792,48028936,48029007,0,0,ACTTTTTTTTTTTTAATAAAAACAGGATTCTTGGAGAAAAACAATGACCTGCTTTACAGACACCTGAAGGAG,TFFFLIKTGFLEKNNDLLYRHLKE,False
132,rattus_norvegicus,AABR07036550.1-201,ENSRNOE00000563668,ENSRNOT00000071335,ENSRNOT00000071335,ensembl,ensembl,protein_coding,,3,ENSRNOG00000047191,ENSRNOP00000065619,-1,ENSRNOE00000563668,48026999,48027079,14,793,873,48026999,48027079,0,0,GTGCTGTGCAGCTCCAAGAATAGCATCTTGAGGGAGTGTTTCCTGGTGGCGGAGCTTGAAAACCGGAAGCGACCACCCACG,VLCSSKNSILRECFLVAELENRKRPPT,False
133,rattus_norvegicus,AABR07036550.1-201,ENSRNOE00000540669,ENSRNOT00000071335,ENSRNOT00000071335,ensembl,ensembl,protein_coding,,3,ENSRNOG00000047191,ENSRNOP00000065619,-1,ENSRNOE00000540669,48025963,48026068,15,874,979,48025963,48026068,0,1,GTTGGGACTCAGTTTAAGAACAGCCTGAGCAGCCTCCTGGAAATTCTCATCTCCAAGGAGCCTTCCTACATCCGCTGCATCAAGCCCAATGAAAGGAAGGAACCCA,VGTQFKNSLSSLLEILISKEPSYIRCIKPNERKEPS,False
134,rattus_norvegicus,AABR07036550.1-201,ENSRNOE00000564100,ENSRNOT00000071335,ENSRNOT00000071335,ensembl,ensembl,protein_coding,,3,ENSRNOG00000047191,ENSRNOP00000065619,-1,ENSRNOE00000564100,48024732,48024849,16,980,1097,48024732,48024849,1,2,GCAAGTTTGACGACTTCCTCATTAGCCACCAGATCAAGTACCTGGGGCTCATGGAGCACCTGCGTGTGCGGCGGGCAGGCTTCGCCTACAGGCGCAAGTATGAGCATTTCCTGCAAAG,KFDDFLISHQIKYLGLMEHLRVRRAGFAYRRKYEHFLQR,False
135,rattus_norvegicus,AABR07036550.1-201,ENSRNOE00000558472,ENSRNOT00000071335,ENSRNOT00000071335,ensembl,ensembl,protein_coding,,3,ENSRNOG00000047191,ENSRNOP00000065619,-1,ENSRNOE00000558472,48021384,48021497,17,1098,1211,48021384,48021497,2,2,GTACAAGTCATTGTGCCCAGACACCTGGCCGCACTGGCATGGACCGCCAGGAGAGGGCGTTGAGCGGCTGATCAAGTATATCGGTTACCAACCTCAGGACTACAAGTTAGGAAA,YKSLCPDTWPHWHGPPGEGVERLIKYIGYQPQDYKLGK,False
136,rattus_norvegicus,AABR07036550.1-201,ENSRNOE00000524260,ENSRNOT00000071335,ENSRNOT00000071335,ensembl,ensembl,protein_coding,,3,ENSRNOG00000047191,ENSRNOP00000065619,-1,ENSRNOE00000524260,48019917,48019993,18,1212,1288,48019917,48019993,2,1,AACCAAAATATTCATTCGCTTCCCGAGAACCCTGTTTGCTACTGAAGATGCCTTTGAATTCAGTAAACATCAACTAG,TKIFIRFPRTLFATEDAFEFSKHQLV,False
137,rattus_norvegicus,AABR07036550.1-201,ENSRNOE00000540465,ENSRNOT00000071335,ENSRNOT00000071335,ensembl,ensembl,protein_coding,,3,ENSRNOG00000047191,ENSRNOP00000065619,-1,ENSRNOE00000540465,48018575,48018643,19,1289,1357,48018575,48018643,1,1,TGTCGAGAATCCAGGCCACATACAAAGGCTGCCTAGGAAGACGGGAATACGTGAGGAAGAGACAAGCAG,SRIQATYKGCLGRREYVRKRQAA,False
138,rattus_norvegicus,AABR07036550.1-201,ENSRNOE00000527595,ENSRNOT00000071335,ENSRNOT00000071335,ensembl,ensembl,protein_coding,,3,ENSRNOG00000047191,ENSRNOP00000065619,-1,ENSRNOE00000527595,48016982,48017066,20,1358,1442,48016982,48017066,1,2,CCACCAAGTTAGAAGCCCACTGGCGTGGAGTCCTGGCTCGGAAGGAGATCAAGAGGAGGAAGTGGGCGGTGCAGATTATACGGAG,TKLEAHWRGVLARKEIKRRKWAVQIIRR,False
139,rattus_norvegicus,AABR07036550.1-201,ENSRNOE00000558188,ENSRNOT00000071335,ENSRNOT00000071335,ensembl,ensembl,protein_coding,,3,ENSRNOG00000047191,ENSRNOP00000065619,-1,ENSRNOE00000558188,48015931,48016090,21,1443,1602,48015931,48016090,2,0,GTTCATCAAGGGTTTCATCAACCGTGACAAACCCCTTTGCCCTGACAACGAGGAGTTCTTACTGCTCGTGAGGAAGAATTACATCCTGAATCTTCGCTACCACGTGCCAAAGAACGTTCTGGACAAGAGCTGGCTGAGGCCTCCGGGCATCCTGGAGAAC,FIKGFINRDKPLCPDNEEFLLLVRKNYILNLRYHVPKNVLDKSWLRPPGILEN,False
140,rattus_norvegicus,AABR07036550.1-201,ENSRNOE00000476080,ENSRNOT00000071335,ENSRNOT00000071335,ensembl,ensembl,protein_coding,,3,ENSRNOG00000047191,ENSRNOP00000065619,-1,ENSRNOE00000476080,48014933,48015016,22,1603,1686,48014933,48015016,0,0,GCTTCCAATCTGCTTAGAAGGATGTGCACGAGGAACCTTGTTCGGAAGTACTGCCGTGGAATCTCAGCCGAGAGGAAAGCCATG,ASNLLRRMCTRNLVRKYCRGISAERKAM,False
141,rattus_norvegicus,AABR07036550.1-201,ENSRNOE00000478401,ENSRNOT00000071335,ENSRNOT00000071335,ensembl,ensembl,protein_coding,,3,ENSRNOG00000047191,ENSRNOP00000065619,-1,ENSRNOE00000478401,48014280,48014373,23,1687,1780,48014280,48014373,0,1,ATGCAGCAAAAGGCAGTGACCAGTGGGCTATTCCGGGGAAAGAAGGAGGGCTACGCAGAGAGCTTAAGCCAACCCTTTGCCAGCAGCAGGCTGG,MQQKAVTSGLFRGKKEGYAESLSQPFASSRLD,False
142,rattus_norvegicus,AABR07036550.1-201,ENSRNOE00000495626,ENSRNOT00000071335,ENSRNOT00000071335,ensembl,ensembl,protein_coding,,3,ENSRNOG00000047191,ENSRNOP00000065619,-1,ENSRNOE00000495626,48014119,48014174,24,1781,1836,48014119,48014174,1,0,ATGAAGGCAAGATAAACCCCAAAGTGCTTCAACTGCTGGGCAGCGAGAAGATCCAG,EGKINPKVLQLLGSEKIQ,False
143,rattus_norvegicus,AABR07036550.1-201,ENSRNOE00000486987,ENSRNOT00000071335,ENSRNOT00000071335,ensembl,ensembl,protein_coding,,3,ENSRNOG00000047191,ENSRNOP00000065619,-1,ENSRNOE00000486987,48013405,48013540,25,1837,1972,48013405,48013540,0,1,TACGGTGTCCCGGTCATCAAGTATGACAGAAAAGGCTTCAAGGCACGACAGCGGCAACTCCTCCTCACGCTGAGGTCAGCGTACCTGGTGGAGTTTTCCAAAATCAAGCAGAAGATGGAGTACTCAGCTCTGAGAG,YGVPVIKYDRKGFKARQRQLLLTLRSAYLVEFSKIKQKMEYSALRG,False
144,rattus_norvegicus,AABR07036550.1-201,ENSRNOE00000480022,ENSRNOT00000071335,ENSRNOT00000071335,ensembl,ensembl,protein_coding,,3,ENSRNOG00000047191,ENSRNOP00000065619,-1,ENSRNOE00000480022,48012982,48013052,26,1973,2043,48012982,48013052,1,0,GTGTCTCCACCAGCAGCCTTAGGGATGGAATCCTAGTCATTCACGTCTCACCAGCAGACAAACAGCAAAAG,VSTSSLRDGILVIHVSPADKQQK,False
145,rattus_norvegicus,AABR07036550.1-201,ENSRNOE00000472096,ENSRNOT00000071335,ENSRNOT00000071335,ensembl,ensembl,protein_coding,,3,ENSRNOG00000047191,ENSRNOP00000065619,-1,ENSRNOE00000472096,48012767,48012864,27,2044,2141,48012767,48012864,0,2,GGGGATACCATCCTGCAGTGTGAACACATATTTGAGGTGGCCACCAAGCTCGCCATGCTGATTAAGAGGGAGCATGTCGTCCGGGTTGTCCAAGGAAG,GDTILQCEHIFEVATKLAMLIKREHVVRVVQGS,False
146,rattus_norvegicus,AABR07036550.1-201,ENSRNOE00000489456,ENSRNOT00000071335,ENSRNOT00000071335,ensembl,ensembl,protein_coding,,3,ENSRNOG00000047191,ENSRNOP00000065619,-1,ENSRNOE00000489456,48011871,48011970,28,2142,2241,48011871,48011970,2,0,TTTACAGTTCTGTGTCAGTCCCGGGAGAGAAGGCACGATAGTTTTTGAGACTGGAGAGGAAGACCAAGTCTATAAGGATAAAAACGGACAGTTAAGAGTG,LQFCVSPGREGTIVFETGEEDQVYKDKNGQLRV,False
147,rattus_norvegicus,AABR07036550.1-201,ENSRNOE00000492647,ENSRNOT00000071335,ENSRNOT00000071335,ensembl,ensembl,protein_coding,,3,ENSRNOG00000047191,ENSRNOP00000065619,-1,ENSRNOE00000492647,48011100,48011123,29,2242,2265,48011100,48011123,0,0,GTGTCGGCGGGGAAGAAGACCTGA,VSAGKKT*,False
148,rattus_norvegicus,AABR07036550.1-202,ENSRNOE00000543348,ENSRNOT00000078807,ENSRNOT00000078807,ensembl,ensembl,protein_coding,,1,ENSRNOG00000047191,ENSRNOP00000072401,-1,ENSRNOE00000543348,48048427,48048540,1,1,114,48048427,48048540,0,0,AACCTCTTTGGGATCATCGCTAGTGTCCTACACCTGGGCAACATCTGTTTCAAGGGGGACAAACAAGGCTGTGCTAGCATCCCGGACACCCACGAAATCAAGTGGATCGCCAAG,NLFGIIASVLHLGNICFKGDKQGCASIPDTHEIKWIAK,False
149,rattus_norvegicus,AABR07036550.1-202,ENSRNOE00000533829,ENSRNOT00000078807,ENSRNOT00000078807,ensembl,ensembl,protein_coding,,1,ENSRNOG00000047191,ENSRNOP00000072401,-1,ENSRNOE00000533829,48047980,48048051,2,115,186,48047980,48048051,0,0,CTCCTGGGAGTCTGCCCAGCTGTTCTTCTGGAAGCGCTCACTCACAGAAAGATCGAAGCCAAAACAGAGGAG,LLGVCPAVLLEALTHRKIEAKTEE,False
150,rattus_norvegicus,AABR07036550.1-202,ENSRNOE00000562329,ENSRNOT00000078807,ENSRNOT00000078807,ensembl,ensembl,protein_coding,,1,ENSRNOG00000047191,ENSRNOP00000072401,-1,ENSRNOE00000562329,48047062,48047181,3,187,306,48047062,48047181,0,0,GTGATATGCCCGTTGACAGTAGAACTCTCTGTTTACGCCAGAGACGCCATGGCAAAGGCAGTTTATGGGCGGACATTTACCTGGCTGGTCAATAAAATCAATTCTTCCTTAGTTAACAAG,VICPLTVELSVYARDAMAKAVYGRTFTWLVNKINSSLVNK,False
151,rattus_norvegicus,AABR07036550.1-202,ENSRNOE00000528176,ENSRNOT00000078807,ENSRNOT00000078807,ensembl,ensembl,protein_coding,,1,ENSRNOG00000047191,ENSRNOP00000072401,-1,ENSRNOE00000528176,48044888,48044955,4,307,374,48044888,48044955,0,2,GATTTCACCCAAAAGACTGTGATTGGGTTGTTGGACATCTACGGCTTTGAAGTTTTCGACAAGAATGG,DFTQKTVIGLLDIYGFEVFDKNG,False
152,rattus_norvegicus,AABR07036550.1-202,ENSRNOE00000541808,ENSRNOT00000078807,ENSRNOT00000078807,ensembl,ensembl,protein_coding,,1,ENSRNOG00000047191,ENSRNOP00000072401,-1,ENSRNOE00000541808,48043615,48043642,5,375,402,48043615,48043642,2,0,TTTGACACAGTCTATCAATTACTGCAAT,LTQSINYCN,False
153,rattus_norvegicus,AABR07036550.1-202,ENSRNOE00000544526,ENSRNOT00000078807,ENSRNOT00000078807,ensembl,ensembl,protein_coding,,1,ENSRNOG00000047191,ENSRNOP00000072401,-1,ENSRNOE00000544526,48043561,48043609,6,403,451,48043561,48043609,0,1,AAACTACAGCAGCTGCTGATAGAGAGGACGCTGAAGGCGGAGCAGCCGA,KLQQLLIERTLKAEQPK,False
154,rattus_norvegicus,AABR07036550.1-202,ENSRNOE00000556075,ENSRNOT00000078807,ENSRNOT00000078807,ensembl,ensembl,protein_coding,,1,ENSRNOG00000047191,ENSRNOP00000072401,-1,ENSRNOE00000556075,48042870,48042888,7,452,470,48042870,48042888,1,2,AATATGAATCTGAGAAGAA,YESEKK,False
155,rattus_norvegicus,AABR07036550.1-202,ENSRNOE00000557484,ENSRNOT00000078807,ENSRNOT00000078807,ensembl,ensembl,protein_coding,,1,ENSRNOG00000047191,ENSRNOP00000072401,-1,ENSRNOE00000557484,48041553,48041582,8,471,500,48041553,48041582,2,2,GGATGGCTCACCCGTGAAAGTGTTTAATGT,DGSPVKVFNV,False
156,rattus_norvegicus,AABR07036550.1-202,ENSRNOE00000575060,ENSRNOT00000078807,ENSRNOT00000078807,ensembl,ensembl,protein_coding,,1,ENSRNOG00000047191,ENSRNOP00000072401,-1,ENSRNOE00000575060,48041234,48041277,9,501,544,48041234,48041277,2,1,ACGACTCAGCATCTCTTTGATTGACTGCTCTTGCAGAGGACCTG,RLSISLIDCSCRGPA,False
157,rattus_norvegicus,AABR07036550.1-202,ENSRNOE00000563659,ENSRNOT00000078807,ENSRNOT00000078807,ensembl,ensembl,protein_coding,,1,ENSRNOG00000047191,ENSRNOP00000072401,-1,ENSRNOE00000563659,48040172,48040226,10,545,599,48040172,48040226,1,2,CAAATCTTTTACTAAAAGACTGCTTTTGTCCTGCCTGTCCTGCACAGGACCTCAG,NLLLKDCFCPACPAQDLS,False
158,rattus_norvegicus,AABR07036550.1-202,ENSRNOE00000531511,ENSRNOT00000078807,ENSRNOT00000078807,ensembl,ensembl,protein_coding,,1,ENSRNOG00000047191,ENSRNOP00000072401,-1,ENSRNOE00000531511,48038975,48039038,11,600,663,48038975,48039038,2,0,TTTAATTGAGAGGTATCGTGAGAATTCTGGAATTTTTGGCTTCTTTAAAAAACACAGAAATATT,LIERYRENSGIFGFFKKHRNI,False
159,rattus_norvegicus,AABR07036550.1-202,ENSRNOE00000574298,ENSRNOT00000078807,ENSRNOT00000078807,ensembl,ensembl,protein_coding,,1,ENSRNOG00000047191,ENSRNOP00000072401,-1,ENSRNOE00000574298,48035684,48035740,12,664,720,48035684,48035740,0,0,GCACCAAGTCACGGTAAGCTCCTGGGTTTTCTGGAACTTTCACTTGTCCATGGATTT,APSHGKLLGFLELSLVHGF,False
160,rattus_norvegicus,AABR07036550.1-202,ENSRNOE00000527897,ENSRNOT00000078807,ENSRNOT00000078807,ensembl,ensembl,protein_coding,,1,ENSRNOG00000047191,ENSRNOP00000072401,-1,ENSRNOE00000527897,48028936,48029007,13,721,792,48028936,48029007,0,0,ACTTTTTTTTTTTTAATAAAAACAGGATTCTTGGAGAAAAACAATGACCTGCTTTACAGACACCTGAAGGAG,TFFFLIKTGFLEKNNDLLYRHLKE,False
161,rattus_norvegicus,AABR07036550.1-202,ENSRNOE00000563668,ENSRNOT00000078807,ENSRNOT00000078807,ensembl,ensembl,protein_coding,,1,ENSRNOG00000047191,ENSRNOP00000072401,-1,ENSRNOE00000563668,48026999,48027079,14,793,873,48026999,48027079,0,0,GTGCTGTGCAGCTCCAAGAATAGCATCTTGAGGGAGTGTTTCCTGGTGGCGGAGCTTGAAAACCGGAAGCGACCACCCACG,VLCSSKNSILRECFLVAELENRKRPPT,False
162,rattus_norvegicus,AABR07036550.1-202,ENSRNOE00000540669,ENSRNOT00000078807,ENSRNOT00000078807,ensembl,ensembl,protein_coding,,1,ENSRNOG00000047191,ENSRNOP00000072401,-1,ENSRNOE00000540669,48025963,48026068,15,874,979,48025963,48026068,0,1,GTTGGGACTCAGTTTAAGAACAGCCTGAGCAGCCTCCTGGAAATTCTCATCTCCAAGGAGCCTTCCTACATCCGCTGCATCAAGCCCAATGAAAGGAAGGAACCCA,VGTQFKNSLSSLLEILISKEPSYIRCIKPNERKEPS,False
163,rattus_norvegicus,AABR07036550.1-202,ENSRNOE00000564100,ENSRNOT00000078807,ENSRNOT00000078807,ensembl,ensembl,protein_coding,,1,ENSRNOG00000047191,ENSRNOP00000072401,-1,ENSRNOE00000564100,48024732,48024849,16,980,1097,48024732,48024849,1,2,GCAAGTTTGACGACTTCCTCATTAGCCACCAGATCAAGTACCTGGGGCTCATGGAGCACCTGCGTGTGCGGCGGGCAGGCTTCGCCTACAGGCGCAAGTATGAGCATTTCCTGCAAAG,KFDDFLISHQIKYLGLMEHLRVRRAGFAYRRKYEHFLQR,False
164,rattus_norvegicus,AABR07036550.1-202,ENSRNOE00000558472,ENSRNOT00000078807,ENSRNOT00000078807,ensembl,ensembl,protein_coding,,1,ENSRNOG00000047191,ENSRNOP00000072401,-1,ENSRNOE00000558472,48021384,48021497,17,1098,1211,48021384,48021497,2,2,GTACAAGTCATTGTGCCCAGACACCTGGCCGCACTGGCATGGACCGCCAGGAGAGGGCGTTGAGCGGCTGATCAAGTATATCGGTTACCAACCTCAGGACTACAAGTTAGGAAA,YKSLCPDTWPHWHGPPGEGVERLIKYIGYQPQDYKLGK,False
165,rattus_norvegicus,AABR07036550.1-202,ENSRNOE00000524260,ENSRNOT00000078807,ENSRNOT00000078807,ensembl,ensembl,protein_coding,,1,ENSRNOG00000047191,ENSRNOP00000072401,-1,ENSRNOE00000524260,48019917,48019993,18,1212,1288,48019917,48019993,2,1,AACCAAAATATTCATTCGCTTCCCGAGAACCCTGTTTGCTACTGAAGATGCCTTTGAATTCAGTAAACATCAACTAG,TKIFIRFPRTLFATEDAFEFSKHQLV,False
166,rattus_norvegicus,AABR07036550.1-202,ENSRNOE00000540465,ENSRNOT00000078807,ENSRNOT00000078807,ensembl,ensembl,protein_coding,,1,ENSRNOG00000047191,ENSRNOP00000072401,-1,ENSRNOE00000540465,48018575,48018643,19,1289,1357,48018575,48018643,1,1,TGTCGAGAATCCAGGCCACATACAAAGGCTGCCTAGGAAGACGGGAATACGTGAGGAAGAGACAAGCAG,SRIQATYKGCLGRREYVRKRQAA,False
167,rattus_norvegicus,AABR07036550.1-202,ENSRNOE00000527595,ENSRNOT00000078807,ENSRNOT00000078807,ensembl,ensembl,protein_coding,,1,ENSRNOG00000047191,ENSRNOP00000072401,-1,ENSRNOE00000527595,48016982,48017066,20,1358,1442,48016982,48017066,1,2,CCACCAAGTTAGAAGCCCACTGGCGTGGAGTCCTGGCTCGGAAGGAGATCAAGAGGAGGAAGTGGGCGGTGCAGATTATACGGAG,TKLEAHWRGVLARKEIKRRKWAVQIIRR,False
168,rattus_norvegicus,AABR07036550.1-202,ENSRNOE00000558188,ENSRNOT00000078807,ENSRNOT00000078807,ensembl,ensembl,protein_coding,,1,ENSRNOG00000047191,ENSRNOP00000072401,-1,ENSRNOE00000558188,48015931,48016090,21,1443,1602,48015931,48016090,2,0,GTTCATCAAGGGTTTCATCAACCGTGACAAACCCCTTTGCCCTGACAACGAGGAGTTCTTACTGCTCGTGAGGAAGAATTACATCCTGAATCTTCGCTACCACGTGCCAAAGAACGTTCTGGACAAGAGCTGGCTGAGGCCTCCGGGCATCCTGGAGAAC,FIKGFINRDKPLCPDNEEFLLLVRKNYILNLRYHVPKNVLDKSWLRPPGILEN,False
169,rattus_norvegicus,AABR07036550.1-202,ENSRNOE00000476080,ENSRNOT00000078807,ENSRNOT00000078807,ensembl,ensembl,protein_coding,,1,ENSRNOG00000047191,ENSRNOP00000072401,-1,ENSRNOE00000476080,48014933,48015016,22,1603,1686,48014933,48015016,0,0,GCTTCCAATCTGCTTAGAAGGATGTGCACGAGGAACCTTGTTCGGAAGTACTGCCGTGGAATCTCAGCCGAGAGGAAAGCCATG,ASNLLRRMCTRNLVRKYCRGISAERKAM,False
170,rattus_norvegicus,AABR07036550.1-202,ENSRNOE00000478401,ENSRNOT00000078807,ENSRNOT00000078807,ensembl,ensembl,protein_coding,,1,ENSRNOG00000047191,ENSRNOP00000072401,-1,ENSRNOE00000478401,48014280,48014373,23,1687,1780,48014280,48014373,0,1,ATGCAGCAAAAGGCAGTGACCAGTGGGCTATTCCGGGGAAAGAAGGAGGGCTACGCAGAGAGCTTAAGCCAACCCTTTGCCAGCAGCAGGCTGG,MQQKAVTSGLFRGKKEGYAESLSQPFASSRLG,False
171,rattus_norvegicus,AABR07036550.1-202,ENSRNOE00000480022,ENSRNOT00000078807,ENSRNOT00000078807,ensembl,ensembl,protein_coding,,1,ENSRNOG00000047191,ENSRNOP00000072401,-1,ENSRNOE00000480022,48012982,48013052,24,1781,1851,48012982,48013052,1,0,GTGTCTCCACCAGCAGCCTTAGGGATGGAATCCTAGTCATTCACGTCTCACCAGCAGACAAACAGCAAAAG,VSTSSLRDGILVIHVSPADKQQK,False
172,rattus_norvegicus,AABR07036550.1-202,ENSRNOE00000472096,ENSRNOT00000078807,ENSRNOT00000078807,ensembl,ensembl,protein_coding,,1,ENSRNOG00000047191,ENSRNOP00000072401,-1,ENSRNOE00000472096,48012767,48012864,25,1852,1949,48012767,48012864,0,2,GGGGATACCATCCTGCAGTGTGAACACATATTTGAGGTGGCCACCAAGCTCGCCATGCTGATTAAGAGGGAGCATGTCGTCCGGGTTGTCCAAGGAAG,GDTILQCEHIFEVATKLAMLIKREHVVRVVQGS,False
173,rattus_norvegicus,AABR07036550.1-202,ENSRNOE00000489456,ENSRNOT00000078807,ENSRNOT00000078807,ensembl,ensembl,protein_coding,,1,ENSRNOG00000047191,ENSRNOP00000072401,-1,ENSRNOE00000489456,48011871,48011970,26,1950,2049,48011871,48011970,2,0,TTTACAGTTCTGTGTCAGTCCCGGGAGAGAAGGCACGATAGTTTTTGAGACTGGAGAGGAAGACCAAGTCTATAAGGATAAAAACGGACAGTTAAGAGTG,LQFCVSPGREGTIVFETGEEDQVYKDKNGQLRV,False
174,rattus_norvegicus,AABR07036550.1-202,ENSRNOE00000492647,ENSRNOT00000078807,ENSRNOT00000078807,ensembl,ensembl,protein_coding,,1,ENSRNOG00000047191,ENSRNOP00000072401,-1,ENSRNOE00000492647,48011100,48011123,27,2050,2073,48011100,48011123,0,0,GTGTCGGCGGGGAAGAAGACCTGA,VSAGKKT*,False
175,sus_scrofa,MYO1H-201,ENSSSCE00000086177,ENSSSCT00000010887,ENSSSCT00000010887,ensembl,ensembl,protein_coding,,3,ENSSSCG00000009935,ENSSSCP00000010602,-1,ENSSSCE00000086177,41523516,41523641,1,1,126,41523516,41523641,0,0,ATGGAAGGTGCACTGACGGCCCGGGACAAGGTCGGAGTGCAGGATTTTGTGCTGCTGGATGCTTACACCAGTGAAACTGCTTTTCTGGACAATCTTCGAAAGCGTTTCAGCGAGAACCTCATCTAT,MEGALTARDKVGVQDFVLLDAYTSETAFLDNLRKRFSENLIY,False
176,sus_scrofa,MYO1H-201,ENSSSCE00000086178,ENSSSCT00000010887,ENSSSCT00000010887,ensembl,ensembl,protein_coding,,3,ENSSSCG00000009935,ENSSSCP00000010602,-1,ENSSSCE00000086178,41519606,41519721,2,127,242,41519606,41519721,0,2,ACATATATTGGAACCCTCCTTGTGTCTGTGAACCCATACCAGGAGCTCGGAATCTACACTGTGAGCCAGATGGAACTTTATCAAGGGGTCAATTTCTTTGAACTGCCACCACATGT,TYIGTLLVSVNPYQELGIYTVSQMELYQGVNFFELPPHV,False
177,sus_scrofa,MYO1H-201,ENSSSCE00000086179,ENSSSCT00000010887,ENSSSCT00000010887,ensembl,ensembl,protein_coding,,3,ENSSSCG00000009935,ENSSSCP00000010602,-1,ENSSSCE00000086179,41517142,41517340,3,243,441,41517142,41517340,2,0,CTACGCCATAGCCGACAACGCTTACCGCATGATGTGCTCTGAGCTAAATAACCACTTCATCCTCATTTCCGGAGAGAGTGGGGCAGGGAAAACAGAGGCCTTCAAGAAGATCCTCCAGTATTTTGCGGTGACCTGCCCAATGACCGAGTCCCTTCAGATAGCCCGTGACAGACTCCTGCTCTCCAATCCAGTGCTAGAG,YAIADNAYRMMCSELNNHFILISGESGAGKTEAFKKILQYFAVTCPMTESLQIARDRLLLSNPVLE,False
178,sus_scrofa,MYO1H-201,ENSSSCE00000086180,ENSSSCT00000010887,ENSSSCT00000010887,ensembl,ensembl,protein_coding,,3,ENSSSCG00000009935,ENSSSCP00000010602,-1,ENSSSCE00000086180,41516192,41516272,4,442,522,41516192,41516272,0,0,GCTTTTGGAAATGCCAAAACACTCCGGAATGACAACTCCAGCAGATTTGGAAAATACATGGACATACAGTTTGACTTTAAG,AFGNAKTLRNDNSSRFGKYMDIQFDFK,False
179,sus_scrofa,MYO1H-201,ENSSSCE00000086181,ENSSSCT00000010887,ENSSSCT00000010887,ensembl,ensembl,protein_coding,,3,ENSSSCG00000009935,ENSSSCP00000010602,-1,ENSSSCE00000086181,41513519,41513698,5,523,702,41513519,41513698,0,0,GGCGTTCCTGTCGGCGGGCATATCATCAGTTACTTGATAGAAAAGTCTCGTGTCGTCTATCAAAATCAGGGTGAGCGGAATTTCCACATCTTCTACCAGCTACTAGAGGGTGGAGAAGAGGAGCTCCTTGCCTACCTGGGACTTGAGCGAGACCACCAGCTGTATAAATACCTCTCACAG,GVPVGGHIISYLIEKSRVVYQNQGERNFHIFYQLLEGGEEELLAYLGLERDHQLYKYLSQ,False
180,sus_scrofa,MYO1H-201,ENSSSCE00000086182,ENSSSCT00000010887,ENSSSCT00000010887,ensembl,ensembl,protein_coding,,3,ENSSSCG00000009935,ENSSSCP00000010602,-1,ENSSSCE00000086182,41509683,41509781,6,703,801,41509683,41509781,0,0,GGTCATTGTGCCAAAGAGTCATCTATTAATGACAAGAACGACTGGAAAACTGTTTCCAATGCCTTTTCTGTCATCAATTTTACTGAAGATGACCTTGAG,GHCAKESSINDKNDWKTVSNAFSVINFTEDDLE,False
181,sus_scrofa,MYO1H-201,ENSSSCE00000086183,ENSSSCT00000010887,ENSSSCT00000010887,ensembl,ensembl,protein_coding,,3,ENSSSCG00000009935,ENSSSCP00000010602,-1,ENSSSCE00000086183,41507552,41507665,7,802,915,41507552,41507665,0,0,AATCTCTTTGGCATTATTGCCAGTGTCCTTCACCTGGGGAACATTTGTTTTGAAGAGAACCAGCAAGGCTGCGCCACCATACCAGATACCCACGAGATCAAATGGATTGCCAAG,NLFGIIASVLHLGNICFEENQQGCATIPDTHEIKWIAK,False
182,sus_scrofa,MYO1H-201,ENSSSCE00000086184,ENSSSCT00000010887,ENSSSCT00000010887,ensembl,ensembl,protein_coding,,3,ENSSSCG00000009935,ENSSSCP00000010602,-1,ENSSSCE00000086184,41507155,41507226,8,916,987,41507155,41507226,0,0,CTCCTAGGGGTCCACCCATGGGTCCTTCTGGAAGCTCTCACCCATAGAAAGATTGAAGCCAAAACAGAGGAG,LLGVHPWVLLEALTHRKIEAKTEE,False
183,sus_scrofa,MYO1H-201,ENSSSCE00000086185,ENSSSCT00000010887,ENSSSCT00000010887,ensembl,ensembl,protein_coding,,3,ENSSSCG00000009935,ENSSSCP00000010602,-1,ENSSSCE00000086185,41506331,41506450,9,988,1107,41506331,41506450,0,0,GTGATATGCCCGTTGACGCCAGAACTCTCTGCCTATGCTAGAGACGCAATGGCCAAGGCTGTTTATGGACGAACATTTACTTGGCTGGTCAACAAAATCAATTCCTCCTTAGTGAACAAG,VICPLTPELSAYARDAMAKAVYGRTFTWLVNKINSSLVNK,False
184,sus_scrofa,MYO1H-201,ENSSSCE00000086187,ENSSSCT00000010887,ENSSSCT00000010887,ensembl,ensembl,protein_coding,,3,ENSSSCG00000009935,ENSSSCP00000010602,-1,ENSSSCE00000086187,41504304,41504371,10,1108,1175,41504304,41504371,0,2,GATTTCACTGGGAAAACTGTGATCGGATTACTGGATATCTATGGGTTTGAAGTCTTCGACAAGAATGG,DFTGKTVIGLLDIYGFEVFDKNG,False
185,sus_scrofa,MYO1H-201,ENSSSCE00000086188,ENSSSCT00000010887,ENSSSCT00000010887,ensembl,ensembl,protein_coding,,3,ENSSSCG00000009935,ENSSSCP00000010602,-1,ENSSSCE00000086188,41503352,41503457,11,1176,1281,41503352,41503457,2,0,TTTTGAACAGTTCTGTATAAATTACTGCAATGAGAAACTCCAGCAACTATTAATTGAGAGAACTCTAAAAGCAGAACAGGCGGAGTATGAAATGGAAGGTATAGAG,FEQFCINYCNEKLQQLLIERTLKAEQAEYEMEGIE,False
186,sus_scrofa,MYO1H-201,ENSSSCE00000086189,ENSSSCT00000010887,ENSSSCT00000010887,ensembl,ensembl,protein_coding,,3,ENSSSCG00000009935,ENSSSCP00000010602,-1,ENSSSCE00000086189,41502980,41503060,12,1282,1362,41502980,41503060,0,0,TGGGAACCAATTCAGTATTTCAACAACAAGATCATTTGTGACTTGGTAGAAGAGAGACACAAAGGAATCATTTCTATTCTG,WEPIQYFNNKIICDLVEERHKGIISIL,False
187,sus_scrofa,MYO1H-201,ENSSSCE00000086190,ENSSSCT00000010887,ENSSSCT00000010887,ensembl,ensembl,protein_coding,,3,ENSSSCG00000009935,ENSSSCP00000010602,-1,ENSSSCE00000086190,41500217,41500308,13,1363,1454,41500217,41500308,0,2,GATGAAGAATGTATTCGTCCTGGACCTGCTACAGACTTGAGTTTCCTGGAGAGACTGGAAGAGAAAGTGGGCAAGCATGCACACTTCCAAAC,DEECIRPGPATDLSFLERLEEKVGKHAHFQT,False
188,sus_scrofa,MYO1H-201,ENSSSCE00000086191,ENSSSCT00000010887,ENSSSCT00000010887,ensembl,ensembl,protein_coding,,3,ENSSSCG00000009935,ENSSSCP00000010602,-1,ENSSSCE00000086191,41498709,41498803,14,1455,1549,41498709,41498803,2,1,CAGGAAGCTGGCGGGTCCAAAGAGCCGAAAGAGGATTGGCTGGATGGAGTTCCGGCTCTTCCACTACGCAGGAGAGGTCACGTACTGCACCAAGG,RKLAGPKSRKRIGWMEFRLFHYAGEVTYCTKG,False
189,sus_scrofa,MYO1H-201,ENSSSCE00000086192,ENSSSCT00000010887,ENSSSCT00000010887,ensembl,ensembl,protein_coding,,3,ENSSSCG00000009935,ENSSSCP00000010602,-1,ENSSSCE00000086192,41493734,41493780,15,1550,1596,41493734,41493780,1,0,GATTTTTGGAAAAAAACAATGATCTCCTCTACAGACATCTGAAAGAA,FLEKNNDLLYRHLKE,False
190,sus_scrofa,MYO1H-201,ENSSSCE00000086193,ENSSSCT00000010887,ENSSSCT00000010887,ensembl,ensembl,protein_coding,,3,ENSSSCG00000009935,ENSSSCP00000010602,-1,ENSSSCE00000086193,41489492,41489572,16,1597,1677,41489492,41489572,0,0,GTGCTCTGCAGGTCCAGAAACAGAATCCTGAAGGAATGCTTCCTGGTGGCTGAGTTAGAAAATCGGAGGAGGCCACCAACC,VLCRSRNRILKECFLVAELENRRRPPT,False
191,sus_scrofa,MYO1H-201,ENSSSCE00000086194,ENSSSCT00000010887,ENSSSCT00000010887,ensembl,ensembl,protein_coding,,3,ENSSSCG00000009935,ENSSSCP00000010602,-1,ENSSSCE00000086194,41488714,41488819,17,1678,1783,41488714,41488819,0,1,GTGGGGACTCAGTTTAAAAACAGTCTGAGCAGCCTTCTGGAAATTCTCATCTCTAAGGAACCTTCATACATCCGTTGCATCAAGCCCAATGAGAGGAAAGAACCCA,VGTQFKNSLSSLLEILISKEPSYIRCIKPNERKEPN,False
192,sus_scrofa,MYO1H-201,ENSSSCE00000086195,ENSSSCT00000010887,ENSSSCT00000010887,ensembl,ensembl,protein_coding,,3,ENSSSCG00000009935,ENSSSCP00000010602,-1,ENSSSCE00000086195,41487881,41487998,18,1784,1901,41487881,41487998,1,2,ACAAGTTCGATGACTTCCTCGTAAGGCATCAGGTCAAATACCTGGGGCTGATGGAGCACCTGCGGGTGAGACGGGCTGGCTTTGCATACCGGAGGAAGTACGAGCATTTCTTGCAGAG,KFDDFLVRHQVKYLGLMEHLRVRRAGFAYRRKYEHFLQR,False
193,sus_scrofa,MYO1H-201,ENSSSCE00000086196,ENSSSCT00000010887,ENSSSCT00000010887,ensembl,ensembl,protein_coding,,3,ENSSSCG00000009935,ENSSSCP00000010602,-1,ENSSSCE00000086196,41485637,41485750,19,1902,2015,41485637,41485750,2,2,GTACAAGTCCTTGTGCCCAGACACCTGGCCACACTGGCACGGGCGTCCAGCAGAGGGCGTAGAGCGGCTTATCAAATACATTGGCTACAAACCCGAGGAGTACAAATTAGGGAG,YKSLCPDTWPHWHGRPAEGVERLIKYIGYKPEEYKLGR,False
194,sus_scrofa,MYO1H-201,ENSSSCE00000086197,ENSSSCT00000010887,ENSSSCT00000010887,ensembl,ensembl,protein_coding,,3,ENSSSCG00000009935,ENSSSCP00000010602,-1,ENSSSCE00000086197,41481701,41481777,20,2016,2092,41481701,41481777,2,1,AACCAAAATATTCATTCGCTTCCCCAGAACACTGTTTGCTACTGAAGATGCCTTTGAATTTAGTAAACATCAATTAG,TKIFIRFPRTLFATEDAFEFSKHQLV,False
195,sus_scrofa,MYO1H-201,ENSSSCE00000234491,ENSSSCT00000010887,ENSSSCT00000010887,ensembl,ensembl,protein_coding,,3,ENSSSCG00000009935,ENSSSCP00000010602,-1,ENSSSCE00000234491,41480122,41480190,21,2093,2161,41480122,41480190,1,1,TTGCACGAATCCAAGGCACGTACAAAGGCTGCCTAGAAAGGAGAGCGTACCTGAGAAAAAGACAAGCAG,ARIQGTYKGCLERRAYLRKRQAA,False
196,sus_scrofa,MYO1H-201,ENSSSCE00000086198,ENSSSCT00000010887,ENSSSCT00000010887,ensembl,ensembl,protein_coding,,3,ENSSSCG00000009935,ENSSSCP00000010602,-1,ENSSSCE00000086198,41478669,41478753,22,2162,2246,41478669,41478753,1,2,CCATTACACTCGAAGCCCACTGGCGCGGAGCCCTGGCTCGGAAGGAGGCCGAAAAGAGAAAGTGGGCTGTGCAGATTATAAGAAA,ITLEAHWRGALARKEAEKRKWAVQIIRK,False
197,sus_scrofa,MYO1H-201,ENSSSCE00000196114,ENSSSCT00000010887,ENSSSCT00000010887,ensembl,ensembl,protein_coding,,3,ENSSSCG00000009935,ENSSSCP00000010602,-1,ENSSSCE00000196114,41477571,41477730,23,2247,2406,41477571,41477730,2,0,GTTCATAAAGGGATTTATCAATCGCAACAAGCCCCTCTGCCCTGACAATGAGGAGTTCATCGTGTTTGTGCGGAAGAACTACATCTTGAATCTTCGGGACCATGTCCCAAAGAACCTTTTGGATAAGTGCTGGCTGAAGCCTCCTGGCATCCTGGCAAAT,FIKGFINRNKPLCPDNEEFIVFVRKNYILNLRDHVPKNLLDKCWLKPPGILAN,False
198,sus_scrofa,MYO1H-201,ENSSSCE00000161227,ENSSSCT00000010887,ENSSSCT00000010887,ensembl,ensembl,protein_coding,,3,ENSSSCG00000009935,ENSSSCP00000010602,-1,ENSSSCE00000161227,41476609,41476692,24,2407,2490,41476609,41476692,0,0,GCATCGGAGCTGCTCAGGAAAATGTGCACCAGGAACCTAGTCCGGAGGTACTGCCGCGGGATCACAGCCGAGAGGAAAGCCATG,ASELLRKMCTRNLVRRYCRGITAERKAM,False
199,sus_scrofa,MYO1H-201,ENSSSCE00000247876,ENSSSCT00000010887,ENSSSCT00000010887,ensembl,ensembl,protein_coding,,3,ENSSSCG00000009935,ENSSSCP00000010602,-1,ENSSSCE00000247876,41475750,41475843,25,2491,2584,41475750,41475843,0,1,ATGCAGCAAAAGGTGGTTACAAGTGAAATATTCAGGGATAAGAAAGATGGCTATGCAGAAAGCTTAAATCAACCCTTTGCCAACAGCCGAATAG,MQQKVVTSEIFRDKKDGYAESLNQPFANSRIG,False
200,sus_scrofa,MYO1H-201,ENSSSCE00000194296,ENSSSCT00000010887,ENSSSCT00000010887,ensembl,ensembl,protein_coding,,3,ENSSSCG00000009935,ENSSSCP00000010602,-1,ENSSSCE00000194296,41473922,41473992,26,2585,2655,41473922,41473992,1,0,GTGTCTCTACCAGCAGCCTCAGAGACGGAATCTTGGTCCTTCATGTGTCGCGGGAAGACAATAAGCACAAG,VSTSSLRDGILVLHVSREDNKHK,False
201,sus_scrofa,MYO1H-201,ENSSSCE00000217799,ENSSSCT00000010887,ENSSSCT00000010887,ensembl,ensembl,protein_coding,,3,ENSSSCG00000009935,ENSSSCP00000010602,-1,ENSSSCE00000217799,41473685,41473782,27,2656,2753,41473685,41473782,0,2,GGGGACGCCGTCTTGTGGTGCGAACACGTATTTGAGGCAGTGACGAAGCTTGTCATGCTGGTTCAGAAGGAGAACATTGTCACCGTGGTCCAGGGGAG,GDAVLWCEHVFEAVTKLVMLVQKENIVTVVQGS,False
202,sus_scrofa,MYO1H-201,ENSSSCE00000201987,ENSSSCT00000010887,ENSSSCT00000010887,ensembl,ensembl,protein_coding,,3,ENSSSCG00000009935,ENSSSCP00000010602,-1,ENSSSCE00000201987,41472472,41472571,28,2754,2853,41472472,41472571,2,0,TTTACAGTTTTATATTAGTCCCGGAAAAGAAGGCACAATAGTTTTTGACACTGGACCAGGAGAACAAATCTATAAAGATAAAAACGGACACCTAACAGTG,LQFYISPGKEGTIVFDTGPGEQIYKDKNGHLTV,False
203,sus_scrofa,MYO1H-201,ENSSSCE00000314564,ENSSSCT00000010887,ENSSSCT00000010887,ensembl,ensembl,protein_coding,,3,ENSSSCG00000009935,ENSSSCP00000010602,-1,ENSSSCE00000314564,41471710,41471730,29,2854,2874,41471710,41471730,0,0,GGCAAAAAAATAAGTAAATAA,GKKISK*,False
