,SubexonID,SubexonSequence,SubexonIDCluster,SubexonCodingStart,SubexonCodingEnd,IntervalNumber,GeneID,TranscriptID,ProteinID,Strand,ExonRank,TranscriptIDCluster,ExonID,ExonIDCluster,Cluster,QueryExon,TargetCoverage,PercentIdentity,AlignedQuery,AlignedTarget,SubexonRank,StartPhase,EndPhase,SubexonProteinSequence,IncompleteCDS,TranscriptsWithSubexon,TranscriptsInGene,TranscriptFraction
0,ENSBTAE00000515148_SE_0,ATGAAGCACAAGTTGGAATCAAGATT,ENSBTAE00000515148_SE_0,78672543,78672568,0,ENSBTAG00000050767,ENSBTAT00000085048,ENSBTAP00000069362,1,1,ENSBTAT00000085048,ENSBTAE00000515148,ENSBTAE00000515148,11,ENSBTAE00000515148,,,,,0,0,2,MKHKLESR,False,1,1,1.0
1,ENSBTAE00000538008_SE_1,GGCTAACCAGGTTACTGATGAGTCTCTGGAAAATACAAGGAGAATCCTGGGTTTAGCCATTGAGTCACAGGATGCAGGAATCAAGACTATCACTATGCTGGATGAACAAGGGGAACAACTAAAACGCATAGAAGAAGGCATGGACCAAAAAAACAAAGACATGAGAGAAGCAGAGAAGACTTTAACAGAACTCAACAAGTGCTGTGGCCTTTGT,ENSBTAE00000538008_SE_1,78672752,78672965,1,ENSBTAG00000050767,ENSBTAT00000085048,ENSBTAP00000069362,1,2,ENSBTAT00000085048,ENSBTAE00000538008,ENSBTAE00000538008,2,ENSBTAE00000538008,,,,,1,2,0,LANQVTDESLENTRRILGLAIESQDAGIKTITMLDEQGEQLKRIEEGMDQKNKDMREAEKTLTELNKCCGLC,False,1,1,1.0
2,ENSBTAE00000496779_SE_2,AAAAGGCTGACACCAACAAAGATCGTATTGACAATGCCAATGCCAGAGCAAAGAAACTCATTGACAGCTAAAGCTACTGCTGTACTTCTTTATCATTTATTTACTTTCCTAGCTCCTCCTTCAAAGTCATCACCTTTCCAGAGTTTGAAATCTTGGTTCCACACTCTTCTAATCAGGATATGTGGAAGAAGATCTAGGAGTAACAGTCCCCCAATTTTTTTTTTTAATTTTTCTTGTTTTCCCTTGAGGGTATTCTTAGTCTTCCTTCTAGCATTTTCTTTCTCAGTCCATACAATTAGGTTGATTTTCATACATTTTTTATAG,ENSBTAE00000496779_SE_2,78673283,78673606,2,ENSBTAG00000050767,ENSBTAT00000085048,ENSBTAP00000069362,1,3,ENSBTAT00000085048,ENSBTAE00000496779,ENSBTAE00000496779,1,ENSBTAE00000496779,,,,,2,0,0,KRLTPTKIVLTMPMPEQRNSLTAKATAVLLYHLFTFLAPPSKSSPFQSLKSWFHTLLIRICGRRSRSNSPPIFFFNFSCFPLRVFLVFLLAFSFSVHTIRLIFIHFL*,False,1,1,1.0
3,ENSE00001527440_SE_0,ATGGATAATCTGTCATCAGAAGAAATTCAACAGAGAGCTCACCAGATTACTGATGAG,ENSE00001527440_SE_0/ENSE00003547573_SE_0,42511847,42511903,0,ENSG00000092531,ENST00000249647,ENSP00000249647,1,2,ENST00000249647,ENSE00003547573,ENSE00003547573,5,ENSXETE00000000553,100.0,52.63157894736842,MDDMTPEEIQLKANQVTDD,MDNLSSEEIQQRAHQITDE,0,0,0,MDNLSSEEIQQRAHQITDE,False,4,4,1.0
4,ENSE00001527440_SE_0,ATGGATAATCTGTCATCAGAAGAAATTCAACAGAGAGCTCACCAGATTACTGATGAG,ENSE00001527440_SE_0/ENSE00003547573_SE_0,42511847,42511903,0,ENSG00000092531,ENST00000397138,ENSP00000380327,1,1,ENST00000349777/ENST00000397138,ENSE00001527440,ENSE00001527440,5,ENSXETE00000000553,100.0,52.63157894736842,MDDMTPEEIQLKANQVTDD,MDNLSSEEIQQRAHQITDE,0,0,0,MDNLSSEEIQQRAHQITDE,False,4,4,1.0
5,ENSE00001527440_SE_0,ATGGATAATCTGTCATCAGAAGAAATTCAACAGAGAGCTCACCAGATTACTGATGAG,ENSE00001527440_SE_0/ENSE00003547573_SE_0,42511847,42511903,0,ENSG00000092531,ENST00000564153,ENSP00000455339,1,2,ENST00000564153,ENSE00003547573,ENSE00003547573,5,ENSXETE00000000553,100.0,52.63157894736842,MDDMTPEEIQLKANQVTDD,MDNLSSEEIQQRAHQITDE,0,0,0,MDNLSSEEIQQRAHQITDE,False,4,4,1.0
6,ENSE00001527440_SE_0,ATGGATAATCTGTCATCAGAAGAAATTCAACAGAGAGCTCACCAGATTACTGATGAG,ENSE00001527440_SE_0/ENSE00003547573_SE_0,42511847,42511903,0,ENSG00000092531,ENST00000567094,ENSP00000455472,1,2,ENST00000567094,ENSE00003547573,ENSE00003547573,5,ENSXETE00000000553,100.0,52.63157894736842,MDDMTPEEIQLKANQVTDD,MDNLSSEEIQQRAHQITDE,0,0,0,MDNLSSEEIQQRAHQITDE,False,4,4,1.0
7,ENSE00003473126_SE_1,TCTCTGGAAAGTACGAGGAGAATCCTGGGTTTAGCCATTGAG,ENSE00003473126_SE_1,42512955,42512996,1,ENSG00000092531,ENST00000249647,ENSP00000249647,1,3,ENST00000249647,ENSE00003473126,ENSE00003473126,2,ENSBTAE00000538008,100.0,92.85714285714286,SLENTRRILGLAIE,SLESTRRILGLAIE,1,0,0,SLESTRRILGLAIE,False,4,4,1.0
8,ENSE00003473126_SE_1,TCTCTGGAAAGTACGAGGAGAATCCTGGGTTTAGCCATTGAG,ENSE00003473126_SE_1,42512955,42512996,1,ENSG00000092531,ENST00000397138,ENSP00000380327,1,2,ENST00000349777/ENST00000397138,ENSE00003473126,ENSE00003473126,2,ENSBTAE00000538008,100.0,92.85714285714286,SLENTRRILGLAIE,SLESTRRILGLAIE,1,0,0,SLESTRRILGLAIE,False,4,4,1.0
9,ENSE00003473126_SE_1,TCTCTGGAAAGTACGAGGAGAATCCTGGGTTTAGCCATTGAG,ENSE00003473126_SE_1,42512955,42512996,1,ENSG00000092531,ENST00000564153,ENSP00000455339,1,3,ENST00000564153,ENSE00003473126,ENSE00003473126,2,ENSBTAE00000538008,100.0,92.85714285714286,SLENTRRILGLAIE,SLESTRRILGLAIE,1,0,0,SLESTRRILGLAIE,False,4,4,1.0
10,ENSE00003473126_SE_1,TCTCTGGAAAGTACGAGGAGAATCCTGGGTTTAGCCATTGAG,ENSE00003473126_SE_1,42512955,42512996,1,ENSG00000092531,ENST00000567094,ENSP00000455472,1,3,ENST00000567094,ENSE00003473126,ENSE00003473126,2,ENSBTAE00000538008,100.0,92.85714285714286,SLENTRRILGLAIE,SLESTRRILGLAIE,1,0,0,SLESTRRILGLAIE,False,4,4,1.0
11,ENSE00003567479_SE_2,TCTCAGGATGCAGGAATCAAGACCATCACTATGCTGGATGAACAAAAGG,ENSE00003567479_SE_2,42513399,42513447,2,ENSG00000092531,ENST00000249647,ENSP00000249647,1,4,ENST00000249647,ENSE00003567479,ENSE00003567479,2,ENSBTAE00000538008,93.75,100.0,SQDAGIKTITMLDEQ,SQDAGIKTITMLDEQ,2,0,1,SQDAGIKTITMLDEQK,False,4,4,1.0
12,ENSE00003567479_SE_2,TCTCAGGATGCAGGAATCAAGACCATCACTATGCTGGATGAACAAAAGG,ENSE00003567479_SE_2,42513399,42513447,2,ENSG00000092531,ENST00000397138,ENSP00000380327,1,3,ENST00000349777/ENST00000397138,ENSE00003567479,ENSE00003567479,2,ENSBTAE00000538008,93.75,100.0,SQDAGIKTITMLDEQ,SQDAGIKTITMLDEQ,2,0,1,SQDAGIKTITMLDEQK,False,4,4,1.0
13,ENSE00003567479_SE_2,TCTCAGGATGCAGGAATCAAGACCATCACTATGCTGGATGAACAAAAGG,ENSE00003567479_SE_2,42513399,42513447,2,ENSG00000092531,ENST00000564153,ENSP00000455339,1,4,ENST00000564153,ENSE00003567479,ENSE00003567479,2,ENSBTAE00000538008,93.75,100.0,SQDAGIKTITMLDEQ,SQDAGIKTITMLDEQ,2,0,1,SQDAGIKTITMLDEQK,False,4,4,1.0
14,ENSE00003567479_SE_2,TCTCAGGATGCAGGAATCAAGACCATCACTATGCTGGATGAACAAAAGG,ENSE00003567479_SE_2,42513399,42513447,2,ENSG00000092531,ENST00000567094,ENSP00000455472,1,4,ENST00000567094,ENSE00003567479,ENSE00003567479,2,ENSBTAE00000538008,93.75,100.0,SQDAGIKTITMLDEQ,SQDAGIKTITMLDEQ,2,0,1,SQDAGIKTITMLDEQK,False,4,4,1.0
15,ENSE00003530990_SE_3,AACAACTAAACCGCATAGAAGAAGGCTTGGACCAAATAAATAAGGACATGAGAGAGACAGAGAAGACTTTAACAGAACTCAACAAATGCTGTGGCCTTTGTGTCTGCCCATGTAATAG,ENSE00003530990_SE_3,42515237,42515354,3,ENSG00000092531,ENST00000249647,ENSP00000249647,1,5,ENST00000249647,ENSE00003530990,ENSE00003530990,2,ENSBTAE00000538008,87.17948717948718,88.23529411764706,EQLKRIEEGMDQKNKDMREAEKTLTELNKCCGLC,EQLNRIEEGLDQINKDMRETEKTLTELNKCCGLC,3,1,2,EQLNRIEEGLDQINKDMRETEKTLTELNKCCGLCVCPCN,False,4,4,1.0
16,ENSE00003530990_SE_3,AACAACTAAACCGCATAGAAGAAGGCTTGGACCAAATAAATAAGGACATGAGAGAGACAGAGAAGACTTTAACAGAACTCAACAAATGCTGTGGCCTTTGTGTCTGCCCATGTAATAG,ENSE00003530990_SE_3,42515237,42515354,3,ENSG00000092531,ENST00000397138,ENSP00000380327,1,4,ENST00000349777/ENST00000397138,ENSE00003530990,ENSE00003530990,2,ENSBTAE00000538008,87.17948717948718,88.23529411764706,EQLKRIEEGMDQKNKDMREAEKTLTELNKCCGLC,EQLNRIEEGLDQINKDMRETEKTLTELNKCCGLC,3,1,2,EQLNRIEEGLDQINKDMRETEKTLTELNKCCGLCVCPCN,False,4,4,1.0
17,ENSE00003530990_SE_3,AACAACTAAACCGCATAGAAGAAGGCTTGGACCAAATAAATAAGGACATGAGAGAGACAGAGAAGACTTTAACAGAACTCAACAAATGCTGTGGCCTTTGTGTCTGCCCATGTAATAG,ENSE00003530990_SE_3,42515237,42515354,3,ENSG00000092531,ENST00000564153,ENSP00000455339,1,5,ENST00000564153,ENSE00003530990,ENSE00003530990,2,ENSBTAE00000538008,87.17948717948718,88.23529411764706,EQLKRIEEGMDQKNKDMREAEKTLTELNKCCGLC,EQLNRIEEGLDQINKDMRETEKTLTELNKCCGLC,3,1,2,EQLNRIEEGLDQINKDMRETEKTLTELNKCCGLCVCPCN,False,4,4,1.0
18,ENSE00003530990_SE_3,AACAACTAAACCGCATAGAAGAAGGCTTGGACCAAATAAATAAGGACATGAGAGAGACAGAGAAGACTTTAACAGAACTCAACAAATGCTGTGGCCTTTGTGTCTGCCCATGTAATAG,ENSE00003530990_SE_3,42515237,42515354,3,ENSG00000092531,ENST00000567094,ENSP00000455472,1,5,ENST00000567094,ENSE00003530990,ENSE00003530990,2,ENSBTAE00000538008,87.17948717948718,88.23529411764706,EQLKRIEEGMDQKNKDMREAEKTLTELNKCCGLC,EQLNRIEEGLDQINKDMRETEKTLTELNKCCGLC,3,1,2,EQLNRIEEGLDQINKDMRETEKTLTELNKCCGLCVCPCN,False,4,4,1.0
19,ENSE00003689744_SE_5,AACAAAGAACTTTGAGTCTGGCAAGGCTTATAAGACAACATGGGGAGATGGTGGAGAAAACTCACCTTGCAATGTAGTATCTAAACAGCCAGGCCCGGTGACAAATGGTCAGCTTCAGCAACCAACAACGGGAGCAGCCAGTGGTGGATACATTAAACG,ENSE00003689744_SE_5,42528262,42528420,5,ENSG00000092531,ENST00000249647,ENSP00000249647,1,6,ENST00000249647,ENSE00003689744,ENSE00003689744,3,ENSRNOE00000478327,100.0,77.35849056603774,RTKNFESGKNYKATWGDGGDSSPSNVVSKQPSRITNG-QPQQTTGAASGGYIK,RTKNFESGKAYKTTWGDGGENSPCNVVSKQPGPVTNGQLQQPTTGAASGGYIK,4,2,2,RTKNFESGKAYKTTWGDGGENSPCNVVSKQPGPVTNGQLQQPTTGAASGGYIK,False,1,4,0.25
20,ENSE00003635811_SE_6,CATAACTAATGATGCCAGAGAAGATGAAATGGAAGAGAACCTGACTCAAGTGGGCAGTATCCTGGGAAATCTAAAAGACATGGCCCTGAACATAGGCAATGAGATTGATGCTCAAAATCCACAAATAAAACGAATCACAGACAAG,ENSE00003635811_SE_6,42529675,42529819,6,ENSG00000092531,ENST00000249647,ENSP00000249647,1,7,ENST00000249647,ENSE00003635811,ENSE00003635811,4,ENSXETE00000000558,100.0,69.38775510204081,RITGDDREDEMDENLTQVGSILGNLKNMAIDMGNELESHNQQIDRINEK,RITNDAREDEMEENLTQVGSILGNLKDMALNIGNEIDAQNPQIKRITDK,5,2,0,RITNDAREDEMEENLTQVGSILGNLKDMALNIGNEIDAQNPQIKRITDK,False,2,4,0.5
21,ENSE00003635811_SE_6,CATAACTAATGATGCCAGAGAAGATGAAATGGAAGAGAACCTGACTCAAGTGGGCAGTATCCTGGGAAATCTAAAAGACATGGCCCTGAACATAGGCAATGAGATTGATGCTCAAAATCCACAAATAAAACGAATCACAGACAAG,ENSE00003635811_SE_6,42529675,42529819,6,ENSG00000092531,ENST00000397138,ENSP00000380327,1,5,ENST00000349777/ENST00000397138,ENSE00003635811,ENSE00003635811,4,ENSXETE00000000558,100.0,67.3469387755102,RITGDDREDEMDENLTQVGSILGNLKNMAIDMGNELESHNQQIDRINEK,SITNDAREDEMEENLTQVGSILGNLKDMALNIGNEIDAQNPQIKRITDK,4,2,0,SITNDAREDEMEENLTQVGSILGNLKDMALNIGNEIDAQNPQIKRITDK,False,2,4,0.5
22,ENSE00001527439_SE_7,GCTGACACCAACAGAGATCGTATTGATATTGCCAATGCCAGAGCAAAGAAACTCATTGACAGCTAA,ENSE00001527439_SE_7/ENSE00001950216_SE_7,42531413,42531478,7,ENSG00000092531,ENST00000249647,ENSP00000249647,1,8,ENST00000249647,ENSE00001950216,ENSE00001950216,6,ENSSSCE00000281002,100.0,90.47619047619048,ADTNKDRIDNANARAKKLIDS,ADTNRDRIDIANARAKKLIDS,6,0,0,ADTNRDRIDIANARAKKLIDS*,False,2,4,0.5
23,ENSE00001527439_SE_7,GCTGACACCAACAGAGATCGTATTGATATTGCCAATGCCAGAGCAAAGAAACTCATTGACAGCTAA,ENSE00001527439_SE_7/ENSE00001950216_SE_7,42531413,42531478,7,ENSG00000092531,ENST00000397138,ENSP00000380327,1,6,ENST00000349777/ENST00000397138,ENSE00001527439,ENSE00001527439,6,ENSSSCE00000281002,100.0,90.47619047619048,ADTNKDRIDNANARAKKLIDS,ADTNRDRIDIANARAKKLIDS,5,0,0,ADTNRDRIDIANARAKKLIDS*,False,2,4,0.5
24,ENSE00002625361_SE_7_8,GCTGACACCAACAGAGATCGTATTGATATTGCCAATGCCAGAGCAAAGAAACTCATTGACAGCTAAAGCTACTGCTGTTCTTCTTTATCATTTATTCACTTCCGTAGCTCCTCCTTGA,ENSE00002625361_SE_7_8,42531413,42531530,8,ENSG00000092531,ENST00000564153,ENSP00000455339,1,6,ENST00000564153,ENSE00002625361,ENSE00002625361,1,ENSBTAE00000496779,100.0,87.17948717948718,RLTPTKIVLTMPMPEQRNSLTAKATAVLLYHLFTFLAPP,RLTPTEIVLILPMPEQRNSLTAKATAVLLYHLFTSVAPP,5,2,0,RLTPTEIVLILPMPEQRNSLTAKATAVLLYHLFTSVAPP*,False,1,4,0.25
26,ENSE00002627889_SE_4,ATTTAACATCAGAAGCCGGGCTCAGTAA,ENSE00002627889_SE_4,42521614,42521641,4,ENSG00000092531,ENST00000567094,ENSP00000455472,1,6,ENST00000567094,ENSE00002627889,ENSE00002627889,5,ENSMMUE00000411219,100.0,100.0,RFNIRSRAQ,RFNIRSRAQ,4,2,0,RFNIRSRAQ*,False,1,4,0.25
27,ENSGGOE00000161915_SE_0,ATGGATAATCTGTCATCAGAAGAAATTCAACAGAGAGCTCACCAGATTACTGATGAG,ENSGGOE00000161915_SE_0/ENSGGOE00000377813_SE_0,20715396,20715452,0,ENSGGOG00000015801,ENSGGOT00000015855,ENSGGOP00000015413,1,2,ENSGGOT00000015855,ENSGGOE00000161915,ENSGGOE00000161915/ENSGGOE00000339334,5,ENSXETE00000000553,100.0,52.63157894736842,MDDMTPEEIQLKANQVTDD,MDNLSSEEIQQRAHQITDE,0,0,0,MDNLSSEEIQQRAHQITDE,False,7,7,1.0
28,ENSGGOE00000161915_SE_0,ATGGATAATCTGTCATCAGAAGAAATTCAACAGAGAGCTCACCAGATTACTGATGAG,ENSGGOE00000161915_SE_0/ENSGGOE00000377813_SE_0,20715396,20715452,0,ENSGGOG00000015801,ENSGGOT00000043438,ENSGGOP00000041624,1,1,ENSGGOT00000043438,ENSGGOE00000377813,ENSGGOE00000377813,5,ENSXETE00000000553,100.0,52.63157894736842,MDDMTPEEIQLKANQVTDD,MDNLSSEEIQQRAHQITDE,0,0,0,MDNLSSEEIQQRAHQITDE,False,7,7,1.0
29,ENSGGOE00000161915_SE_0,ATGGATAATCTGTCATCAGAAGAAATTCAACAGAGAGCTCACCAGATTACTGATGAG,ENSGGOE00000161915_SE_0/ENSGGOE00000377813_SE_0,20715396,20715452,0,ENSGGOG00000015801,ENSGGOT00000045060,ENSGGOP00000034928,1,1,ENSGGOT00000045060,ENSGGOE00000377813,ENSGGOE00000377813,5,ENSXETE00000000553,100.0,52.63157894736842,MDDMTPEEIQLKANQVTDD,MDNLSSEEIQQRAHQITDE,0,0,0,MDNLSSEEIQQRAHQITDE,False,7,7,1.0
30,ENSGGOE00000161915_SE_0,ATGGATAATCTGTCATCAGAAGAAATTCAACAGAGAGCTCACCAGATTACTGATGAG,ENSGGOE00000161915_SE_0/ENSGGOE00000377813_SE_0,20715396,20715452,0,ENSGGOG00000015801,ENSGGOT00000049278,ENSGGOP00000029383,1,1,ENSGGOT00000049278,ENSGGOE00000377813,ENSGGOE00000377813,5,ENSXETE00000000553,100.0,52.63157894736842,MDDMTPEEIQLKANQVTDD,MDNLSSEEIQQRAHQITDE,0,0,0,MDNLSSEEIQQRAHQITDE,False,7,7,1.0
31,ENSGGOE00000161915_SE_0,ATGGATAATCTGTCATCAGAAGAAATTCAACAGAGAGCTCACCAGATTACTGATGAG,ENSGGOE00000161915_SE_0/ENSGGOE00000377813_SE_0,20715396,20715452,0,ENSGGOG00000015801,ENSGGOT00000051779,ENSGGOP00000045783,1,1,ENSGGOT00000051779,ENSGGOE00000161915,ENSGGOE00000161915/ENSGGOE00000339334,5,ENSXETE00000000553,100.0,52.63157894736842,MDDMTPEEIQLKANQVTDD,MDNLSSEEIQQRAHQITDE,0,0,0,MDNLSSEEIQQRAHQITDE,False,7,7,1.0
32,ENSGGOE00000161915_SE_0,ATGGATAATCTGTCATCAGAAGAAATTCAACAGAGAGCTCACCAGATTACTGATGAG,ENSGGOE00000161915_SE_0/ENSGGOE00000377813_SE_0,20715396,20715452,0,ENSGGOG00000015801,ENSGGOT00000054530,ENSGGOP00000050309,1,1,ENSGGOT00000054530,ENSGGOE00000377813,ENSGGOE00000377813,5,ENSXETE00000000553,100.0,52.63157894736842,MDDMTPEEIQLKANQVTDD,MDNLSSEEIQQRAHQITDE,0,0,0,MDNLSSEEIQQRAHQITDE,False,7,7,1.0
33,ENSGGOE00000161915_SE_0,ATGGATAATCTGTCATCAGAAGAAATTCAACAGAGAGCTCACCAGATTACTGATGAG,ENSGGOE00000161915_SE_0/ENSGGOE00000377813_SE_0,20715396,20715452,0,ENSGGOG00000015801,ENSGGOT00000063004,ENSGGOP00000037494,1,1,ENSGGOT00000063004,ENSGGOE00000377813,ENSGGOE00000377813,5,ENSXETE00000000553,100.0,52.63157894736842,MDDMTPEEIQLKANQVTDD,MDNLSSEEIQQRAHQITDE,0,0,0,MDNLSSEEIQQRAHQITDE,False,7,7,1.0
34,ENSGGOE00000161919_SE_1,TCTCTGGAAAGTACGAGGAGAATCCTGGGTTTAGCCATTGAG,ENSGGOE00000161919_SE_1,20716521,20716562,1,ENSGGOG00000015801,ENSGGOT00000015855,ENSGGOP00000015413,1,3,ENSGGOT00000015855,ENSGGOE00000161919,ENSGGOE00000161919,2,ENSBTAE00000538008,100.0,92.85714285714286,SLENTRRILGLAIE,SLESTRRILGLAIE,1,0,0,SLESTRRILGLAIE,False,7,7,1.0
35,ENSGGOE00000161919_SE_1,TCTCTGGAAAGTACGAGGAGAATCCTGGGTTTAGCCATTGAG,ENSGGOE00000161919_SE_1,20716521,20716562,1,ENSGGOG00000015801,ENSGGOT00000043438,ENSGGOP00000041624,1,2,ENSGGOT00000043438,ENSGGOE00000161919,ENSGGOE00000161919,2,ENSBTAE00000538008,100.0,92.85714285714286,SLENTRRILGLAIE,SLESTRRILGLAIE,1,0,0,SLESTRRILGLAIE,False,7,7,1.0
36,ENSGGOE00000161919_SE_1,TCTCTGGAAAGTACGAGGAGAATCCTGGGTTTAGCCATTGAG,ENSGGOE00000161919_SE_1,20716521,20716562,1,ENSGGOG00000015801,ENSGGOT00000045060,ENSGGOP00000034928,1,2,ENSGGOT00000045060,ENSGGOE00000161919,ENSGGOE00000161919,2,ENSBTAE00000538008,100.0,92.85714285714286,SLENTRRILGLAIE,SLESTRRILGLAIE,1,0,0,SLESTRRILGLAIE,False,7,7,1.0
37,ENSGGOE00000161919_SE_1,TCTCTGGAAAGTACGAGGAGAATCCTGGGTTTAGCCATTGAG,ENSGGOE00000161919_SE_1,20716521,20716562,1,ENSGGOG00000015801,ENSGGOT00000049278,ENSGGOP00000029383,1,2,ENSGGOT00000049278,ENSGGOE00000161919,ENSGGOE00000161919,2,ENSBTAE00000538008,100.0,92.85714285714286,SLENTRRILGLAIE,SLESTRRILGLAIE,1,0,0,SLESTRRILGLAIE,False,7,7,1.0
38,ENSGGOE00000161919_SE_1,TCTCTGGAAAGTACGAGGAGAATCCTGGGTTTAGCCATTGAG,ENSGGOE00000161919_SE_1,20716521,20716562,1,ENSGGOG00000015801,ENSGGOT00000051779,ENSGGOP00000045783,1,2,ENSGGOT00000051779,ENSGGOE00000161919,ENSGGOE00000161919,2,ENSBTAE00000538008,100.0,92.85714285714286,SLENTRRILGLAIE,SLESTRRILGLAIE,1,0,0,SLESTRRILGLAIE,False,7,7,1.0
39,ENSGGOE00000161919_SE_1,TCTCTGGAAAGTACGAGGAGAATCCTGGGTTTAGCCATTGAG,ENSGGOE00000161919_SE_1,20716521,20716562,1,ENSGGOG00000015801,ENSGGOT00000054530,ENSGGOP00000050309,1,2,ENSGGOT00000054530,ENSGGOE00000161919,ENSGGOE00000161919,2,ENSBTAE00000538008,100.0,92.85714285714286,SLENTRRILGLAIE,SLESTRRILGLAIE,1,0,0,SLESTRRILGLAIE,False,7,7,1.0
40,ENSGGOE00000161919_SE_1,TCTCTGGAAAGTACGAGGAGAATCCTGGGTTTAGCCATTGAG,ENSGGOE00000161919_SE_1,20716521,20716562,1,ENSGGOG00000015801,ENSGGOT00000063004,ENSGGOP00000037494,1,2,ENSGGOT00000063004,ENSGGOE00000161919,ENSGGOE00000161919,2,ENSBTAE00000538008,100.0,92.85714285714286,SLENTRRILGLAIE,SLESTRRILGLAIE,1,0,0,SLESTRRILGLAIE,False,7,7,1.0
41,ENSGGOE00000161924_SE_5,TCTCAGGATGCAGGAATCAAGACCATCACTATGCTGGATGAACAAAAGG,ENSGGOE00000161924_SE_5,20716967,20717015,5,ENSGGOG00000015801,ENSGGOT00000015855,ENSGGOP00000015413,1,4,ENSGGOT00000015855,ENSGGOE00000161924,ENSGGOE00000161924,2,ENSBTAE00000538008,93.75,100.0,SQDAGIKTITMLDEQ,SQDAGIKTITMLDEQ,2,0,1,SQDAGIKTITMLDEQK,False,5,7,0.7142857142857143
42,ENSGGOE00000161924_SE_5,TCTCAGGATGCAGGAATCAAGACCATCACTATGCTGGATGAACAAAAGG,ENSGGOE00000161924_SE_5,20716967,20717015,5,ENSGGOG00000015801,ENSGGOT00000043438,ENSGGOP00000041624,1,3,ENSGGOT00000043438,ENSGGOE00000161924,ENSGGOE00000161924,2,ENSBTAE00000538008,93.75,100.0,SQDAGIKTITMLDEQ,SQDAGIKTITMLDEQ,2,0,1,SQDAGIKTITMLDEQK,False,5,7,0.7142857142857143
43,ENSGGOE00000161924_SE_5,TCTCAGGATGCAGGAATCAAGACCATCACTATGCTGGATGAACAAAAGG,ENSGGOE00000161924_SE_5,20716967,20717015,5,ENSGGOG00000015801,ENSGGOT00000049278,ENSGGOP00000029383,1,3,ENSGGOT00000049278,ENSGGOE00000161924,ENSGGOE00000161924,2,ENSBTAE00000538008,93.75,100.0,SQDAGIKTITMLDEQ,SQDAGIKTITMLDEQ,2,0,1,SQDAGIKTITMLDEQK,False,5,7,0.7142857142857143
44,ENSGGOE00000161924_SE_5,TCTCAGGATGCAGGAATCAAGACCATCACTATGCTGGATGAACAAAAGG,ENSGGOE00000161924_SE_5,20716967,20717015,5,ENSGGOG00000015801,ENSGGOT00000051779,ENSGGOP00000045783,1,3,ENSGGOT00000051779,ENSGGOE00000161924,ENSGGOE00000161924,2,ENSBTAE00000538008,93.75,100.0,SQDAGIKTITMLDEQ,SQDAGIKTITMLDEQ,2,0,1,SQDAGIKTITMLDEQK,False,5,7,0.7142857142857143
45,ENSGGOE00000161924_SE_5,TCTCAGGATGCAGGAATCAAGACCATCACTATGCTGGATGAACAAAAGG,ENSGGOE00000161924_SE_5,20716967,20717015,5,ENSGGOG00000015801,ENSGGOT00000054530,ENSGGOP00000050309,1,3,ENSGGOT00000054530,ENSGGOE00000161924,ENSGGOE00000161924,2,ENSBTAE00000538008,93.75,100.0,SQDAGIKTITMLDEQ,SQDAGIKTITMLDEQ,2,0,1,SQDAGIKTITMLDEQK,False,5,7,0.7142857142857143
46,ENSGGOE00000161930_SE_6,AACAACTAAACCGCATAGAAGAAGGCTTGGACCAAATAAATAAGGACATGAGAGAGACAGAGAAGACTTTAACAGAACTCAACAAATGCTGTGGCCTTTGTGTCTGCCCATGTAATAG,ENSGGOE00000161930_SE_6,20718809,20718926,6,ENSGGOG00000015801,ENSGGOT00000015855,ENSGGOP00000015413,1,5,ENSGGOT00000015855,ENSGGOE00000161930,ENSGGOE00000161930,2,ENSBTAE00000538008,87.17948717948718,88.23529411764706,EQLKRIEEGMDQKNKDMREAEKTLTELNKCCGLC,EQLNRIEEGLDQINKDMRETEKTLTELNKCCGLC,3,1,2,EQLNRIEEGLDQINKDMRETEKTLTELNKCCGLCVCPCN,False,5,7,0.7142857142857143
47,ENSGGOE00000161930_SE_6,AACAACTAAACCGCATAGAAGAAGGCTTGGACCAAATAAATAAGGACATGAGAGAGACAGAGAAGACTTTAACAGAACTCAACAAATGCTGTGGCCTTTGTGTCTGCCCATGTAATAG,ENSGGOE00000161930_SE_6,20718809,20718926,6,ENSGGOG00000015801,ENSGGOT00000043438,ENSGGOP00000041624,1,4,ENSGGOT00000043438,ENSGGOE00000161930,ENSGGOE00000161930,2,ENSBTAE00000538008,87.17948717948718,88.23529411764706,EQLKRIEEGMDQKNKDMREAEKTLTELNKCCGLC,EQLNRIEEGLDQINKDMRETEKTLTELNKCCGLC,3,1,2,EQLNRIEEGLDQINKDMRETEKTLTELNKCCGLCVCPCN,False,5,7,0.7142857142857143
48,ENSGGOE00000161930_SE_6,AACAACTAAACCGCATAGAAGAAGGCTTGGACCAAATAAATAAGGACATGAGAGAGACAGAGAAGACTTTAACAGAACTCAACAAATGCTGTGGCCTTTGTGTCTGCCCATGTAATAG,ENSGGOE00000161930_SE_6,20718809,20718926,6,ENSGGOG00000015801,ENSGGOT00000049278,ENSGGOP00000029383,1,4,ENSGGOT00000049278,ENSGGOE00000161930,ENSGGOE00000161930,2,ENSBTAE00000538008,87.17948717948718,88.23529411764706,EQLKRIEEGMDQKNKDMREAEKTLTELNKCCGLC,EQLNRIEEGLDQINKDMRETEKTLTELNKCCGLC,3,1,2,EQLNRIEEGLDQINKDMRETEKTLTELNKCCGLCVCPCN,False,5,7,0.7142857142857143
49,ENSGGOE00000161930_SE_6,AACAACTAAACCGCATAGAAGAAGGCTTGGACCAAATAAATAAGGACATGAGAGAGACAGAGAAGACTTTAACAGAACTCAACAAATGCTGTGGCCTTTGTGTCTGCCCATGTAATAG,ENSGGOE00000161930_SE_6,20718809,20718926,6,ENSGGOG00000015801,ENSGGOT00000051779,ENSGGOP00000045783,1,4,ENSGGOT00000051779,ENSGGOE00000161930,ENSGGOE00000161930,2,ENSBTAE00000538008,87.17948717948718,88.23529411764706,EQLKRIEEGMDQKNKDMREAEKTLTELNKCCGLC,EQLNRIEEGLDQINKDMRETEKTLTELNKCCGLC,3,1,2,EQLNRIEEGLDQINKDMRETEKTLTELNKCCGLCVCPCN,False,5,7,0.7142857142857143
50,ENSGGOE00000161930_SE_6,AACAACTAAACCGCATAGAAGAAGGCTTGGACCAAATAAATAAGGACATGAGAGAGACAGAGAAGACTTTAACAGAACTCAACAAATGCTGTGGCCTTTGTGTCTGCCCATGTAATAG,ENSGGOE00000161930_SE_6,20718809,20718926,6,ENSGGOG00000015801,ENSGGOT00000054530,ENSGGOP00000050309,1,4,ENSGGOT00000054530,ENSGGOE00000161930,ENSGGOE00000161930,2,ENSBTAE00000538008,87.17948717948718,88.23529411764706,EQLKRIEEGMDQKNKDMREAEKTLTELNKCCGLC,EQLNRIEEGLDQINKDMRETEKTLTELNKCCGLC,3,1,2,EQLNRIEEGLDQINKDMRETEKTLTELNKCCGLCVCPCN,False,5,7,0.7142857142857143
51,ENSGGOE00000284157_SE_8,AACAAAGAACTTTGAGTCTGGCAAGGCTTATAAGACAACATGGGGAGATGGTGGAGAAAACTCACCTTGCAATGTAGTATCTAAACAGCCAGGCCCGGTGACAAATGGTCAGCCTCAGCAACCAACAACAGGAGCAGCCAGTGGTGGATACATTAAACG,ENSGGOE00000284157_SE_8,20731813,20731971,8,ENSGGOG00000015801,ENSGGOT00000015855,ENSGGOP00000015413,1,6,ENSGGOT00000015855,ENSGGOE00000284157,ENSGGOE00000284157,3,ENSRNOE00000478327,100.0,77.35849056603774,RTKNFESGKNYKATWGDGGDSSPSNVVSKQPSRITNG-QPQQTTGAASGGYIK,RTKNFESGKAYKTTWGDGGENSPCNVVSKQPGPVTNGQPQQPTTGAASGGYIK,4,2,2,RTKNFESGKAYKTTWGDGGENSPCNVVSKQPGPVTNGQPQQPTTGAASGGYIK,False,2,7,0.2857142857142857
52,ENSGGOE00000284157_SE_8,AACAAAGAACTTTGAGTCTGGCAAGGCTTATAAGACAACATGGGGAGATGGTGGAGAAAACTCACCTTGCAATGTAGTATCTAAACAGCCAGGCCCGGTGACAAATGGTCAGCCTCAGCAACCAACAACAGGAGCAGCCAGTGGTGGATACATTAAACG,ENSGGOE00000284157_SE_8,20731813,20731971,8,ENSGGOG00000015801,ENSGGOT00000051779,ENSGGOP00000045783,1,5,ENSGGOT00000051779,ENSGGOE00000284157,ENSGGOE00000284157,3,ENSRNOE00000478327,100.0,77.35849056603774,RTKNFESGKNYKATWGDGGDSSPSNVVSKQPSRITNG-QPQQTTGAASGGYIK,RTKNFESGKAYKTTWGDGGENSPCNVVSKQPGPVTNGQPQQPTTGAASGGYIK,4,2,2,RTKNFESGKAYKTTWGDGGENSPCNVVSKQPGPVTNGQPQQPTTGAASGGYIK,False,2,7,0.2857142857142857
53,ENSGGOE00000161942_SE_9,CATAACTAATGATGCCAGAGAAGATGAAATGGAAGAGAACCTGACTCAAGTGGGCAGTATCCTGGGAAATCTAAAAGACATGGCCCTGAACATAGGCAATGAGATTGATGCTCAAAATCCACAGATAAAACGAATCACAGACAAG,ENSGGOE00000161942_SE_9,20733225,20733369,9,ENSGGOG00000015801,ENSGGOT00000015855,ENSGGOP00000015413,1,7,ENSGGOT00000015855,ENSGGOE00000161942,ENSGGOE00000161942,4,ENSXETE00000000558,100.0,69.38775510204081,RITGDDREDEMDENLTQVGSILGNLKNMAIDMGNELESHNQQIDRINEK,RITNDAREDEMEENLTQVGSILGNLKDMALNIGNEIDAQNPQIKRITDK,5,2,0,RITNDAREDEMEENLTQVGSILGNLKDMALNIGNEIDAQNPQIKRITDK,False,3,7,0.42857142857142855
54,ENSGGOE00000161942_SE_9,CATAACTAATGATGCCAGAGAAGATGAAATGGAAGAGAACCTGACTCAAGTGGGCAGTATCCTGGGAAATCTAAAAGACATGGCCCTGAACATAGGCAATGAGATTGATGCTCAAAATCCACAGATAAAACGAATCACAGACAAG,ENSGGOE00000161942_SE_9,20733225,20733369,9,ENSGGOG00000015801,ENSGGOT00000043438,ENSGGOP00000041624,1,5,ENSGGOT00000043438,ENSGGOE00000161942,ENSGGOE00000161942,4,ENSXETE00000000558,100.0,67.3469387755102,RITGDDREDEMDENLTQVGSILGNLKNMAIDMGNELESHNQQIDRINEK,SITNDAREDEMEENLTQVGSILGNLKDMALNIGNEIDAQNPQIKRITDK,4,2,0,SITNDAREDEMEENLTQVGSILGNLKDMALNIGNEIDAQNPQIKRITDK,False,3,7,0.42857142857142855
55,ENSGGOE00000161942_SE_9,CATAACTAATGATGCCAGAGAAGATGAAATGGAAGAGAACCTGACTCAAGTGGGCAGTATCCTGGGAAATCTAAAAGACATGGCCCTGAACATAGGCAATGAGATTGATGCTCAAAATCCACAGATAAAACGAATCACAGACAAG,ENSGGOE00000161942_SE_9,20733225,20733369,9,ENSGGOG00000015801,ENSGGOT00000051779,ENSGGOP00000045783,1,6,ENSGGOT00000051779,ENSGGOE00000161942,ENSGGOE00000161942,4,ENSXETE00000000558,100.0,69.38775510204081,RITGDDREDEMDENLTQVGSILGNLKNMAIDMGNELESHNQQIDRINEK,RITNDAREDEMEENLTQVGSILGNLKDMALNIGNEIDAQNPQIKRITDK,5,2,0,RITNDAREDEMEENLTQVGSILGNLKDMALNIGNEIDAQNPQIKRITDK,False,3,7,0.42857142857142855
56,ENSGGOE00000280085_SE_10,GCTGACACCAACAGAGATCGTATTGATATTGCCAATGCCAGAGCAAAGAAACTCATTGACAGCTAA,ENSGGOE00000280085_SE_10/ENSGGOE00000309077_SE_10,20734966,20735031,10,ENSGGOG00000015801,ENSGGOT00000015855,ENSGGOP00000015413,1,8,ENSGGOT00000015855,ENSGGOE00000280085,ENSGGOE00000280085,6,ENSSSCE00000281002,100.0,90.47619047619048,ADTNKDRIDNANARAKKLIDS,ADTNRDRIDIANARAKKLIDS,6,0,0,ADTNRDRIDIANARAKKLIDS*,False,2,7,0.2857142857142857
57,ENSGGOE00000280085_SE_10,GCTGACACCAACAGAGATCGTATTGATATTGCCAATGCCAGAGCAAAGAAACTCATTGACAGCTAA,ENSGGOE00000280085_SE_10/ENSGGOE00000309077_SE_10,20734966,20735031,10,ENSGGOG00000015801,ENSGGOT00000043438,ENSGGOP00000041624,1,6,ENSGGOT00000043438,ENSGGOE00000309077,ENSGGOE00000309077,6,ENSSSCE00000281002,100.0,90.47619047619048,ADTNKDRIDNANARAKKLIDS,ADTNRDRIDIANARAKKLIDS,5,0,0,ADTNRDRIDIANARAKKLIDS*,False,2,7,0.2857142857142857
58,ENSGGOE00000343373_SE_2,TATTGGAATATGACAGGGAAGATGAATTCACTATGA,ENSGGOE00000343373_SE_2,20716740,20716775,2,ENSGGOG00000015801,ENSGGOT00000045060,ENSGGOP00000034928,1,3,ENSGGOT00000045060,ENSGGOE00000343373,ENSGGOE00000343373,9,ENSMMUE00000389289,100.0,100.0,YWNMTGKMNSL,YWNMTGKMNSL,2,0,0,YWNMTGKMNSL*,False,1,7,0.14285714285714285
59,ENSGGOE00000314857_SE_7,ATTTAACATCAGAAGCCGGGCTCATTAA,ENSGGOE00000314857_SE_7,20725178,20725205,7,ENSGGOG00000015801,ENSGGOT00000049278,ENSGGOP00000029383,1,5,ENSGGOT00000049278,ENSGGOE00000314857,ENSGGOE00000314857,5,ENSOANE00000116068,88.88888888888889,50.0,EEIQLRAH,FNIRSRAH,4,2,0,RFNIRSRAH*,False,1,7,0.14285714285714285
60,ENSGGOE00000332907_SE_12,CAAGCAGACAGATCTGGGAATCACTGA,ENSGGOE00000332907_SE_12,20748693,20748719,12,ENSGGOG00000015801,ENSGGOT00000051779,ENSGGOP00000045783,1,7,ENSGGOT00000051779,ENSGGOE00000332907,ENSGGOE00000332907,4,ENSSSCE00000040197,100.0,37.5,MALDMGNE,QADRSGNH,6,0,0,QADRSGNH*,False,1,7,0.14285714285714285
61,ENSGGOE00000349422_SE_10_11,GCTGACACCAACAGAGATCGTATTGATATTGCCAATGCCAGAGCAAAGAAACTCATTGACAGCTAAAGCTACTGCTGTTCTTCTTTATCATTTATTCACTTCCGTAGCTCCTCCTTGA,ENSGGOE00000349422_SE_10_11,20734966,20735083,11,ENSGGOG00000015801,ENSGGOT00000054530,ENSGGOP00000050309,1,5,ENSGGOT00000054530,ENSGGOE00000349422,ENSGGOE00000349422,1,ENSBTAE00000496779,100.0,87.17948717948718,RLTPTKIVLTMPMPEQRNSLTAKATAVLLYHLFTFLAPP,RLTPTEIVLILPMPEQRNSLTAKATAVLLYHLFTSVAPP,5,2,0,RLTPTEIVLILPMPEQRNSLTAKATAVLLYHLFTSVAPP*,False,1,7,0.14285714285714285
63,ENSGGOE00000339579_SE_3,GTTTTGTTTCTGTTGTTTTTGGTTTGTTTTGTTGTACTATCAGC,ENSGGOE00000339579_SE_3,20716903,20716946,3,ENSGGOG00000015801,ENSGGOT00000063004,ENSGGOP00000037494,1,3,ENSGGOT00000063004,ENSGGOE00000339579,ENSGGOE00000339579,7,ENSGGOE00000339579,,,,,2,0,2,VLFLLFLVCFVVLS,False,1,7,0.14285714285714285
64,ENSGGOE00000366562_SE_4,TTTTCCCCCCTTGTCTTAG,ENSGGOE00000366562_SE_4,20716948,20716966,4,ENSGGOG00000015801,ENSGGOT00000063004,ENSGGOP00000037494,1,4,ENSGGOT00000063004,ENSGGOE00000366562,ENSGGOE00000366562,5,ENSOANE00000116068,100.0,50.0,AMDDLS,AFPPLS,3,2,0,AFPPLS*,False,1,7,0.14285714285714285
65,ENSMMUE00000135940_SE_0,ATGGATAATCTGTCATCAGAAGAAATTCAACTGAGAGCTCACCAGATTACTGATGAG,ENSMMUE00000135940_SE_0/ENSMMUE00000341694_SE_0,18938015,18938071,0,ENSMMUG00000014043,ENSMMUT00000019711,ENSMMUP00000018453,1,1,ENSMMUT00000019711,ENSMMUE00000135940,ENSMMUE00000135940,5,ENSXETE00000000553,100.0,57.89473684210527,MDDMTPEEIQLKANQVTDD,MDNLSSEEIQLRAHQITDE,0,0,0,MDNLSSEEIQLRAHQITDE,False,5,5,1.0
66,ENSMMUE00000135940_SE_0,ATGGATAATCTGTCATCAGAAGAAATTCAACTGAGAGCTCACCAGATTACTGATGAG,ENSMMUE00000135940_SE_0/ENSMMUE00000341694_SE_0,18938015,18938071,0,ENSMMUG00000014043,ENSMMUT00000019712,ENSMMUP00000018454,1,1,ENSMMUT00000019712,ENSMMUE00000135940,ENSMMUE00000135940,5,ENSXETE00000000553,100.0,57.89473684210527,MDDMTPEEIQLKANQVTDD,MDNLSSEEIQLRAHQITDE,0,0,0,MDNLSSEEIQLRAHQITDE,False,5,5,1.0
67,ENSMMUE00000135940_SE_0,ATGGATAATCTGTCATCAGAAGAAATTCAACTGAGAGCTCACCAGATTACTGATGAG,ENSMMUE00000135940_SE_0/ENSMMUE00000341694_SE_0,18938015,18938071,0,ENSMMUG00000014043,ENSMMUT00000056465,ENSMMUP00000060336,1,1,ENSMMUT00000056465,ENSMMUE00000135940,ENSMMUE00000135940,5,ENSXETE00000000553,100.0,57.89473684210527,MDDMTPEEIQLKANQVTDD,MDNLSSEEIQLRAHQITDE,0,0,0,MDNLSSEEIQLRAHQITDE,False,5,5,1.0
68,ENSMMUE00000135940_SE_0,ATGGATAATCTGTCATCAGAAGAAATTCAACTGAGAGCTCACCAGATTACTGATGAG,ENSMMUE00000135940_SE_0/ENSMMUE00000341694_SE_0,18938015,18938071,0,ENSMMUG00000014043,ENSMMUT00000056844,ENSMMUP00000043794,1,2,ENSMMUT00000056844,ENSMMUE00000341694,ENSMMUE00000341694,5,ENSXETE00000000553,100.0,57.89473684210527,MDDMTPEEIQLKANQVTDD,MDNLSSEEIQLRAHQITDE,0,0,0,MDNLSSEEIQLRAHQITDE,False,5,5,1.0
69,ENSMMUE00000135940_SE_0,ATGGATAATCTGTCATCAGAAGAAATTCAACTGAGAGCTCACCAGATTACTGATGAG,ENSMMUE00000135940_SE_0/ENSMMUE00000341694_SE_0,18938015,18938071,0,ENSMMUG00000014043,ENSMMUT00000071916,ENSMMUP00000053201,1,2,ENSMMUT00000071916,ENSMMUE00000341694,ENSMMUE00000341694,5,ENSXETE00000000553,100.0,57.89473684210527,MDDMTPEEIQLKANQVTDD,MDNLSSEEIQLRAHQITDE,0,0,0,MDNLSSEEIQLRAHQITDE,False,5,5,1.0
70,ENSMMUE00000135941_SE_1,TCTCTGGAAAGTACGAGGAGAATCCTGGGTTTAGCCATTGAG,ENSMMUE00000135941_SE_1,18939472,18939513,1,ENSMMUG00000014043,ENSMMUT00000019711,ENSMMUP00000018453,1,2,ENSMMUT00000019711,ENSMMUE00000135941,ENSMMUE00000135941,2,ENSBTAE00000538008,100.0,92.85714285714286,SLENTRRILGLAIE,SLESTRRILGLAIE,1,0,0,SLESTRRILGLAIE,False,5,5,1.0
71,ENSMMUE00000135941_SE_1,TCTCTGGAAAGTACGAGGAGAATCCTGGGTTTAGCCATTGAG,ENSMMUE00000135941_SE_1,18939472,18939513,1,ENSMMUG00000014043,ENSMMUT00000019712,ENSMMUP00000018454,1,2,ENSMMUT00000019712,ENSMMUE00000135941,ENSMMUE00000135941,2,ENSBTAE00000538008,100.0,92.85714285714286,SLENTRRILGLAIE,SLESTRRILGLAIE,1,0,0,SLESTRRILGLAIE,False,5,5,1.0
72,ENSMMUE00000135941_SE_1,TCTCTGGAAAGTACGAGGAGAATCCTGGGTTTAGCCATTGAG,ENSMMUE00000135941_SE_1,18939472,18939513,1,ENSMMUG00000014043,ENSMMUT00000056465,ENSMMUP00000060336,1,2,ENSMMUT00000056465,ENSMMUE00000135941,ENSMMUE00000135941,2,ENSBTAE00000538008,100.0,92.85714285714286,SLENTRRILGLAIE,SLESTRRILGLAIE,1,0,0,SLESTRRILGLAIE,False,5,5,1.0
73,ENSMMUE00000135941_SE_1,TCTCTGGAAAGTACGAGGAGAATCCTGGGTTTAGCCATTGAG,ENSMMUE00000135941_SE_1,18939472,18939513,1,ENSMMUG00000014043,ENSMMUT00000056844,ENSMMUP00000043794,1,3,ENSMMUT00000056844,ENSMMUE00000135941,ENSMMUE00000135941,2,ENSBTAE00000538008,100.0,92.85714285714286,SLENTRRILGLAIE,SLESTRRILGLAIE,1,0,0,SLESTRRILGLAIE,False,5,5,1.0
74,ENSMMUE00000135941_SE_1,TCTCTGGAAAGTACGAGGAGAATCCTGGGTTTAGCCATTGAG,ENSMMUE00000135941_SE_1,18939472,18939513,1,ENSMMUG00000014043,ENSMMUT00000071916,ENSMMUP00000053201,1,3,ENSMMUT00000071916,ENSMMUE00000135941,ENSMMUE00000135941,2,ENSBTAE00000538008,100.0,92.85714285714286,SLENTRRILGLAIE,SLESTRRILGLAIE,1,0,0,SLESTRRILGLAIE,False,5,5,1.0
75,ENSMMUE00000135942_SE_3,TCTCAGGATGCAGGAATCAAGACCATCACTATGCTGGATGAACAAGGGG,ENSMMUE00000135942_SE_3,18939930,18939978,3,ENSMMUG00000014043,ENSMMUT00000019711,ENSMMUP00000018453,1,3,ENSMMUT00000019711,ENSMMUE00000135942,ENSMMUE00000135942,2,ENSBTAE00000538008,100.0,100.0,SQDAGIKTITMLDEQG,SQDAGIKTITMLDEQG,2,0,1,SQDAGIKTITMLDEQG,False,4,5,0.8
76,ENSMMUE00000135942_SE_3,TCTCAGGATGCAGGAATCAAGACCATCACTATGCTGGATGAACAAGGGG,ENSMMUE00000135942_SE_3,18939930,18939978,3,ENSMMUG00000014043,ENSMMUT00000019712,ENSMMUP00000018454,1,3,ENSMMUT00000019712,ENSMMUE00000135942,ENSMMUE00000135942,2,ENSBTAE00000538008,100.0,100.0,SQDAGIKTITMLDEQG,SQDAGIKTITMLDEQG,2,0,1,SQDAGIKTITMLDEQG,False,4,5,0.8
77,ENSMMUE00000135942_SE_3,TCTCAGGATGCAGGAATCAAGACCATCACTATGCTGGATGAACAAGGGG,ENSMMUE00000135942_SE_3,18939930,18939978,3,ENSMMUG00000014043,ENSMMUT00000056844,ENSMMUP00000043794,1,4,ENSMMUT00000056844,ENSMMUE00000135942,ENSMMUE00000135942,2,ENSBTAE00000538008,100.0,100.0,SQDAGIKTITMLDEQG,SQDAGIKTITMLDEQG,2,0,1,SQDAGIKTITMLDEQG,False,4,5,0.8
78,ENSMMUE00000135942_SE_3,TCTCAGGATGCAGGAATCAAGACCATCACTATGCTGGATGAACAAGGGG,ENSMMUE00000135942_SE_3,18939930,18939978,3,ENSMMUG00000014043,ENSMMUT00000071916,ENSMMUP00000053201,1,4,ENSMMUT00000071916,ENSMMUE00000135942,ENSMMUE00000135942,2,ENSBTAE00000538008,100.0,100.0,SQDAGIKTITMLDEQG,SQDAGIKTITMLDEQG,2,0,1,SQDAGIKTITMLDEQG,False,4,5,0.8
79,ENSMMUE00000135943_SE_4,AACAACTAAACCGCATAGAAGAAGGCTTGGACCAAATAAATAAAGATATGAGAGAGACAGAGAAGACCTTAACAGAACTCAACAAATGCTGTGGCCTTTGTGTCTGCCCATGTAATAG,ENSMMUE00000135943_SE_4,18941213,18941330,4,ENSMMUG00000014043,ENSMMUT00000019711,ENSMMUP00000018453,1,4,ENSMMUT00000019711,ENSMMUE00000135943,ENSMMUE00000135943,2,ENSBTAE00000538008,87.17948717948718,88.23529411764706,EQLKRIEEGMDQKNKDMREAEKTLTELNKCCGLC,EQLNRIEEGLDQINKDMRETEKTLTELNKCCGLC,3,1,2,EQLNRIEEGLDQINKDMRETEKTLTELNKCCGLCVCPCN,False,4,5,0.8
80,ENSMMUE00000135943_SE_4,AACAACTAAACCGCATAGAAGAAGGCTTGGACCAAATAAATAAAGATATGAGAGAGACAGAGAAGACCTTAACAGAACTCAACAAATGCTGTGGCCTTTGTGTCTGCCCATGTAATAG,ENSMMUE00000135943_SE_4,18941213,18941330,4,ENSMMUG00000014043,ENSMMUT00000019712,ENSMMUP00000018454,1,4,ENSMMUT00000019712,ENSMMUE00000135943,ENSMMUE00000135943,2,ENSBTAE00000538008,87.17948717948718,88.23529411764706,EQLKRIEEGMDQKNKDMREAEKTLTELNKCCGLC,EQLNRIEEGLDQINKDMRETEKTLTELNKCCGLC,3,1,2,EQLNRIEEGLDQINKDMRETEKTLTELNKCCGLCVCPCN,False,4,5,0.8
81,ENSMMUE00000135943_SE_4,AACAACTAAACCGCATAGAAGAAGGCTTGGACCAAATAAATAAAGATATGAGAGAGACAGAGAAGACCTTAACAGAACTCAACAAATGCTGTGGCCTTTGTGTCTGCCCATGTAATAG,ENSMMUE00000135943_SE_4,18941213,18941330,4,ENSMMUG00000014043,ENSMMUT00000056844,ENSMMUP00000043794,1,5,ENSMMUT00000056844,ENSMMUE00000135943,ENSMMUE00000135943,2,ENSBTAE00000538008,87.17948717948718,88.23529411764706,EQLKRIEEGMDQKNKDMREAEKTLTELNKCCGLC,EQLNRIEEGLDQINKDMRETEKTLTELNKCCGLC,3,1,2,EQLNRIEEGLDQINKDMRETEKTLTELNKCCGLCVCPCN,False,4,5,0.8
82,ENSMMUE00000135943_SE_4,AACAACTAAACCGCATAGAAGAAGGCTTGGACCAAATAAATAAAGATATGAGAGAGACAGAGAAGACCTTAACAGAACTCAACAAATGCTGTGGCCTTTGTGTCTGCCCATGTAATAG,ENSMMUE00000135943_SE_4,18941213,18941330,4,ENSMMUG00000014043,ENSMMUT00000071916,ENSMMUP00000053201,1,5,ENSMMUT00000071916,ENSMMUE00000135943,ENSMMUE00000135943,2,ENSBTAE00000538008,87.17948717948718,88.23529411764706,EQLKRIEEGMDQKNKDMREAEKTLTELNKCCGLC,EQLNRIEEGLDQINKDMRETEKTLTELNKCCGLC,3,1,2,EQLNRIEEGLDQINKDMRETEKTLTELNKCCGLCVCPCN,False,4,5,0.8
83,ENSMMUE00000411219_SE_5,ATTTAACATCAGAAGCCGGGCTCAGTAA,ENSMMUE00000411219_SE_5,18948480,18948507,5,ENSMMUG00000014043,ENSMMUT00000019711,ENSMMUP00000018453,1,5,ENSMMUT00000019711,ENSMMUE00000411219,ENSMMUE00000411219,5,ENSMODE00000186070,88.88888888888889,37.5,EEIQLRAH,FNIRSRAQ,4,2,0,RFNIRSRAQ*,False,1,5,0.2
84,ENSMMUE00000135939_SE_8_9,GCTGACACCAACAAAGATCGTATTGATATTGCCAATGCCAGAGCAAAGAAACTCATTGACAGCTAAAGCTACTGCTGTTCTTCTTTATCATTTATTCACTTCCGTAGCTCCTCCTTGA,ENSMMUE00000135939_SE_8_9,18958389,18958506,9,ENSMMUG00000014043,ENSMMUT00000019712,ENSMMUP00000018454,1,5,ENSMMUT00000019712,ENSMMUE00000135939,ENSMMUE00000135939,1,ENSBTAE00000496779,100.0,89.74358974358975,RLTPTKIVLTMPMPEQRNSLTAKATAVLLYHLFTFLAPP,RLTPTKIVLILPMPEQRNSLTAKATAVLLYHLFTSVAPP,5,2,0,RLTPTKIVLILPMPEQRNSLTAKATAVLLYHLFTSVAPP*,False,1,5,0.2
86,ENSMMUE00000389289_SE_2,TATTGGAATATGACAGGGAAGATGAATTCACTATGA,ENSMMUE00000389289_SE_2,18939692,18939727,2,ENSMMUG00000014043,ENSMMUT00000056465,ENSMMUP00000060336,1,3,ENSMMUT00000056465,ENSMMUE00000389289,ENSMMUE00000389289,9,ENSMMUE00000389289,,,,,2,0,0,YWNMTGKMNSL*,False,1,5,0.2
87,ENSMMUE00000135938_SE_7,CATAACTAATGATGCCAGAGAAGATGAAATGGAAGAGAACCTGACTCAAGTGGGTAGTATCCTGGGAAATCTAAAAGACATGGCCTTGAACATAGGCAATGAGATTGATGCTCAAAATCCGCAAATAAAACGAATCACAGACAAG,ENSMMUE00000135938_SE_7,18956322,18956466,7,ENSMMUG00000014043,ENSMMUT00000056844,ENSMMUP00000043794,1,6,ENSMMUT00000056844,ENSMMUE00000135938,ENSMMUE00000135938,4,ENSXETE00000000558,100.0,67.3469387755102,RITGDDREDEMDENLTQVGSILGNLKNMAIDMGNELESHNQQIDRINEK,SITNDAREDEMEENLTQVGSILGNLKDMALNIGNEIDAQNPQIKRITDK,4,2,0,SITNDAREDEMEENLTQVGSILGNLKDMALNIGNEIDAQNPQIKRITDK,False,2,5,0.4
88,ENSMMUE00000135938_SE_7,CATAACTAATGATGCCAGAGAAGATGAAATGGAAGAGAACCTGACTCAAGTGGGTAGTATCCTGGGAAATCTAAAAGACATGGCCTTGAACATAGGCAATGAGATTGATGCTCAAAATCCGCAAATAAAACGAATCACAGACAAG,ENSMMUE00000135938_SE_7,18956322,18956466,7,ENSMMUG00000014043,ENSMMUT00000071916,ENSMMUP00000053201,1,7,ENSMMUT00000071916,ENSMMUE00000135938,ENSMMUE00000135938,4,ENSXETE00000000558,100.0,69.38775510204081,RITGDDREDEMDENLTQVGSILGNLKNMAIDMGNELESHNQQIDRINEK,RITNDAREDEMEENLTQVGSILGNLKDMALNIGNEIDAQNPQIKRITDK,5,2,0,RITNDAREDEMEENLTQVGSILGNLKDMALNIGNEIDAQNPQIKRITDK,False,2,5,0.4
89,ENSMMUE00000356420_SE_8,GCTGACACCAACAAAGATCGTATTGATATTGCCAATGCCAGAGCAAAGAAACTCATTGACAGCTAA,ENSMMUE00000356420_SE_8,18958389,18958454,8,ENSMMUG00000014043,ENSMMUT00000056844,ENSMMUP00000043794,1,7,ENSMMUT00000056844,ENSMMUE00000356420,ENSMMUE00000356420,6,ENSSSCE00000281002,100.0,95.23809523809523,ADTNKDRIDNANARAKKLIDS,ADTNKDRIDIANARAKKLIDS,5,0,0,ADTNKDRIDIANARAKKLIDS*,False,2,5,0.4
90,ENSMMUE00000356420_SE_8,GCTGACACCAACAAAGATCGTATTGATATTGCCAATGCCAGAGCAAAGAAACTCATTGACAGCTAA,ENSMMUE00000356420_SE_8,18958389,18958454,8,ENSMMUG00000014043,ENSMMUT00000071916,ENSMMUP00000053201,1,8,ENSMMUT00000071916,ENSMMUE00000356420,ENSMMUE00000356420,6,ENSSSCE00000281002,100.0,95.23809523809523,ADTNKDRIDNANARAKKLIDS,ADTNKDRIDIANARAKKLIDS,6,0,0,ADTNKDRIDIANARAKKLIDS*,False,2,5,0.4
91,ENSMMUE00000135937_SE_6,AACAAAGAACTTTGAGTCTGGCAAGGCTTATAAGACAACATGGGGAGATGGTGGAGAAAACTCACCTTGCAATGTAGTATCTAAACAGCCAGGCCCGGTGACAAATGGTCAGCCTCAGCAACCAATGACAGGAGCAGCCAGTGGTGGATACATTAAACG,ENSMMUE00000135937_SE_6,18954921,18955079,6,ENSMMUG00000014043,ENSMMUT00000071916,ENSMMUP00000053201,1,6,ENSMMUT00000071916,ENSMMUE00000135937,ENSMMUE00000135937,3,ENSRNOE00000478327,100.0,75.47169811320755,RTKNFESGKNYKATWGDGGDSSPSNVVSKQPSRITNG-QPQQTTGAASGGYIK,RTKNFESGKAYKTTWGDGGENSPCNVVSKQPGPVTNGQPQQPMTGAASGGYIK,4,2,2,RTKNFESGKAYKTTWGDGGENSPCNVVSKQPGPVTNGQPQQPMTGAASGGYIK,False,1,5,0.2
92,ENSMODE00000186070_SE_0,ATGGATAATCTATCAGCAGAAGAAATTCAGCTAAGGGCGCACCAGGTGACAGATGAG,ENSMODE00000186070_SE_0,200028455,200028511,0,ENSMODG00000017889,ENSMODT00000022690,ENSMODP00000022300,1,2,ENSMODT00000022690,ENSMODE00000186070,ENSMODE00000186070,5,ENSXETE00000000553,100.0,63.1578947368421,MDDMTPEEIQLKANQVTDD,MDNLSAEEIQLRAHQVTDE,0,0,0,MDNLSAEEIQLRAHQVTDE,False,1,1,1.0
93,ENSMODE00000186044_SE_1,TCCCTGGAAAGTACAAGGAGAATCCTGGGTTTAGCAATTGAG,ENSMODE00000186044_SE_1,200030272,200030313,1,ENSMODG00000017889,ENSMODT00000022690,ENSMODP00000022300,1,3,ENSMODT00000022690,ENSMODE00000186044,ENSMODE00000186044,2,ENSBTAE00000538008,100.0,92.85714285714286,SLENTRRILGLAIE,SLESTRRILGLAIE,1,0,0,SLESTRRILGLAIE,False,1,1,1.0
94,ENSMODE00000186045_SE_2,TCTCAGGATGCAGGAATCAAAACCATCACTATGCTGGATGAACAAGGGG,ENSMODE00000186045_SE_2,200030904,200030952,2,ENSMODG00000017889,ENSMODT00000022690,ENSMODP00000022300,1,4,ENSMODT00000022690,ENSMODE00000186045,ENSMODE00000186045,2,ENSBTAE00000538008,100.0,100.0,SQDAGIKTITMLDEQG,SQDAGIKTITMLDEQG,2,0,1,SQDAGIKTITMLDEQG,False,1,1,1.0
95,ENSMODE00000186047_SE_3,AAAAACTGAACCGCATAGAAGAAGGCATGGACCAAATAAATAAAGACATGAGAGAAGCAGAGAAGACGTTAACAGAACTCAACAAATGTTGCGGCCTTTGTGTTTGCCCTTGGAATAG,ENSMODE00000186047_SE_3,200032738,200032855,3,ENSMODG00000017889,ENSMODT00000022690,ENSMODP00000022300,1,5,ENSMODT00000022690,ENSMODE00000186047,ENSMODE00000186047,2,ENSBTAE00000538008,87.17948717948718,91.17647058823529,EQLKRIEEGMDQKNKDMREAEKTLTELNKCCGLC,EKLNRIEEGMDQINKDMREAEKTLTELNKCCGLC,3,1,2,EKLNRIEEGMDQINKDMREAEKTLTELNKCCGLCVCPWN,False,1,1,1.0
96,ENSMODE00000186052_SE_4,GTCAGCAAATTTTGAGTCTGGCAAGGCCTATAAAGCAACATGGGCTGAAGGTGGAGACAGTTCACCTGGTAATGTGGTTTCTAAGCAGCCAGGCCGTATGACAAATGGTCAACCTCAGCAAACAGCTGCAGGAGGAGCCAGTGGTGGATATATTAAACG,ENSMODE00000186052_SE_4,200045885,200046043,4,ENSMODG00000017889,ENSMODT00000022690,ENSMODP00000022300,1,6,ENSMODT00000022690,ENSMODE00000186052,ENSMODE00000186052,3,ENSRNOE00000478327,100.0,79.24528301886792,RTKNFESGKNYKATWGDGGDSSPSNVVSKQPSRITNGQPQQT-TGAASGGYIK,RSANFESGKAYKATWAEGGDSSPGNVVSKQPGRMTNGQPQQTAAGGASGGYIK,4,2,2,RSANFESGKAYKATWAEGGDSSPGNVVSKQPGRMTNGQPQQTAAGGASGGYIK,False,1,1,1.0
97,ENSMODE00000186057_SE_5,GATAACTAATGATGCCAGAGAAGATGAAATGGAAGAAAATTTGACTCAGGTGGGCAGTATCTTGGGGAACTTGAAAACAATGGCCTTAGACATGGGCAATGAGATTGACTCTCAGAACAAACAAATAGGGAGAATCATTGAGAAG,ENSMODE00000186057_SE_5,200046466,200046610,5,ENSMODG00000017889,ENSMODT00000022690,ENSMODP00000022300,1,7,ENSMODT00000022690,ENSMODE00000186057,ENSMODE00000186057,4,ENSXETE00000000558,100.0,77.55102040816327,RITGDDREDEMDENLTQVGSILGNLKNMAIDMGNELESHNQQIDRINEK,RITNDAREDEMEENLTQVGSILGNLKTMALDMGNEIDSQNKQIGRIIEK,5,2,0,RITNDAREDEMEENLTQVGSILGNLKTMALDMGNEIDSQNKQIGRIIEK,False,1,1,1.0
98,ENSMODE00000186059_SE_6,GCTGATACTAACAAAGATCGTATTGATCTTGCCAATGCCAAAGCAAAGAAACTCATTGATAGTTAA,ENSMODE00000186059_SE_6,200048138,200048203,6,ENSMODG00000017889,ENSMODT00000022690,ENSMODP00000022300,1,8,ENSMODT00000022690,ENSMODE00000186059,ENSMODE00000186059,6,ENSSSCE00000281002,100.0,90.47619047619048,ADTNKDRIDNANARAKKLIDS,ADTNKDRIDLANAKAKKLIDS,6,0,0,ADTNKDRIDLANAKAKKLIDS*,False,1,1,1.0
99,ENSMUSE00000167988_SE_0,ATGGATAATCTGTCCCCAGAGGAAGTTCAGCTGCGGGCTCACCAGGTTACTGATGAG,ENSMUSE00000167988_SE_0,120584309,120584365,0,ENSMUSG00000027287,ENSMUST00000028743,ENSMUSP00000028743,1,2,ENSMUST00000028743/ENSMUST00000110711,ENSMUSE00000167988,ENSMUSE00000167988,5,ENSXETE00000000553,100.0,63.1578947368421,MDDMTPEEIQLKANQVTDD,MDNLSPEEVQLRAHQVTDE,0,0,0,MDNLSPEEVQLRAHQVTDE,False,2,2,1.0
100,ENSMUSE00000167988_SE_0,ATGGATAATCTGTCCCCAGAGGAAGTTCAGCTGCGGGCTCACCAGGTTACTGATGAG,ENSMUSE00000167988_SE_0,120584309,120584365,0,ENSMUSG00000027287,ENSMUST00000116437,ENSMUSP00000112138,1,2,ENSMUST00000116437,ENSMUSE00000167988,ENSMUSE00000167988,5,ENSXETE00000000553,100.0,63.1578947368421,MDDMTPEEIQLKANQVTDD,MDNLSPEEVQLRAHQVTDE,0,0,0,MDNLSPEEVQLRAHQVTDE,False,2,2,1.0
101,ENSMUSE00000167985_SE_1,TCTCTGGAAAGCACAAGGAGAATCCTGGGTTTAGCCATTGAG,ENSMUSE00000167985_SE_1,120585151,120585192,1,ENSMUSG00000027287,ENSMUST00000028743,ENSMUSP00000028743,1,3,ENSMUST00000028743/ENSMUST00000110711,ENSMUSE00000167985,ENSMUSE00000167985,2,ENSBTAE00000538008,100.0,92.85714285714286,SLENTRRILGLAIE,SLESTRRILGLAIE,1,0,0,SLESTRRILGLAIE,False,2,2,1.0
102,ENSMUSE00000167985_SE_1,TCTCTGGAAAGCACAAGGAGAATCCTGGGTTTAGCCATTGAG,ENSMUSE00000167985_SE_1,120585151,120585192,1,ENSMUSG00000027287,ENSMUST00000116437,ENSMUSP00000112138,1,3,ENSMUST00000116437,ENSMUSE00000167985,ENSMUSE00000167985,2,ENSBTAE00000538008,100.0,92.85714285714286,SLENTRRILGLAIE,SLESTRRILGLAIE,1,0,0,SLESTRRILGLAIE,False,2,2,1.0
103,ENSMUSE00000167981_SE_2,TCTCAGGATGCAGGAATCAAGACCATCACTATGCTGGATGAGCAAGGGG,ENSMUSE00000167981_SE_2,120585556,120585604,2,ENSMUSG00000027287,ENSMUST00000028743,ENSMUSP00000028743,1,4,ENSMUST00000028743/ENSMUST00000110711,ENSMUSE00000167981,ENSMUSE00000167981,2,ENSBTAE00000538008,100.0,100.0,SQDAGIKTITMLDEQG,SQDAGIKTITMLDEQG,2,0,1,SQDAGIKTITMLDEQG,False,2,2,1.0
104,ENSMUSE00000167981_SE_2,TCTCAGGATGCAGGAATCAAGACCATCACTATGCTGGATGAGCAAGGGG,ENSMUSE00000167981_SE_2,120585556,120585604,2,ENSMUSG00000027287,ENSMUST00000116437,ENSMUSP00000112138,1,4,ENSMUST00000116437,ENSMUSE00000167981,ENSMUSE00000167981,2,ENSBTAE00000538008,100.0,100.0,SQDAGIKTITMLDEQG,SQDAGIKTITMLDEQG,2,0,1,SQDAGIKTITMLDEQG,False,2,2,1.0
105,ENSMUSE00000167986_SE_3,AACAACTAAATCGCATAGAAGAAGGCATGGACCAAATAAATAAAGACATGAGAGAGGCAGAGAAGACTTTAACAGAACTCAACAAGTGTTGTGGCCTCTGCATCTGCCCTTGTAATAG,ENSMUSE00000167986_SE_3,120586159,120586276,3,ENSMUSG00000027287,ENSMUST00000028743,ENSMUSP00000028743,1,5,ENSMUST00000028743/ENSMUST00000110711,ENSMUSE00000167986,ENSMUSE00000167986,2,ENSBTAE00000538008,87.17948717948718,94.11764705882352,EQLKRIEEGMDQKNKDMREAEKTLTELNKCCGLC,EQLNRIEEGMDQINKDMREAEKTLTELNKCCGLC,3,1,2,EQLNRIEEGMDQINKDMREAEKTLTELNKCCGLCICPCN,False,2,2,1.0
106,ENSMUSE00000167986_SE_3,AACAACTAAATCGCATAGAAGAAGGCATGGACCAAATAAATAAAGACATGAGAGAGGCAGAGAAGACTTTAACAGAACTCAACAAGTGTTGTGGCCTCTGCATCTGCCCTTGTAATAG,ENSMUSE00000167986_SE_3,120586159,120586276,3,ENSMUSG00000027287,ENSMUST00000116437,ENSMUSP00000112138,1,5,ENSMUST00000116437,ENSMUSE00000167986,ENSMUSE00000167986,2,ENSBTAE00000538008,87.17948717948718,94.11764705882352,EQLKRIEEGMDQKNKDMREAEKTLTELNKCCGLC,EQLNRIEEGMDQINKDMREAEKTLTELNKCCGLC,3,1,2,EQLNRIEEGMDQINKDMREAEKTLTELNKCCGLCICPCN,False,2,2,1.0
107,ENSMUSE00001233117_SE_5,GACAAAGAACTTTGAGTCTGGAAAGAACTATAAGGCAACATGGGGAGATGGTGGCGACAACTCACCTAGCAATGTAGTATCTAAGCAACCGAGCCGGATTACAAATGGTCAGCCTCAGCAAACTACAGGAGCAGCCAGTGGTGGATACATTAAACG,ENSMUSE00001233117_SE_5,120594801,120594956,5,ENSMUSG00000027287,ENSMUST00000028743,ENSMUSP00000028743,1,6,ENSMUST00000028743/ENSMUST00000110711,ENSMUSE00001233117,ENSMUSE00001233117,3,ENSRNOE00000478327,100.0,98.07692307692307,RTKNFESGKNYKATWGDGGDSSPSNVVSKQPSRITNGQPQQTTGAASGGYIK,RTKNFESGKNYKATWGDGGDNSPSNVVSKQPSRITNGQPQQTTGAASGGYIK,4,2,2,RTKNFESGKNYKATWGDGGDNSPSNVVSKQPSRITNGQPQQTTGAASGGYIK,False,2,2,1.0
108,ENSMUSE00001233117_SE_5,GACAAAGAACTTTGAGTCTGGAAAGAACTATAAGGCAACATGGGGAGATGGTGGCGACAACTCACCTAGCAATGTAGTATCTAAGCAACCGAGCCGGATTACAAATGGTCAGCCTCAGCAAACTACAGGAGCAGCCAGTGGTGGATACATTAAACG,ENSMUSE00001233117_SE_5,120594801,120594956,5,ENSMUSG00000027287,ENSMUST00000116437,ENSMUSP00000112138,1,7,ENSMUST00000116437,ENSMUSE00001233117,ENSMUSE00001233117,3,ENSRNOE00000478327,100.0,98.07692307692307,RTKNFESGKNYKATWGDGGDSSPSNVVSKQPSRITNGQPQQTTGAASGGYIK,RTKNFESGKNYKATWGDGGDNSPSNVVSKQPSRITNGQPQQTTGAASGGYIK,5,2,2,RTKNFESGKNYKATWGDGGDNSPSNVVSKQPSRITNGQPQQTTGAASGGYIK,False,2,2,1.0
109,ENSMUSE00001301268_SE_6,TATAACTAATGATGCCAGAGAAGATGAGATGGAAGAGAACCTGACTCAAGTGGGCAGCATCCTAGGCAACCTAAAGAACATGGCTCTGGATATGGGCAATGAAATTGATGCTCAAAACCAGCAAATACAGAAGATCACAGAAAAG,ENSMUSE00001301268_SE_6,120596643,120596787,6,ENSMUSG00000027287,ENSMUST00000028743,ENSMUSP00000028743,1,7,ENSMUST00000028743/ENSMUST00000110711,ENSMUSE00001301268,ENSMUSE00001301268,4,ENSXETE00000000558,100.0,77.55102040816327,RITGDDREDEMDENLTQVGSILGNLKNMAIDMGNELESHNQQIDRINEK,RITNDAREDEMEENLTQVGSILGNLKNMALDMGNEIDAQNQQIQKITEK,5,2,0,RITNDAREDEMEENLTQVGSILGNLKNMALDMGNEIDAQNQQIQKITEK,False,2,2,1.0
110,ENSMUSE00001301268_SE_6,TATAACTAATGATGCCAGAGAAGATGAGATGGAAGAGAACCTGACTCAAGTGGGCAGCATCCTAGGCAACCTAAAGAACATGGCTCTGGATATGGGCAATGAAATTGATGCTCAAAACCAGCAAATACAGAAGATCACAGAAAAG,ENSMUSE00001301268_SE_6,120596643,120596787,6,ENSMUSG00000027287,ENSMUST00000116437,ENSMUSP00000112138,1,8,ENSMUST00000116437,ENSMUSE00001301268,ENSMUSE00001301268,4,ENSXETE00000000558,100.0,77.55102040816327,RITGDDREDEMDENLTQVGSILGNLKNMAIDMGNELESHNQQIDRINEK,RITNDAREDEMEENLTQVGSILGNLKNMALDMGNEIDAQNQQIQKITEK,6,2,0,RITNDAREDEMEENLTQVGSILGNLKNMALDMGNEIDAQNQQIQKITEK,False,2,2,1.0
111,ENSMUSE00000597828_SE_7,GCTGACACCAACAAGAATCGTATTGACATTGCCAATACAAGAGCAAAGAAACTCATTGATAGTTAA,ENSMUSE00000597828_SE_7,120599276,120599341,7,ENSMUSG00000027287,ENSMUST00000028743,ENSMUSP00000028743,1,8,ENSMUST00000028743/ENSMUST00000110711,ENSMUSE00000597828,ENSMUSE00000597828,6,ENSSSCE00000281002,100.0,85.71428571428571,ADTNKDRIDNANARAKKLIDS,ADTNKNRIDIANTRAKKLIDS,6,0,0,ADTNKNRIDIANTRAKKLIDS*,False,2,2,1.0
112,ENSMUSE00000597828_SE_7,GCTGACACCAACAAGAATCGTATTGACATTGCCAATACAAGAGCAAAGAAACTCATTGATAGTTAA,ENSMUSE00000597828_SE_7,120599276,120599341,7,ENSMUSG00000027287,ENSMUST00000116437,ENSMUSP00000112138,1,9,ENSMUST00000116437,ENSMUSE00000597828,ENSMUSE00000597828,6,ENSSSCE00000281002,100.0,85.71428571428571,ADTNKDRIDNANARAKKLIDS,ADTNKNRIDIANTRAKKLIDS,7,0,0,ADTNKNRIDIANTRAKKLIDS*,False,2,2,1.0
113,ENSMUSE00000641939_SE_4,ATTCTCAGTTGGTGACTGTTTCTTTGAAACCAG,ENSMUSE00000641939_SE_4,120590663,120590695,4,ENSMUSG00000027287,ENSMUST00000116437,ENSMUSP00000112138,1,6,ENSMUST00000116437,ENSMUSE00000641939,ENSMUSE00000641939,1,ENSBTAE00000496779,90.9090909090909,30.0,FFFNFSCFPL,RFSVGDCFFE,4,2,2,RFSVGDCFFET,False,1,2,0.5
114,ENSOANE00000116068_SE_0,ATGGACGACCTGTCGGCAGAAGAGATCCAGCTGAGGGCTCATCAGGTGACGGATGAG,ENSOANE00000116068_SE_0,17115,17171,0,ENSOANG00000010682,ENSOANT00000016942,ENSOANP00000016939,1,2,ENSOANT00000016942,ENSOANE00000116068,ENSOANE00000116068,5,ENSXETE00000000553,100.0,56.00000000000001,SPTYSTMDDMTPEEIQLKANQVTDD,QEFGSAMDDLSAEEIQLRAHQVTDE,0,0,0,MDDLSAEEIQLRAHQVTDE,False,2,2,1.0
115,ENSOANE00000116068_SE_0,ATGGACGACCTGTCGGCAGAAGAGATCCAGCTGAGGGCTCATCAGGTGACGGATGAG,ENSOANE00000116068_SE_0,17115,17171,0,ENSOANG00000010682,ENSOANT00000016943,ENSOANP00000016940,1,2,ENSOANT00000016943,ENSOANE00000116068,ENSOANE00000116068,5,ENSXETE00000000553,100.0,68.42105263157895,MDDMTPEEIQLKANQVTDD,MDDLSAEEIQLRAHQVTDE,0,0,0,MDDLSAEEIQLRAHQVTDE,False,2,2,1.0
116,ENSOANE00000116069_SE_1,TCGCTGGAAAGTACTAGAAGAATCCTGGGACTGGCCATTGAG,ENSOANE00000116069_SE_1,17306,17347,1,ENSOANG00000010682,ENSOANT00000016942,ENSOANP00000016939,1,3,ENSOANT00000016942,ENSOANE00000116069,ENSOANE00000116069,2,ENSBTAE00000538008,100.0,92.85714285714286,SLENTRRILGLAIE,SLESTRRILGLAIE,1,0,0,SLESTRRILGLAIE,False,2,2,1.0
117,ENSOANE00000116069_SE_1,TCGCTGGAAAGTACTAGAAGAATCCTGGGACTGGCCATTGAG,ENSOANE00000116069_SE_1,17306,17347,1,ENSOANG00000010682,ENSOANT00000016943,ENSOANP00000016940,1,3,ENSOANT00000016943,ENSOANE00000116069,ENSOANE00000116069,2,ENSBTAE00000538008,100.0,92.85714285714286,SLENTRRILGLAIE,SLESTRRILGLAIE,1,0,0,SLESTRRILGLAIE,False,2,2,1.0
118,ENSOANE00000116070_SE_2,TCCCAGGATACGGGGATCAAGACCATCACTATGCTGGATGAGCAAGGGG,ENSOANE00000116070_SE_2,17564,17612,2,ENSOANG00000010682,ENSOANT00000016942,ENSOANP00000016939,1,4,ENSOANT00000016942,ENSOANE00000116070,ENSOANE00000116070,2,ENSBTAE00000538008,100.0,93.75,SQDAGIKTITMLDEQG,SQDTGIKTITMLDEQG,2,0,1,SQDTGIKTITMLDEQG,False,2,2,1.0
119,ENSOANE00000116070_SE_2,TCCCAGGATACGGGGATCAAGACCATCACTATGCTGGATGAGCAAGGGG,ENSOANE00000116070_SE_2,17564,17612,2,ENSOANG00000010682,ENSOANT00000016943,ENSOANP00000016940,1,4,ENSOANT00000016943,ENSOANE00000116070,ENSOANE00000116070,2,ENSBTAE00000538008,100.0,93.75,SQDAGIKTITMLDEQG,SQDTGIKTITMLDEQG,2,0,1,SQDTGIKTITMLDEQG,False,2,2,1.0
120,ENSOANE00000116071_SE_3,AAAAACTGAACCGCATCGAAGAAGGCATGGACCAGATCAACAAAGACATGAGGGAGGCCGAGAAGACCCTGACGGAGCTCAACAAATGTTGTGGCCTTTGCGTCTGCCCGTGCAACAG,ENSOANE00000116071_SE_3,18649,18766,3,ENSOANG00000010682,ENSOANT00000016942,ENSOANP00000016939,1,5,ENSOANT00000016942,ENSOANE00000116071,ENSOANE00000116071,2,ENSBTAE00000538008,87.17948717948718,91.17647058823529,EQLKRIEEGMDQKNKDMREAEKTLTELNKCCGLC,EKLNRIEEGMDQINKDMREAEKTLTELNKCCGLC,3,1,2,EKLNRIEEGMDQINKDMREAEKTLTELNKCCGLCVCPCN,False,2,2,1.0
121,ENSOANE00000116071_SE_3,AAAAACTGAACCGCATCGAAGAAGGCATGGACCAGATCAACAAAGACATGAGGGAGGCCGAGAAGACCCTGACGGAGCTCAACAAATGTTGTGGCCTTTGCGTCTGCCCGTGCAACAG,ENSOANE00000116071_SE_3,18649,18766,3,ENSOANG00000010682,ENSOANT00000016943,ENSOANP00000016940,1,5,ENSOANT00000016943,ENSOANE00000116071,ENSOANE00000116071,2,ENSBTAE00000538008,87.17948717948718,91.17647058823529,EQLKRIEEGMDQKNKDMREAEKTLTELNKCCGLC,EKLNRIEEGMDQINKDMREAEKTLTELNKCCGLC,3,1,2,EKLNRIEEGMDQINKDMREAEKTLTELNKCCGLCVCPCN,False,2,2,1.0
122,ENSOANE00000116072_SE_5,GACCCAGAGTTTTGAGTCCAACAAAGCCTATAAGGCCACCTGGGGCGATGGTGGGGACAACGCCGCCGACGTGGTGTCCAAGCAGCCGGGCCGGGCGACGAACGGACAGCCGCAGCAGCCGGGCGCCGGCGGCGGATACATCAAACG,ENSOANE00000116072_SE_5,23670,23816,5,ENSOANG00000010682,ENSOANT00000016942,ENSOANP00000016939,1,6,ENSOANT00000016942,ENSOANE00000116072,ENSOANE00000116072,3,ENSRNOE00000478327,100.0,67.3076923076923,RTKNFESGKNYKATWGDGGDSSPSNVVSKQPSRITNGQPQQTTGAASGGYIK,RTQSFESNKAYKATWGDGG-DNAADVVSKQPGRATNGQPQQ--PGAGGGYIK,4,2,2,RTQSFESNKAYKATWGDGGDNAADVVSKQPGRATNGQPQQPGAGGGYIK,False,2,2,1.0
123,ENSOANE00000116072_SE_5,GACCCAGAGTTTTGAGTCCAACAAAGCCTATAAGGCCACCTGGGGCGATGGTGGGGACAACGCCGCCGACGTGGTGTCCAAGCAGCCGGGCCGGGCGACGAACGGACAGCCGCAGCAGCCGGGCGCCGGCGGCGGATACATCAAACG,ENSOANE00000116072_SE_5,23670,23816,5,ENSOANG00000010682,ENSOANT00000016943,ENSOANP00000016940,1,7,ENSOANT00000016943,ENSOANE00000116072,ENSOANE00000116072,3,ENSRNOE00000478327,100.0,67.3076923076923,RTKNFESGKNYKATWGDGGDSSPSNVVSKQPSRITNGQPQQTTGAASGGYIK,RTQSFESNKAYKATWGDGG-DNAADVVSKQPGRATNGQPQQ--PGAGGGYIK,5,2,2,RTQSFESNKAYKATWGDGGDNAADVVSKQPGRATNGQPQQPGAGGGYIK,False,2,2,1.0
124,ENSOANE00000116073_SE_6,AATAACCAATGATGCCCGAGAGGACGAGATGGAAGAAAACCTGACCCAGGTGGGCAGTATCTTGGGGAACCTGAAAAACATGGCCCTCGACATGGGCAACGAGATTGAGTCTCAGAACAAGCAAATAGATCGGATCACCGAAAAG,ENSOANE00000116073_SE_6,24983,25127,6,ENSOANG00000010682,ENSOANT00000016942,ENSOANP00000016939,1,7,ENSOANT00000016942,ENSOANE00000116073,ENSOANE00000116073,4,ENSXETE00000000558,100.0,83.6734693877551,RITGDDREDEMDENLTQVGSILGNLKNMAIDMGNELESHNQQIDRINEK,RITNDAREDEMEENLTQVGSILGNLKNMALDMGNEIESQNKQIDRITEK,5,2,0,RITNDAREDEMEENLTQVGSILGNLKNMALDMGNEIESQNKQIDRITEK,False,2,2,1.0
125,ENSOANE00000116073_SE_6,AATAACCAATGATGCCCGAGAGGACGAGATGGAAGAAAACCTGACCCAGGTGGGCAGTATCTTGGGGAACCTGAAAAACATGGCCCTCGACATGGGCAACGAGATTGAGTCTCAGAACAAGCAAATAGATCGGATCACCGAAAAG,ENSOANE00000116073_SE_6,24983,25127,6,ENSOANG00000010682,ENSOANT00000016943,ENSOANP00000016940,1,8,ENSOANT00000016943,ENSOANE00000116073,ENSOANE00000116073,4,ENSXETE00000000558,100.0,83.6734693877551,RITGDDREDEMDENLTQVGSILGNLKNMAIDMGNELESHNQQIDRINEK,RITNDAREDEMEENLTQVGSILGNLKNMALDMGNEIESQNKQIDRITEK,6,2,0,RITNDAREDEMEENLTQVGSILGNLKNMALDMGNEIESQNKQIDRITEK,False,2,2,1.0
126,ENSOANE00000116074_SE_7,GCCGAGACCAACAAGGATCGCATCGAGCTCGCCAACACCAGAGCCAAGAAACTCATCGACAGCTAA,ENSOANE00000116074_SE_7,26076,26141,7,ENSOANG00000010682,ENSOANT00000016942,ENSOANP00000016939,1,8,ENSOANT00000016942,ENSOANE00000116074,ENSOANE00000116074,6,ENSSSCE00000281002,100.0,80.95238095238095,ADTNKDRIDNANARAKKLIDS,AETNKDRIELANTRAKKLIDS,6,0,0,AETNKDRIELANTRAKKLIDS*,False,2,2,1.0
127,ENSOANE00000116074_SE_7,GCCGAGACCAACAAGGATCGCATCGAGCTCGCCAACACCAGAGCCAAGAAACTCATCGACAGCTAA,ENSOANE00000116074_SE_7,26076,26141,7,ENSOANG00000010682,ENSOANT00000016943,ENSOANP00000016940,1,9,ENSOANT00000016943,ENSOANE00000116074,ENSOANE00000116074,6,ENSSSCE00000281002,100.0,80.95238095238095,ADTNKDRIDNANARAKKLIDS,AETNKDRIELANTRAKKLIDS,7,0,0,AETNKDRIELANTRAKKLIDS*,False,2,2,1.0
128,ENSOANE00000116076_SE_4,ATTCTCGGACGTTGGCCGGTTCTGGGAAAGCAG,ENSOANE00000116076_SE_4,21389,21421,4,ENSOANG00000010682,ENSOANT00000016943,ENSOANP00000016940,1,6,ENSOANT00000016943,ENSOANE00000116076,ENSOANE00000116076,8,ENSSSCE00000314287,81.81818181818181,77.77777777777779,FSDVGCFCE,FSDVGRFWE,4,2,2,RFSDVGRFWES,False,1,2,0.5
129,ENSRNOE00000506878_SE_0,ATGGATGATCTATCACCAGAAGAAATTCAGCTTCGGGCTCACCAAGTTACTGATGAG,ENSRNOE00000506878_SE_0,112346627,112346683,0,ENSRNOG00000050552,ENSRNOT00000074392,ENSRNOP00000064401,1,1,ENSRNOT00000074392,ENSRNOE00000506878,ENSRNOE00000506878,5,ENSXETE00000000553,100.0,73.68421052631578,MDDMTPEEIQLKANQVTDD,MDDLSPEEIQLRAHQVTDE,0,0,0,MDDLSPEEIQLRAHQVTDE,False,1,1,1.0
130,ENSRNOE00000497975_SE_1,TCTCTGGAAAGCACAAGGAGAATCCTGGGTTTAGCCATTGAG,ENSRNOE00000497975_SE_1,112347298,112347339,1,ENSRNOG00000050552,ENSRNOT00000074392,ENSRNOP00000064401,1,2,ENSRNOT00000074392,ENSRNOE00000497975,ENSRNOE00000497975,2,ENSBTAE00000538008,100.0,92.85714285714286,SLENTRRILGLAIE,SLESTRRILGLAIE,1,0,0,SLESTRRILGLAIE,False,1,1,1.0
131,ENSRNOE00000263444_SE_2,TCTCAGGATGCAGGAATCAAGACTATCACTATGCTGGATGAGCAAGGGG,ENSRNOE00000263444_SE_2,112347703,112347751,2,ENSRNOG00000050552,ENSRNOT00000074392,ENSRNOP00000064401,1,3,ENSRNOT00000074392,ENSRNOE00000263444,ENSRNOE00000263444,2,ENSBTAE00000538008,100.0,100.0,SQDAGIKTITMLDEQG,SQDAGIKTITMLDEQG,2,0,1,SQDAGIKTITMLDEQG,False,1,1,1.0
132,ENSRNOE00000477374_SE_3,AACAACTAAATCGCATAGAAGAAGGCATGGACCAAATAAATAAAGACATGAGAGAGGCAGAGAAGACTTTAACAGAACTCAACAAGTGTTGTGGCCTCTGCGTCTGCCCTTGTAATAG,ENSRNOE00000477374_SE_3,112348304,112348421,3,ENSRNOG00000050552,ENSRNOT00000074392,ENSRNOP00000064401,1,4,ENSRNOT00000074392,ENSRNOE00000477374,ENSRNOE00000477374,2,ENSBTAE00000538008,87.17948717948718,94.11764705882352,EQLKRIEEGMDQKNKDMREAEKTLTELNKCCGLC,EQLNRIEEGMDQINKDMREAEKTLTELNKCCGLC,3,1,2,EQLNRIEEGMDQINKDMREAEKTLTELNKCCGLCVCPCN,False,1,1,1.0
133,ENSRNOE00000478327_SE_4,GACCAAGAACTTTGAGTCTGGAAAGAACTATAAGGCAACATGGGGTGATGGTGGAGACAGCTCACCTAGCAATGTGGTATCTAAGCAACCAAGCCGGATAACAAATGGTCAGCCTCAGCAGACTACAGGAGCGGCCAGCGGTGGATACATTAAACGGTACACCAGCTCTTC,ENSRNOE00000478327_SE_4,112356056,112356226,4,ENSRNOG00000050552,ENSRNOT00000074392,ENSRNOP00000064401,1,5,ENSRNOT00000074392,ENSRNOE00000478327,ENSRNOE00000478327,3,ENSRNOE00000478327,,,,,4,2,2,RTKNFESGKNYKATWGDGGDSSPSNVVSKQPSRITNGQPQQTTGAASGGYIKRYTSS,False,1,1,1.0
134,ENSRNOE00000508219_SE_5,GAAAGAAAATGATGGCAGCAAGAATATG,ENSRNOE00000508219_SE_5,112356404,112356431,5,ENSRNOG00000050552,ENSRNOT00000074392,ENSRNOP00000064401,1,6,ENSRNOT00000074392,ENSRNOE00000508219,ENSRNOE00000508219,10,ENSRNOE00000508219,,,,,5,2,0,SKENDGSKNM,False,1,1,1.0
135,ENSRNOE00000572773_SE_6,GATAACATGGGAGGATTGACTAATTCAAG,ENSRNOE00000572773_SE_6,112357146,112357174,6,ENSRNOG00000050552,ENSRNOT00000074392,ENSRNOP00000064401,1,7,ENSRNOT00000074392,ENSRNOE00000572773,ENSRNOE00000572773,9,ENSMMUE00000389289,100.0,55.55555555555556,WNMTGKMNS,DNMGGLTNS,6,0,2,DNMGGLTNS,False,1,1,1.0
136,ENSRNOE00000492082_SE_7,CAAGAATATG,ENSRNOE00000492082_SE_7,112358741,112358750,7,ENSRNOG00000050552,ENSRNOT00000074392,ENSRNOP00000064401,1,8,ENSRNOT00000074392,ENSRNOE00000492082,ENSRNOE00000492082,6,ENSRNOE00000471059,100.0,50.0,NKNR,SKNM,7,2,0,SKNM,False,1,1,1.0
137,ENSRNOE00000566408_SE_8,AGCCTAGAA,ENSRNOE00000566408_SE_8,112359415,112359423,8,ENSRNOG00000050552,ENSRNOT00000074392,ENSRNOP00000064401,1,9,ENSRNOT00000074392,ENSRNOE00000566408,ENSRNOE00000566408,0,,,,,,8,0,0,SLE,False,1,1,1.0
138,ENSRNOE00000572002_SE_9,TTGGGAAGTGCTTGCAATGCAA,ENSRNOE00000572002_SE_9,112360122,112360143,9,ENSRNOG00000050552,ENSRNOT00000074392,ENSRNOP00000064401,1,10,ENSRNOT00000074392,ENSRNOE00000572002,ENSRNOE00000572002,2,ENSBTAE00000538008,85.71428571428571,50.0,LGLAIE,LGSACN,9,0,1,LGSACNA,False,1,1,1.0
139,ENSRNOE00000562528_SE_10,GTAGTTCCCAAATAC,ENSRNOE00000562528_SE_10,112360732,112360746,10,ENSRNOG00000050552,ENSRNOT00000074392,ENSRNOP00000064401,1,11,ENSRNOT00000074392,ENSRNOE00000562528,ENSRNOE00000562528,12,ENSRNOE00000562528,,,,,10,1,1,SSSQI,False,1,1,1.0
140,ENSRNOE00000575054_SE_11,CTAAAATTAAACGTGAG,ENSRNOE00000575054_SE_11,112360856,112360872,11,ENSRNOG00000050552,ENSRNOT00000074392,ENSRNOP00000064401,1,12,ENSRNOT00000074392,ENSRNOE00000575054,ENSRNOE00000575054,11,ENSBTAE00000515148,100.0,50.0,MKHKLE,PKIKRE,11,1,0,PKIKRE,False,1,1,1.0
141,ENSRNOE00000471059_SE_12,GCTGACACCAACAAGAATCGCATTGACATTGCCAATACAAGAGCAAAGAAACTCATTGACAGCTAA,ENSRNOE00000471059_SE_12,112361151,112361216,12,ENSRNOG00000050552,ENSRNOT00000074392,ENSRNOP00000064401,1,13,ENSRNOT00000074392,ENSRNOE00000471059,ENSRNOE00000471059,6,ENSSSCE00000281002,100.0,85.71428571428571,ADTNKDRIDNANARAKKLIDS,ADTNKNRIDIANTRAKKLIDS,12,0,0,ADTNKNRIDIANTRAKKLIDS*,False,1,1,1.0
142,ENSSSCE00000040192_SE_7,ATGGATAATCTGTCAGCAGAAGAACTTCAGCTGAGAGCTAACCAGGTTACTGATGAG,ENSSSCE00000040192_SE_7,128866387,128866331,7,ENSSSCG00000038735,ENSSSCT00000037285,ENSSSCP00000043345,-1,2,ENSSSCT00000037285,ENSSSCE00000040192,ENSSSCE00000040192,5,ENSXETE00000000553,100.0,63.1578947368421,MDDMTPEEIQLKANQVTDD,MDNLSAEELQLRANQVTDE,0,0,0,MDNLSAEELQLRANQVTDE,False,2,2,1.0
143,ENSSSCE00000040192_SE_7,ATGGATAATCTGTCAGCAGAAGAACTTCAGCTGAGAGCTAACCAGGTTACTGATGAG,ENSSSCE00000040192_SE_7,128866387,128866331,7,ENSSSCG00000038735,ENSSSCT00000046474,ENSSSCP00000055712,-1,3,ENSSSCT00000037345/ENSSSCT00000045675/ENSSSCT00000046474/ENSSSCT00000048710,ENSSSCE00000040192,ENSSSCE00000040192,5,ENSXETE00000000553,100.0,63.1578947368421,MDDMTPEEIQLKANQVTDD,MDNLSAEELQLRANQVTDE,0,0,0,MDNLSAEELQLRANQVTDE,False,2,2,1.0
144,ENSSSCE00000040193_SE_6,TCTCTGGAAAGTACAAGGAGAATCCTGGGCTTAGCCATTGAG,ENSSSCE00000040193_SE_6,128865779,128865738,6,ENSSSCG00000038735,ENSSSCT00000037285,ENSSSCP00000043345,-1,3,ENSSSCT00000037285,ENSSSCE00000040193,ENSSSCE00000040193,2,ENSBTAE00000538008,100.0,92.85714285714286,SLENTRRILGLAIE,SLESTRRILGLAIE,1,0,0,SLESTRRILGLAIE,False,2,2,1.0
145,ENSSSCE00000040193_SE_6,TCTCTGGAAAGTACAAGGAGAATCCTGGGCTTAGCCATTGAG,ENSSSCE00000040193_SE_6,128865779,128865738,6,ENSSSCG00000038735,ENSSSCT00000046474,ENSSSCP00000055712,-1,4,ENSSSCT00000037345/ENSSSCT00000045675/ENSSSCT00000046474/ENSSSCT00000048710,ENSSSCE00000040193,ENSSSCE00000040193,2,ENSBTAE00000538008,100.0,92.85714285714286,SLENTRRILGLAIE,SLESTRRILGLAIE,1,0,0,SLESTRRILGLAIE,False,2,2,1.0
146,ENSSSCE00000040194_SE_5,TCTCAAGATGCAGGAATCAAGACTATCACTATGCTGGATGAACAAGGGG,ENSSSCE00000040194_SE_5,128865316,128865268,5,ENSSSCG00000038735,ENSSSCT00000037285,ENSSSCP00000043345,-1,4,ENSSSCT00000037285,ENSSSCE00000040194,ENSSSCE00000040194,2,ENSBTAE00000538008,100.0,100.0,SQDAGIKTITMLDEQGE,SQDAGIKTITMLDEQGE,2,0,1,SQDAGIKTITMLDEQGE,False,2,2,1.0
147,ENSSSCE00000040194_SE_5,TCTCAAGATGCAGGAATCAAGACTATCACTATGCTGGATGAACAAGGGG,ENSSSCE00000040194_SE_5,128865316,128865268,5,ENSSSCG00000038735,ENSSSCT00000046474,ENSSSCP00000055712,-1,5,ENSSSCT00000037345/ENSSSCT00000045675/ENSSSCT00000046474/ENSSSCT00000048710,ENSSSCE00000040194,ENSSSCE00000040194,2,ENSBTAE00000538008,100.0,100.0,SQDAGIKTITMLDEQGE,SQDAGIKTITMLDEQGE,2,0,1,SQDAGIKTITMLDEQGE,False,2,2,1.0
148,ENSSSCE00000040195_SE_4,AACAACTAAACCGAATAGAAGAAGGCATGGATCAAATAAACAAAGACATGAGAGAGGCAGAGAAGACTTTAACAGAACTCAACAAGTGCTGTGGCCTTTGTGTATGCCCATGTTATAG,ENSSSCE00000040195_SE_4,128864219,128864102,4,ENSSSCG00000038735,ENSSSCT00000037285,ENSSSCP00000043345,-1,5,ENSSSCT00000037285,ENSSSCE00000040195,ENSSSCE00000040195,2,ENSBTAE00000538008,84.61538461538461,93.93939393939394,QLKRIEEGMDQKNKDMREAEKTLTELNKCCGLC,QLNRIEEGMDQINKDMREAEKTLTELNKCCGLC,3,1,2,QLNRIEEGMDQINKDMREAEKTLTELNKCCGLCVCPCYR,False,2,2,1.0
149,ENSSSCE00000040195_SE_4,AACAACTAAACCGAATAGAAGAAGGCATGGATCAAATAAACAAAGACATGAGAGAGGCAGAGAAGACTTTAACAGAACTCAACAAGTGCTGTGGCCTTTGTGTATGCCCATGTTATAG,ENSSSCE00000040195_SE_4,128864219,128864102,4,ENSSSCG00000038735,ENSSSCT00000046474,ENSSSCP00000055712,-1,6,ENSSSCT00000037345/ENSSSCT00000045675/ENSSSCT00000046474/ENSSSCT00000048710,ENSSSCE00000040195,ENSSSCE00000040195,2,ENSBTAE00000538008,84.61538461538461,93.93939393939394,QLKRIEEGMDQKNKDMREAEKTLTELNKCCGLC,QLNRIEEGMDQINKDMREAEKTLTELNKCCGLC,3,1,2,QLNRIEEGMDQINKDMREAEKTLTELNKCCGLCVCPCYR,False,2,2,1.0
150,ENSSSCE00000314287_SE_3,ATTCTCAGATGTTGGTTGTTTCTGTGAAACCAG,ENSSSCE00000314287_SE_3,128859634,128859602,3,ENSSSCG00000038735,ENSSSCT00000037285,ENSSSCP00000043345,-1,6,ENSSSCT00000037285,ENSSSCE00000314287,ENSSSCE00000314287,8,ENSSSCE00000314287,,,,,4,2,2,FSDVGCFCETR,False,1,2,0.5
151,ENSSSCE00000040196_SE_2,GACAAAGAACTTTGAGTCTGGTAAAGCCTATAAGGCGACATGGGGTGATGGTGGAGACAACTCTCCTAGCAATGTAGTATCTAAGCAGCCAGGCCGAGTGACAAATGGTCAGCCTCAGCAAGCAGCCACAGGAGCAGCCAGCGGCGGATACATTAAACG,ENSSSCE00000040196_SE_2,128854452,128854294,2,ENSSSCG00000038735,ENSSSCT00000037285,ENSSSCP00000043345,-1,7,ENSSSCT00000037285,ENSSSCE00000040196,ENSSSCE00000040196,3,ENSRNOE00000478327,100.0,88.67924528301887,TKNFESGKNYKATWGDGGDSSPSNVVSKQPSRITNGQPQQ-TTGAASGGYIKR,TKNFESGKAYKATWGDGGDNSPSNVVSKQPGRVTNGQPQQAATGAASGGYIKR,5,2,2,TKNFESGKAYKATWGDGGDNSPSNVVSKQPGRVTNGQPQQAATGAASGGYIKR,False,2,2,1.0
152,ENSSSCE00000040196_SE_2,GACAAAGAACTTTGAGTCTGGTAAAGCCTATAAGGCGACATGGGGTGATGGTGGAGACAACTCTCCTAGCAATGTAGTATCTAAGCAGCCAGGCCGAGTGACAAATGGTCAGCCTCAGCAAGCAGCCACAGGAGCAGCCAGCGGCGGATACATTAAACG,ENSSSCE00000040196_SE_2,128854452,128854294,2,ENSSSCG00000038735,ENSSSCT00000046474,ENSSSCP00000055712,-1,7,ENSSSCT00000037345/ENSSSCT00000045675/ENSSSCT00000046474/ENSSSCT00000048710,ENSSSCE00000040196,ENSSSCE00000040196,3,ENSRNOE00000478327,100.0,88.67924528301887,TKNFESGKNYKATWGDGGDSSPSNVVSKQPSRITNGQPQQ-TTGAASGGYIKR,TKNFESGKAYKATWGDGGDNSPSNVVSKQPGRVTNGQPQQAATGAASGGYIKR,4,2,2,TKNFESGKAYKATWGDGGDNSPSNVVSKQPGRVTNGQPQQAATGAASGGYIKR,False,2,2,1.0
153,ENSSSCE00000040197_SE_1,TATAACAAATGATGCCAGAGAAGACGAAATGGAAGAGAACTTGACTCAAGTGGGCAGTATCCTAGGAAATCTAAAAAACATGGCCCTGGACATGGGCAATGAGATCGAGGCTCAAAATCGACAAATAGAACGGATCACAGAAAAG,ENSSSCE00000040197_SE_1,128853017,128852873,1,ENSSSCG00000038735,ENSSSCT00000037285,ENSSSCP00000043345,-1,8,ENSSSCT00000037285,ENSSSCE00000040197,ENSSSCE00000040197,4,ENSXETE00000000558,100.0,79.16666666666666,ITGDDREDEMDENLTQVGSILGNLKNMAIDMGNELESHNQQIDRINEK,ITNDAREDEMEENLTQVGSILGNLKNMALDMGNEIEAQNRQIERITEK,6,2,0,ITNDAREDEMEENLTQVGSILGNLKNMALDMGNEIEAQNRQIERITEK,False,2,2,1.0
154,ENSSSCE00000040197_SE_1,TATAACAAATGATGCCAGAGAAGACGAAATGGAAGAGAACTTGACTCAAGTGGGCAGTATCCTAGGAAATCTAAAAAACATGGCCCTGGACATGGGCAATGAGATCGAGGCTCAAAATCGACAAATAGAACGGATCACAGAAAAG,ENSSSCE00000040197_SE_1,128853017,128852873,1,ENSSSCG00000038735,ENSSSCT00000046474,ENSSSCP00000055712,-1,8,ENSSSCT00000037345/ENSSSCT00000045675/ENSSSCT00000046474/ENSSSCT00000048710,ENSSSCE00000040197,ENSSSCE00000040197,4,ENSXETE00000000558,100.0,79.16666666666666,ITGDDREDEMDENLTQVGSILGNLKNMAIDMGNELESHNQQIDRINEK,ITNDAREDEMEENLTQVGSILGNLKNMALDMGNEIEAQNRQIERITEK,5,2,0,ITNDAREDEMEENLTQVGSILGNLKNMALDMGNEIEAQNRQIERITEK,False,2,2,1.0
155,ENSSSCE00000281002_SE_0,GCTGACACCAACAAAGACCGTATTGACAATGCCAATGCCAGAGCAAAGAAACTCATTGACAGCTAA,ENSSSCE00000281002_SE_0,128850980,128850915,0,ENSSSCG00000038735,ENSSSCT00000037285,ENSSSCP00000043345,-1,9,ENSSSCT00000037285,ENSSSCE00000281002,ENSSSCE00000281002/ENSSSCE00000335294,6,ENSSSCE00000281002,,,,,7,0,0,ADTNKDRIDNANARAKKLIDS*,False,2,2,1.0
156,ENSSSCE00000281002_SE_0,GCTGACACCAACAAAGACCGTATTGACAATGCCAATGCCAGAGCAAAGAAACTCATTGACAGCTAA,ENSSSCE00000281002_SE_0,128850980,128850915,0,ENSSSCG00000038735,ENSSSCT00000046474,ENSSSCP00000055712,-1,9,ENSSSCT00000037345/ENSSSCT00000045675/ENSSSCT00000046474/ENSSSCT00000048710,ENSSSCE00000281002,ENSSSCE00000281002/ENSSSCE00000335294,6,ENSSSCE00000281002,100.0,100.0,ADTNKDRIDNANARAKKLIDS,ADTNKDRIDNANARAKKLIDS,6,0,0,ADTNKDRIDNANARAKKLIDS*,False,2,2,1.0
157,ENSXETE00000000553_SE_0,CCTGCCAGCCCAACATATTCCACCATGGATGACATGACGCCAGAAGAGATTCAGCTCAAAGCTAATCAGGTCACAGATGAC,ENSXETE00000000553_SE_0,111585,111665,0,ENSXETG00000000056,ENSXETT00000000093,ENSXETP00000000093,1,2,ENSXETT00000000093,ENSXETE00000000553,ENSXETE00000000553,5,ENSXETE00000000553,,,,,0,0,0,PASPTYSTMDDMTPEEIQLKANQVTDD,False,1,1,1.0
158,ENSXETE00000000554_SE_1,TCTCTGGAAAGCACTCGAAGGATGCTGAATCTGGCACTAGAG,ENSXETE00000000554_SE_1,113364,113405,1,ENSXETG00000000056,ENSXETT00000000093,ENSXETP00000000093,1,3,ENSXETT00000000093,ENSXETE00000000554,ENSXETE00000000554,2,ENSBTAE00000538008,100.0,71.42857142857143,SLENTRRILGLAIE,SLESTRRMLNLALE,1,0,0,SLESTRRMLNLALE,False,1,1,1.0
159,ENSXETE00000000555_SE_2,AGTCAGGATACTGGAATCAAAACTATCACTATGCTGGATGAACAAGGCG,ENSXETE00000000555_SE_2,114842,114890,2,ENSXETG00000000056,ENSXETT00000000093,ENSXETP00000000093,1,4,ENSXETT00000000093,ENSXETE00000000555,ENSXETE00000000555,2,ENSBTAE00000538008,100.0,93.75,SQDAGIKTITMLDEQG,SQDTGIKTITMLDEQG,2,0,1,SQDTGIKTITMLDEQG,False,1,1,1.0
160,ENSXETE00000000556_SE_3,AACAACTAAATCGCATTGAGGAAGGAATGGATCAGATCAACAAGGACATGCGTGAGGCGGAAAAGAACCTAACAGAACTGAATAAATGCTGTGGCTTGTGTGTTTGTCCTGGCAAAAG,ENSXETE00000000556_SE_3,116029,116146,3,ENSXETG00000000056,ENSXETT00000000093,ENSXETP00000000093,1,5,ENSXETT00000000093,ENSXETE00000000556,ENSXETE00000000556,2,ENSBTAE00000538008,87.17948717948718,91.17647058823529,EQLKRIEEGMDQKNKDMREAEKTLTELNKCCGLC,EQLNRIEEGMDQINKDMREAEKNLTELNKCCGLC,3,1,2,EQLNRIEEGMDQINKDMREAEKNLTELNKCCGLCVCPGK,False,1,1,1.0
161,ENSXETE00000000557_SE_4,GCCAAAGGATTTCGAGAGTGGGGAAAACTACAAAAAGACTTGGGGCAGTAAAGACAATGACTCAGAAAATGTGATATCAAAGCAACCTCATCAAACAAATGGACAACAGGGTGGAGTGGCACAGAGTGGTCCGTATATTAAGAG,ENSXETE00000000557_SE_4,125516,125659,4,ENSXETG00000000056,ENSXETT00000000093,ENSXETP00000000093,1,6,ENSXETT00000000093,ENSXETE00000000557,ENSXETE00000000557,3,ENSMUSE00001233117,97.91666666666667,40.38461538461539,RTKNFESGKNYKATWGDGGDNSPSNVVSKQPSRITNGQPQQTTGAASGGYIK,RPKDFESGENYKKTWGS--KDNDSENVISKQPHQTNGQQG---GVAQSGPYI,4,2,2,RPKDFESGENYKKTWGSKDNDSENVISKQPHQTNGQQGGVAQSGPYIK,False,1,1,1.0
162,ENSXETE00000000558_SE_5,GATAACAGGTGATGACCGTGAAGATGAGATGGATGAAAATCTAACGCAAGTGGGCAGTATCCTGGGAAATCTGAAGAACATGGCAATTGACATGGGCAATGAACTTGAGAGCCATAACCAACAAATTGACCGAATAAATGAGAAG,ENSXETE00000000558_SE_5,127564,127708,5,ENSXETG00000000056,ENSXETT00000000093,ENSXETP00000000093,1,7,ENSXETT00000000093,ENSXETE00000000558,ENSXETE00000000558,4,ENSXETE00000000558,,,,,5,2,0,RITGDDREDEMDENLTQVGSILGNLKNMAIDMGNELESHNQQIDRINEK,False,1,1,1.0
163,ENSXETE00000000559_SE_6,GCGGAAACTAACAAAACTCGCATTGACGAGGCAAATACCAGAGCCAAGAAACTTATTGAATAA,ENSXETE00000000559_SE_6,128666,128728,6,ENSXETG00000000056,ENSXETT00000000093,ENSXETP00000000093,1,8,ENSXETT00000000093,ENSXETE00000000559,ENSXETE00000000559,6,ENSSSCE00000281002,100.0,75.0,ADTNKDRIDNANARAKKLID,AETNKTRIDEANTRAKKLIE,6,0,0,AETNKTRIDEANTRAKKLIE*,False,1,1,1.0
