,SubexonID,SubexonSequence,SubexonIDCluster,SubexonCodingStart,SubexonCodingEnd,IntervalNumber,GeneID,TranscriptID,ProteinID,Strand,ExonRank,TranscriptIDCluster,ExonID,ExonIDCluster,Cluster,QueryExon,TargetCoverage,PercentIdentity,AlignedQuery,AlignedTarget,SubexonRank,StartPhase,EndPhase,SubexonProteinSequence,IncompleteCDS,TranscriptsWithSubexon,TranscriptsInGene,TranscriptFraction,SubexonIndex,TranscriptIndex,S_exons,S_exon_Lengths,S_exon_Sequences
0,ENSBTAE00000108705_SE_5,CTCCTACTAAGCCACCATGTG,ENSBTAE00000108705_SE_5,77607155,77607175,5,ENSBTAG00000023144,ENSBTAT00000013320,ENSBTAP00000013320,1,6,ENSBTAT00000013320,ENSBTAE00000108705,ENSBTAE00000108705,2,ENSGGOE00000349175,85.71428571428571,66.66666666666666,APEKLP,APTKPP,5,1,1,APTKPPC,False,1,1,1.0,5,0,2_0,7,APTKPPC
1,ENSBTAE00000520960_SE_29,GAGCAATACCAATTTCTGTATGACGTCATTGCTAGCACCTATCCTGCCCAGAATGGACAAGTAAAGAAAAGCAAGCATCCAGAAGATAAGGTTGAGATTGATAACGAGGTGGACAAAGCTAAGCCGGATGCTAACTGCACAAGCCCCCCGGAGGCCCTGGAGACTTCCGAAGGAGACAAAGAGGCCGGAGGCGCCAAACCCACAGAAGGTGCTGAGGGGCCGGAGCACGCCGCCAACGGTCCCGCGAGTCCCGTTTTAACTCAGAGTGCATAG,ENSBTAE00000520960_SE_29,77668999,77669271,29,ENSBTAG00000023144,ENSBTAT00000013320,ENSBTAP00000013320,1,30,ENSBTAT00000013320,ENSBTAE00000520960,ENSBTAE00000520960,2,ENSSSCE00000316292,100.0,70.32967032967034,EQYQFLYDVIASTYPAQNGQVKKKNSQEDKIELEDEVGKTKQDANCVSSPSAPDKASGGDTEDEGSKPTSGPEGPEHSANGPASPALTQSA,EQYQFLYDVIASTYPAQNGQVKKSKHPEDKVEIDNEVDKAKPDANCTSPPEA-LETSEGDKEAGGAKPTEGAEGPEHAANGPASPVLTQSA,29,0,0,EQYQFLYDVIASTYPAQNGQVKKSKHPEDKVEIDNEVDKAKPDANCTSPPEALETSEGDKEAGGAKPTEGAEGPEHAANGPASPVLTQSA*,False,1,1,1.0,6,0,2_1/2_2,7/83,EQYQFLY/DVIASTYPAQNGQVKKSKHPEDKVEIDNEVDKAKPDANCTSPPEALETSEGDKEAGGAKPTEGAEGPEHAANGPASPVLTQSA
2,ENSE00001836497_SE_33,GAGCAATATCAATTCCTATATGACGTCATTGCCAGCACCTACCCTGCTCAGAATGGACAAGTAAAGAAAAACAACCATCAAGAAGATAAAATTGAATTTGATAATGAAGTGGACAAAGTAAAGCAGGATGCTAATTGTGTTAATCCACTTGGTGCCCCAGAAAAGCTCCCTGAAGCAAAGGAACAGGCTGAAGGTTCTGAACCCACGAGTGGCACTGAGGGGCCAGAACATTCTGTCAATGGTCCTGCAAGTCCAGCTTTAAATCAAGGTTCATAG,ENSE00001836497_SE_33,198755906,198756181,33,ENSG00000081237,ENST00000348564,ENSP00000306782,1,30,ENST00000348564,ENSE00001836497,ENSE00001836497/ENSE00003821966,2,ENSSSCE00000316292,97.8021978021978,73.03370786516854,EQYQFLYDVIASTYPAQNGQVKKKNSQEDKIELEDEVGKTKQDANCVSSPSAPDKASGGDTEDEGSKPTSGPEGPEHSANGPASPALTQ,EQYQFLYDVIASTYPAQNGQVKKNNHQEDKIEFDNEVDKVKQDANCVNPLGAPEKLPEAKEQAEGSEPTSGTEGPEHSVNGPASPALNQ,28,0,0,EQYQFLYDVIASTYPAQNGQVKKNNHQEDKIEFDNEVDKVKQDANCVNPLGAPEKLPEAKEQAEGSEPTSGTEGPEHSVNGPASPALNQGS*,False,2,4,0.5,9,1,2_1/2_2,7/84,EQYQFLY/DVIASTYPAQNGQVKKNNHQEDKIEFDNEVDKVKQDANCVNPLGAPEKLPEAKEQAEGSEPTSGTEGPEHSVNGPASPALNQGS
3,ENSGGOE00000252945_SE_34,GAGCAATATCAATTCCTATATGACGTCATTGCCAGCACCTACCCTGCTCAGAATGGACAAGTAAAGAAAAACAACCATCAAGAAGATAAAATTGAATTTGATAATGAAGTGGACAAAGTAAAGCAGGATGCTAATTGTGTTAATCCACTTGGTGCCCCAGAAAAGCTCCCTGAAGCAAAGGAACAGGCTGAAGGTTCTGAACCCACGAGTGGCACTGAGGGGCCAGAACATTCTGTCAACGGTCCTGCAAGTCCAGCTTTAAATCAAGGTTCATAG,ENSGGOE00000252945_SE_34/ENSGGOE00000349175_SE_34,178327065,178327340,34,ENSGGOG00000025823,ENSGGOT00000032261,ENSGGOP00000019683,1,33,ENSGGOT00000032261,ENSGGOE00000252945,ENSGGOE00000252945,2,ENSSSCE00000316292,97.8021978021978,73.03370786516854,EQYQFLYDVIASTYPAQNGQVKKKNSQEDKIELEDEVGKTKQDANCVSSPSAPDKASGGDTEDEGSKPTSGPEGPEHSANGPASPALTQ,EQYQFLYDVIASTYPAQNGQVKKNNHQEDKIEFDNEVDKVKQDANCVNPLGAPEKLPEAKEQAEGSEPTSGTEGPEHSVNGPASPALNQ,33,0,0,EQYQFLYDVIASTYPAQNGQVKKNNHQEDKIEFDNEVDKVKQDANCVNPLGAPEKLPEAKEQAEGSEPTSGTEGPEHSVNGPASPALNQGS*,False,4,5,0.8,8,2,2_1/2_2,7/84,EQYQFLY/DVIASTYPAQNGQVKKNNHQEDKIEFDNEVDKVKQDANCVNPLGAPEKLPEAKEQAEGSEPTSGTEGPEHSVNGPASPALNQGS
4,ENSMMUE00000000107_SE_0,GAGCAATACCAATTCCTATATGACATCATTGCCAGCACCTACCCTGCTCAGAATGGACAAGTAAAGAAAAACAACCATCAAGAAGATAAAATTGAATTTGATAATGAAGTGGACAAAGTAAAGCAGGATGCTAATTGTGTTAATCCACTTGGTGCCACAGAAAAGCTCCCTGAAGCAAAGGAACAGGCTACAGGTTCTGAACCCACAAGTGGCACTGAGGGGCCAGAACATTCTGTCAATGGTCCTGCAAGTCCAGCTTTAAATCAAGGTTCATAG,ENSMMUE00000000107_SE_0/ENSMMUE00000371165_SE_0,168017185,168016910,0,ENSMMUG00000000009,ENSMMUT00000000014,ENSMMUP00000000011,-1,29,ENSMMUT00000000014,ENSMMUE00000000107,ENSMMUE00000000107,2,ENSSSCE00000316292,97.8021978021978,69.66292134831461,EQYQFLYDVIASTYPAQNGQVKKKNSQEDKIELEDEVGKTKQDANCVSSPSAPDKASGGDTEDEGSKPTSGPEGPEHSANGPASPALTQ,EQYQFLYDIIASTYPAQNGQVKKNNHQEDKIEFDNEVDKVKQDANCVNPLGATEKLPEAKEQATGSEPTSGTEGPEHSVNGPASPALNQ,30,0,0,EQYQFLYDIIASTYPAQNGQVKKNNHQEDKIEFDNEVDKVKQDANCVNPLGATEKLPEAKEQATGSEPTSGTEGPEHSVNGPASPALNQGS*,False,3,4,0.75,0,3,2_1/2_2,7/84,EQYQFLY/DIIASTYPAQNGQVKKNNHQEDKIEFDNEVDKVKQDANCVNPLGATEKLPEAKEQATGSEPTSGTEGPEHSVNGPASPALNQGS
5,ENSMODE00000132859_SE_31,GAACAATACCAATTCCTGTATGATGTCATTGCCAACACTTACCCTGCCCAGAATGGACAAGTAAAGAAAAGTAGTCACCAAGAAGATAAAATCGAATTTGACAATGAAGTGGACATACCAAATCAGGTTGCTAACTGTGTTAGCTCATCTGCTGATCTGGATAAGGCCCAAGACAAAAGCAGAAAGGCTGAAGAGCCCCAGAACACAGATGGCACTAAGGAGACAGAAAGCTCTTCAAATGGTCCCACAAGTACAACCTTAACAGAAAGTGCCTAG,ENSMODE00000132859_SE_31,99687557,99687832,31,ENSMODG00000012814,ENSMODT00000016326,ENSMODP00000016029,1,32,ENSMODT00000016326,ENSMODE00000132859,ENSMODE00000132859,2,ENSSSCE00000316292,100.0,58.24175824175825,EQYQFLYDVIASTYPAQNGQVKKKNSQEDKIELEDEVGKTKQDANCVSSPSAPDKASGGDTEDEGSKPTSGPEGPEHSANGPASPALTQSA,EQYQFLYDVIANTYPAQNGQVKKSSHQEDKIEFDNEVDIPNQVANCVSSSADLDKAQDKSRKAEEPQNTDGTKETESSSNGPTSTTLTESA,31,0,0,EQYQFLYDVIANTYPAQNGQVKKSSHQEDKIEFDNEVDIPNQVANCVSSSADLDKAQDKSRKAEEPQNTDGTKETESSSNGPTSTTLTESA*,False,1,1,1.0,7,4,2_1/2_2,7/84,EQYQFLY/DVIANTYPAQNGQVKKSSHQEDKIEFDNEVDIPNQVANCVSSSADLDKAQDKSRKAEEPQNTDGTKETESSSNGPTSTTLTESA
6,ENSMUSE00001212257_SE_0,GAGCAATACCAGTTCCTCTATGACATCATCGCCAGCATCTATCCCGCCCAGAATGGACAAGTCAAGAAAACAAACAGCCAAGACAAAATTGAATTTCATAATGAAGTGGATGGAGGCAAGCAGGATGCTAACTGTGTCCGTCCAGATGGTCCTCTGAATAAAGCCCAGGAAGACAGCAGAGGGGTGGGAACCCCGGAGCCTACCAATAGTGCTGAGGAACCAGAACATGCTGCCAATGGTTCTGCGAGCCCAGCTCCAACCCAGAGTTCATAG,ENSMUSE00001212257_SE_0,138064778,138064506,0,ENSMUSG00000026395,ENSMUST00000182283,ENSMUSP00000138800,-1,30,ENSMUST00000182283,ENSMUSE00001212257,ENSMUSE00001212257/ENSMUSE00001275809,2,ENSSSCE00000316292,98.88888888888889,55.55555555555556,EQYQFLYDVIASTYPAQNGQVKKKNSQEDKIELEDEVGKTKQDANCVSSPSAPDKASGGDTEDEGSKPTSGPEGPEHSANGPASPALTQS,EQYQFLYDIIASIYPAQNGQVKKTNSQDKIEFHNEVDGG-KQDANCVRPDGPLNKAQEDSRGVGTPEPTNSAEEPEHAANGSASPAPTQS,28,0,0,EQYQFLYDIIASIYPAQNGQVKKTNSQDKIEFHNEVDGGKQDANCVRPDGPLNKAQEDSRGVGTPEPTNSAEEPEHAANGSASPAPTQSS*,False,2,2,1.0,1,5,2_1/2_2,7/83,EQYQFLY/DIIASIYPAQNGQVKKTNSQDKIEFHNEVDGGKQDANCVRPDGPLNKAQEDSRGVGTPEPTNSAEEPEHAANGSASPAPTQSS
7,ENSRNOE00000356368_SE_0,GAGCAATACCAGTTCCTCTATGACATCATGGCCAGCATCTATCCCACCCAGAATGGACAAGTGAAGAAAGCAAACAGCCAAGACAAAATTGAATTTCATAACGAAGTGGACGGAGCCAAGCAGGACGCAAACTGTGTTCAGCCAGCTGATCCTCTGAACAAAGCCCAGGAAGACAGCAAAGAAGTTGGAGCTTCAGAGCCTGCAAGTGGTTCTGAGGAGCCAGAACATTCTGCAAATGGTCCCATGAGCCCAGCTCTAACCCCGAGCTCATAG,ENSRNOE00000356368_SE_0,55062945,55062673,0,ENSRNOG00000000655,ENSRNOT00000000814,ENSRNOP00000000814,-1,30,ENSRNOT00000000814,ENSRNOE00000356368,ENSRNOE00000356368,2,ENSSSCE00000316292,98.88888888888889,57.77777777777777,EQYQFLYDVIASTYPAQNGQVKKKNSQEDKIELEDEVGKTKQDANCVSSPSAPDKASGGDTEDEGSKPTSGPEGPEHSANGPASPALTQS,EQYQFLYDIMASIYPTQNGQVKKANSQDKIEFHNEVDG-AKQDANCVQPADPLNKAQEDSKEVGASEPASGSEEPEHSANGPMSPALTPS,28,0,0,EQYQFLYDIMASIYPTQNGQVKKANSQDKIEFHNEVDGAKQDANCVQPADPLNKAQEDSKEVGASEPASGSEEPEHSANGPMSPALTPSS*,False,5,5,1.0,2,6,2_1/2_2,7/83,EQYQFLY/DIMASIYPTQNGQVKKANSQDKIEFHNEVDGAKQDANCVQPADPLNKAQEDSKEVGASEPASGSEEPEHSANGPMSPALTPSS
8,ENSSSCE00000095787_SE_38,GAGCAGTACCAATTCCTGTATGA,ENSSSCE00000095787_SE_38/ENSSSCE00000316292_SE_38,21600193,21600215,38,ENSSSCG00000010908,ENSSSCT00000011934,ENSSSCP00000011627,1,23,ENSSSCT00000011934,ENSSSCE00000316292,ENSSSCE00000316292,2,ENSSSCE00000316292,100.0,100.0,EQYQFLYDVIASTYPAQNGQVKKKNSQEDKIELEDEVGKTKQDANCVSSPSAPDKASGGDTEDEGSKPTSGPEGPEHSANGPASPALTQSA,EQYQFLYDVIASTYPAQNGQVKKKNSQEDKIELEDEVGKTKQDANCVSSPSAPDKASGGDTEDEGSKPTSGPEGPEHSANGPASPALTQSA,27,0,2,EQYQFLY,False,4,5,0.8,3,7,2_1,7,EQYQFLY
9,ENSSSCE00000095787_SE_39,TGTCATTGCTAGCACCTACCCTGCTCAGAACGGACAAGTAAAGAAAAAGAACAGTCAAGAAGATAAAATTGAGTTGGAGGATGAAGTGGGCAAAACAAAGCAGGATGCTAACTGTGTCAGTTCACCAAGTGCCCCAGACAAGGCCTCTGGTGGAGACACAGAGGATGAAGGCTCCAAACCCACCAGTGGCCCTGAAGGGCCAGAACATTCCGCCAATGGTCCAGCAAGTCCAGCTTTAACTCAAAGTGCATAG,ENSSSCE00000095787_SE_39/ENSSSCE00000316292_SE_39,21600216,21600468,39,ENSSSCG00000010908,ENSSSCT00000011934,ENSSSCP00000011627,1,23,ENSSSCT00000011934,ENSSSCE00000316292,ENSSSCE00000316292,2,ENSSSCE00000316292,100.0,100.0,EQYQFLYDVIASTYPAQNGQVKKKNSQEDKIELEDEVGKTKQDANCVSSPSAPDKASGGDTEDEGSKPTSGPEGPEHSANGPASPALTQSA,EQYQFLYDVIASTYPAQNGQVKKKNSQEDKIELEDEVGKTKQDANCVSSPSAPDKASGGDTEDEGSKPTSGPEGPEHSANGPASPALTQSA,28,2,0,DVIASTYPAQNGQVKKKNSQEDKIELEDEVGKTKQDANCVSSPSAPDKASGGDTEDEGSKPTSGPEGPEHSANGPASPALTQSA*,False,4,5,0.8,4,7,2_2,84,DVIASTYPAQNGQVKKKNSQEDKIELEDEVGKTKQDANCVSSPSAPDKASGGDTEDEGSKPTSGPEGPEHSANGPASPALTQSA
