,Species,GeneID,TranscriptIDCluster,ExonIDCluster,SubexonIDCluster,S_exonID,Strand,TranscriptsInGene,ExonRank,Cluster,SubexonStartPhase,SubexonEndPhase,SubexonRank,SubexonSequence,SubexonProteinSequence,SubexonCodingStart,SubexonCodingEnd,TranscriptsWithSubexon,S_exon_Rank,S_exon_Sequence,S_exon_Start,S_exon_End,S_exon_CodingStart,S_exon_CodingEnd,S_exon_StartPhase,S_exon_EndPhase,S_exon_Genomic_Sequence
0,gorilla_gorilla,ENSGGOG00000008306,ENSGGOT00000008355,ENSGGOE00000311255,ENSGGOE00000311255_SE_0,15_0,1,2,1,15,0,0,0,ATGGAATCCAAG,MESK,109239441,109239452,1,1,MESK,1,4,109239441,109239452,0,0,ATGGAATCCAAG
1,gorilla_gorilla,ENSGGOG00000008306,ENSGGOT00000008355,ENSGGOE00000364294,ENSGGOE00000364294_SE_1,4_0,1,2,2,4,0,0,1,AAAGAAGATGTGAGGAGGAAACACATCCGTCTGCAC,KEDVRRKHIRLH,109280110,109280145,1,2,KEDVRRKHIRLH,1,12,109280110,109280145,0,0,AAAGAAGATGTGAGGAGGAAACACATCCGTCTGCAC
2,gorilla_gorilla,ENSGGOG00000008306,ENSGGOT00000008355,ENSGGOE00000364294,ENSGGOE00000085154_SE_2/ENSGGOE00000364294_SE_2,4_1,1,2,2,4,0,0,2,ATGGAAGGGGCGCTGACTGCCCGGGACAAGGTCGGGGTTCAGGATTTTGTGCTATTGGACGCGTACACCAGCGAATCTGCCTTTGTCGACAACCTCCGCAAGCGTTTCAGCAAGAACCTCATATAC,MEGALTARDKVGVQDFVLLDAYTSESAFVDNLRKRFSKNLIY,109280146,109280271,2,3,MEGALTARDKVGVQDFVLLDAYTSESAFVDNLRKRFSKNLIY,1,42,109280146,109280271,0,0,ATGGAAGGGGCGCTGACTGCCCGGGACAAGGTCGGGGTTCAGGATTTTGTGCTATTGGACGCGTACACCAGCGAATCTGCCTTTGTCGACAACCTCCGCAAGCGTTTCAGCAAGAACCTCATATAC
3,gorilla_gorilla,ENSGGOG00000008306,ENSGGOT00000008355,ENSGGOE00000085158,ENSGGOE00000085158_SE_3,9_0,1,2,3,9,0,2,3,ACATATATTGGCACCCTCCTTGTGTCTGTGAATCCATACCAGGAGCTCGGAATCTACACTGTGAGCCAGATGGAACTTTATCAAGGGGTCAATTTCTTTGAACTGCCACCACATGT,TYIGTLLVSVNPYQELGIYTVSQMELYQGVNFFELPPH,109284778,109284893,2,4,TYIGTLLVSVNPYQELGIYTVSQMELYQGVNFFELPPH,1,38,109284778,109284893,0,2,ACATATATTGGCACCCTCCTTGTGTCTGTGAATCCATACCAGGAGCTCGGAATCTACACTGTGAGCCAGATGGAACTTTATCAAGGGGTCAATTTCTTTGAACTGCCACCACATGT
4,gorilla_gorilla,ENSGGOG00000008306,ENSGGOT00000008355,ENSGGOE00000231982,ENSGGOE00000231982_SE_4,1_0,1,2,4,1,2,0,4,CTACGCTATAGCCGACAACGCTTACCGAATGATGTGTGCTGAACTAAATAACCATTTCATCCTCATTTCTGGAGAGAGTGGGGCAGGGAAAACAGAGGCCTCCAAGAAAATTCTCCAGTATTTTGCAGTGACCTGCCCAATGACCCAGTCACTACAAATAGCCCGCGACAGACTGCTGCTCTCCAACCCAGTGCTGGAG,VYAIADNAYRMMCAELNNHFILISGESGAGKTEASKKILQYFAVTCPMTQSLQIARDRLLLSNPVLE,109287770,109287968,2,5,VYAIADNAYRMMCAELNNHFILISGESGAGKTEASKKILQYFAVTCPMTQSLQIARDRLLLSNPVLE,1,67,109287770,109287968,2,0,CTACGCTATAGCCGACAACGCTTACCGAATGATGTGTGCTGAACTAAATAACCATTTCATCCTCATTTCTGGAGAGAGTGGGGCAGGGAAAACAGAGGCCTCCAAGAAAATTCTCCAGTATTTTGCAGTGACCTGCCCAATGACCCAGTCACTACAAATAGCCCGCGACAGACTGCTGCTCTCCAACCCAGTGCTGGAG
5,gorilla_gorilla,ENSGGOG00000008306,ENSGGOT00000008355,ENSGGOE00000085164,ENSGGOE00000085164_SE_5,22_0,1,2,5,22,0,0,5,GCTTTTGGAAATGCCAGAACGCTCCGGAATGACAACTCCAGCAGATTTGGGAAATACATGGATATACAATTTGATGTTCAG,AFGNARTLRNDNSSRFGKYMDIQFDVQ,109289093,109289173,2,6,AFGNARTLRNDNSSRFGKYMDIQFDVQ,1,27,109289093,109289173,0,0,GCTTTTGGAAATGCCAGAACGCTCCGGAATGACAACTCCAGCAGATTTGGGAAATACATGGATATACAATTTGATGTTCAG
6,gorilla_gorilla,ENSGGOG00000008306,ENSGGOT00000008355,ENSGGOE00000085168,ENSGGOE00000085168_SE_6,2_0,1,2,6,2,0,0,6,GGCATTCCCGTAGGTGGGCATATCATCAGTTACTTGATAGAGAAGTCCCGGGTTGTCTACCAAAACGAAGGTGAGCGGAATTTCCACATCTTCTACCAGCTGCTGGCAGGTGGCGAAGAGGAGCGCCTGGCTTACCTGGGACTCGAGCGAGACCCCCAGCTGTATAAATACCTCTCACAG,GIPVGGHIISYLIEKSRVVYQNEGERNFHIFYQLLAGGEEERLAYLGLERDPQLYKYLSQ,109297023,109297202,2,7,GIPVGGHIISYLIEKSRVVYQNEGERNFHIFYQLLAGGEEERLAYLGLERDPQLYKYLSQ,1,60,109297023,109297202,0,0,GGCATTCCCGTAGGTGGGCATATCATCAGTTACTTGATAGAGAAGTCCCGGGTTGTCTACCAAAACGAAGGTGAGCGGAATTTCCACATCTTCTACCAGCTGCTGGCAGGTGGCGAAGAGGAGCGCCTGGCTTACCTGGGACTCGAGCGAGACCCCCAGCTGTATAAATACCTCTCACAG
7,gorilla_gorilla,ENSGGOG00000008306,ENSGGOT00000008355,ENSGGOE00000085172,ENSGGOE00000085172_SE_7,15_1,1,2,7,15,0,0,7,GGTCATTGTGTCAAAGAGTCATCCATTAGTGACAAGAATGACTGGAAAACTGTTTCCAACGCCTTTTCTGTCATTGATTTTACTGAAGCTGACCTCGAG,GHCVKESSISDKNDWKTVSNAFSVIDFTEADLE,109299908,109300006,2,8,GHCVKESSISDKNDWKTVSNAFSVIDFTEADLE,1,33,109299908,109300006,0,0,GGTCATTGTGTCAAAGAGTCATCCATTAGTGACAAGAATGACTGGAAAACTGTTTCCAACGCCTTTTCTGTCATTGATTTTACTGAAGCTGACCTCGAG
8,gorilla_gorilla,ENSGGOG00000008306,ENSGGOT00000008355,ENSGGOE00000085174,ENSGGOE00000085174_SE_8,11_0,1,2,8,11,0,0,8,AATCTCTTTGGAATTATTGCCAGTGTCTTACACCTGGGGAACATTGGTTTTGAAGAAGATGACCAAGGCTGTGCCACTATCCCAGACACCCACGAGATCAAGTGGATAGCCAAG,NLFGIIASVLHLGNIGFEEDDQGCATIPDTHEIKWIAK,109301842,109301955,2,9,NLFGIIASVLHLGNIGFEEDDQGCATIPDTHEIKWIAK,1,38,109301842,109301955,0,0,AATCTCTTTGGAATTATTGCCAGTGTCTTACACCTGGGGAACATTGGTTTTGAAGAAGATGACCAAGGCTGTGCCACTATCCCAGACACCCACGAGATCAAGTGGATAGCCAAG
9,gorilla_gorilla,ENSGGOG00000008306,ENSGGOT00000008355,ENSGGOE00000085177,ENSGGOE00000085177_SE_9,24_0,1,2,9,24,0,0,9,CTCCTGGGGGTCCACCCATCAGTCCTTCTGGAAGCTCTCACCCACAGAAAAATTAAAGCCAAAACTGAGGAG,LLGVHPSVLLEALTHRKIKAKTEE,109302693,109302764,2,10,LLGVHPSVLLEALTHRKIKAKTEE,1,24,109302693,109302764,0,0,CTCCTGGGGGTCCACCCATCAGTCCTTCTGGAAGCTCTCACCCACAGAAAAATTAAAGCCAAAACTGAGGAG
10,gorilla_gorilla,ENSGGOG00000008306,ENSGGOT00000008355,ENSGGOE00000085181,ENSGGOE00000085181_SE_10,7_0,1,2,10,7,0,0,10,GTGATCTGCCCGTTGACACTAGAACTCTCTGTCTACGCTAGAGATGCAATGGCAAAGGCTGTTTATGGACGAACGTTTACTTGGCTGGTCAACAAAATCAATTCCTCCTTAGTTAACAAG,VICPLTLELSVYARDAMAKAVYGRTFTWLVNKINSSLVNK,109303713,109303832,2,11,VICPLTLELSVYARDAMAKAVYGRTFTWLVNKINSSLVNK,1,40,109303713,109303832,0,0,GTGATCTGCCCGTTGACACTAGAACTCTCTGTCTACGCTAGAGATGCAATGGCAAAGGCTGTTTATGGACGAACGTTTACTTGGCTGGTCAACAAAATCAATTCCTCCTTAGTTAACAAG
11,gorilla_gorilla,ENSGGOG00000008306,ENSGGOT00000008355,ENSGGOE00000085187,ENSGGOE00000085187_SE_11,27_0,1,2,11,27,0,2,11,GATTTCACCAGGAAAACTGTAATTGGATTACTGGACATCTATGGGTTTGAAGTCTTTGACAAGAATGG,DFTRKTVIGLLDIYGFEVFDKN,109305434,109305501,2,12,DFTRKTVIGLLDIYGFEVFDKN,1,22,109305434,109305501,0,2,GATTTCACCAGGAAAACTGTAATTGGATTACTGGACATCTATGGGTTTGAAGTCTTTGACAAGAATGG
12,gorilla_gorilla,ENSGGOG00000008306,ENSGGOT00000008355,ENSGGOE00000085191,ENSGGOE00000085191_SE_12,13_0,1,2,12,13,2,0,12,TTTTGAACAGTTCTGTATAAATTACTGCAATGAGAAACTCCAGCAACTGTTAATTGAGAGGACTCTAAAAGCAGAACAGGCAGAATATGAAATGGAAGGCATAGAG,GFEQFCINYCNEKLQQLLIERTLKAEQAEYEMEGIE,109305840,109305945,2,13,GFEQFCINYCNE,1,12,109305840,109305873,2,0,TTTTGAACAGTTCTGTATAAATTACTGCAATGAG
13,gorilla_gorilla,ENSGGOG00000008306,ENSGGOT00000008355,ENSGGOE00000085191,ENSGGOE00000085191_SE_12,13_1,1,2,12,13,2,0,12,TTTTGAACAGTTCTGTATAAATTACTGCAATGAGAAACTCCAGCAACTGTTAATTGAGAGGACTCTAAAAGCAGAACAGGCAGAATATGAAATGGAAGGCATAGAG,GFEQFCINYCNEKLQQLLIERTLKAEQAEYEMEGIE,109305840,109305945,2,14,KLQQLLIERTLKAEQAEYEMEGIE,13,36,109305874,109305945,0,0,AAACTCCAGCAACTGTTAATTGAGAGGACTCTAAAAGCAGAACAGGCAGAATATGAAATGGAAGGCATAGAG
14,gorilla_gorilla,ENSGGOG00000008306,ENSGGOT00000008355,ENSGGOE00000251514,ENSGGOE00000251514_SE_13,21_0,1,2,13,21,0,0,13,TGGGAGCCAATTAAATATTTCAACAACAAGATCATCTGTGATTTGGTAGAAGAGAGACATAAAGGAATCATATCCATTCTG,WEPIKYFNNKIICDLVEERHKGIISIL,109306768,109306848,2,15,WEPIKYFNNKIICDLVEERHKGIISIL,1,27,109306768,109306848,0,0,TGGGAGCCAATTAAATATTTCAACAACAAGATCATCTGTGATTTGGTAGAAGAGAGACATAAAGGAATCATATCCATTCTG
15,gorilla_gorilla,ENSGGOG00000008306,ENSGGOT00000008355,ENSGGOE00000085211,ENSGGOE00000085211_SE_14,18_0,1,2,14,18,0,2,14,GATGAAGAATGCATTCGGCCTGGTCCTGCTACAGACTTGAGTTTCCTGGAGAAATTGGAAGAGAAAGTGGGCAAACATGCACACTTCGAAAC,DEECIRPGPATDLSFLEKLEEKVGKHAHFE,109307979,109308070,2,16,DEECIRPGPATDLSFLEKLEEKVGKHAHFE,1,30,109307979,109308070,0,2,GATGAAGAATGCATTCGGCCTGGTCCTGCTACAGACTTGAGTTTCCTGGAGAAATTGGAAGAGAAAGTGGGCAAACATGCACACTTCGAAAC
16,gorilla_gorilla,ENSGGOG00000008306,ENSGGOT00000008355,ENSGGOE00000085220,ENSGGOE00000085220_SE_15,17_0,1,2,15,17,2,1,15,CCGTAAGCTGGCTGGTCCAAAAGGCCGAAAGAGGATTGGCTGGATGGAGTTCCGACTCCTCCACTATGCAGGAGAGGTCACATACTGCACCAAGG,TRKLAGPKGRKRIGWMEFRLLHYAGEVTYCTK,109311601,109311695,2,17,TRKLAGPKGRKRIGWMEFRLLHYAGEVTYCTK,1,32,109311601,109311695,2,1,CCGTAAGCTGGCTGGTCCAAAAGGCCGAAAGAGGATTGGCTGGATGGAGTTCCGACTCCTCCACTATGCAGGAGAGGTCACATACTGCACCAAGG
17,gorilla_gorilla,ENSGGOG00000008306,ENSGGOT00000008355,ENSGGOE00000085228,ENSGGOE00000085228_SE_16,25_0,1,2,16,25,1,0,16,GATTCTTGGAAAAAAACAATGATCTTCTTTACAGACATCTGAAAGAA,GFLEKNNDLLYRHLKE,109317045,109317091,2,18,GFLEKNNDLLYRHLKE,1,16,109317045,109317091,1,0,GATTCTTGGAAAAAAACAATGATCTTCTTTACAGACATCTGAAAGAA
18,gorilla_gorilla,ENSGGOG00000008306,ENSGGOT00000008355,ENSGGOE00000085235,ENSGGOE00000085235_SE_17,19_1,1,2,17,19,0,0,17,GTGCTGTGCAAGTCCAAGAACATTATCCTGAGGGAGTGCTTCCTGCTGGCCGAGTTAGAAAACCGGAGGAGGCCCCCAACA,VLCKSKNIILRECFLLAELENRRRPPT,109320800,109320880,2,19,VLCKSKNIILRECFLLAELENRRRPPT,1,27,109320800,109320880,0,0,GTGCTGTGCAAGTCCAAGAACATTATCCTGAGGGAGTGCTTCCTGCTGGCCGAGTTAGAAAACCGGAGGAGGCCCCCAACA
19,gorilla_gorilla,ENSGGOG00000008306,ENSGGOT00000008355,ENSGGOE00000085251,ENSGGOE00000085251_SE_18,12_0,1,2,18,12,0,1,18,GTGGGCACTCAGTTTAAAAACAGTCTGAGCAGCCTTCTAGAAATCCTCATCTCTAAGGAGCCCTCCTACATCCGTTGCATCAAGCCCAACGACAGGAAAGAACCCA,VGTQFKNSLSSLLEILISKEPSYIRCIKPNDRKEP,109322005,109322110,2,20,VGTQFKNSLSSLLEILISKEPSYIRCIKPNDRKEP,1,35,109322005,109322110,0,1,GTGGGCACTCAGTTTAAAAACAGTCTGAGCAGCCTTCTAGAAATCCTCATCTCTAAGGAGCCCTCCTACATCCGTTGCATCAAGCCCAACGACAGGAAAGAACCCA
20,gorilla_gorilla,ENSGGOG00000008306,ENSGGOT00000008355,ENSGGOE00000239123,ENSGGOE00000239123_SE_19,8_0,1,2,19,8,1,2,19,GCAAATTTGATGACTTCCTCATAAGACATCAGATCAAATACCTGGGGCTGATGGAGCACCTGCGGGTGAGACGGGCTGGCTTTGCATACCGAAGGAAATACGAGCATTTCTTGCAAAG,SKFDDFLIRHQIKYLGLMEHLRVRRAGFAYRRKYEHFLQ,109323527,109323644,2,21,SKFDDFLIRHQIKYLGLMEHLRVRRAGFAYRRKYEHFLQ,1,39,109323527,109323644,1,2,GCAAATTTGATGACTTCCTCATAAGACATCAGATCAAATACCTGGGGCTGATGGAGCACCTGCGGGTGAGACGGGCTGGCTTTGCATACCGAAGGAAATACGAGCATTTCTTGCAAAG
21,gorilla_gorilla,ENSGGOG00000008306,ENSGGOT00000008355,ENSGGOE00000085264,ENSGGOE00000085264_SE_20,10_0,1,2,20,10,2,2,20,GTACAAGTCCTTATGCCCAGACACCTGGCCGCACTGGCACGGGCCTCCAGCAGAGGGCGTGGAACGGCTGATCAAGTACATCGGCTACAAACCCGAGGAATACAAGTTAGGCAA,RYKSLCPDTWPHWHGPPAEGVERLIKYIGYKPEEYKLG,109328931,109329044,2,22,RYKSLCPDTWPHWHGPPAEGVERLIKYIGYKPEEYKLG,1,38,109328931,109329044,2,2,GTACAAGTCCTTATGCCCAGACACCTGGCCGCACTGGCACGGGCCTCCAGCAGAGGGCGTGGAACGGCTGATCAAGTACATCGGCTACAAACCCGAGGAATACAAGTTAGGCAA
22,gorilla_gorilla,ENSGGOG00000008306,ENSGGOT00000008355,ENSGGOE00000260654,ENSGGOE00000260654_SE_21,23_0,1,2,21,23,2,1,21,AACCAAAATATTCATTCGTTTCCCCAGAACTCTGTTTGCTACCGAAGATGCCTTTGAATTTAGTAAACATCAACTAG,KTKIFIRFPRTLFATEDAFEFSKHQL,109331073,109331149,2,23,KTKIFIRFPRTLFATEDAFEFSKHQL,1,26,109331073,109331149,2,1,AACCAAAATATTCATTCGTTTCCCCAGAACTCTGTTTGCTACCGAAGATGCCTTTGAATTTAGTAAACATCAACTAG
23,gorilla_gorilla,ENSGGOG00000008306,ENSGGOT00000008355,ENSGGOE00000085280,ENSGGOE00000085280_SE_22,26_0,1,2,22,26,1,1,22,TTGCAAGAATCCAAGCCACTTACAAATGCTGCCTAGGAAGGAGAGAATACGTGAAAAAAAGACAAGCAG,VARIQATYKCCLGRREYVKKRQA,109332525,109332593,2,24,VARIQATYKCCLGRREYVKKRQA,1,23,109332525,109332593,1,1,TTGCAAGAATCCAAGCCACTTACAAATGCTGCCTAGGAAGGAGAGAATACGTGAAAAAAAGACAAGCAG
24,gorilla_gorilla,ENSGGOG00000008306,ENSGGOT00000008355,ENSGGOE00000085284,ENSGGOE00000085284_SE_23,20_0,1,2,23,20,1,2,23,CCATCAAACTGGAAGCCCACTGGCGTGGGGCCCTGGCTCGGAAGGCAATCCAAAGGAGAAAGTGGGCCGTGCGGATTATCAGAAA,AIKLEAHWRGALARKAIQRRKWAVRIIR,109334585,109334669,2,25,AIKLEAHWRGALARKAIQRRKWAVRIIR,1,28,109334585,109334669,1,2,CCATCAAACTGGAAGCCCACTGGCGTGGGGCCCTGGCTCGGAAGGCAATCCAAAGGAGAAAGTGGGCCGTGCGGATTATCAGAAA
25,gorilla_gorilla,ENSGGOG00000008306,ENSGGOT00000008355,ENSGGOE00000085290,ENSGGOE00000085290_SE_24,3_0,1,2,24,3,2,0,24,GTTCATTAAAGGATTCATCAGTCGCAACAAACCCCTCTGTCCTGACAACGAGGAATTTATCATGTTTGTGCGGAAGAATTACATCTTGAATCTCCAGTATCACCTTCCAAAGACTGTCCTGGACAAGAGCTGGCTGAGGCCTCCTGGCATCTTGGAAAAT,KFIKGFISRNKPLCPDNEEFIMFVRKNYILNLQYHLPKTVLDKSWLRPPGILEN,109335697,109335856,2,26,KFIKGFISRNKPLCPDNEEFIMFVRKNYILNLQYHLPKTVLDKSWLRPPGILEN,1,54,109335697,109335856,2,0,GTTCATTAAAGGATTCATCAGTCGCAACAAACCCCTCTGTCCTGACAACGAGGAATTTATCATGTTTGTGCGGAAGAATTACATCTTGAATCTCCAGTATCACCTTCCAAAGACTGTCCTGGACAAGAGCTGGCTGAGGCCTCCTGGCATCTTGGAAAAT
26,gorilla_gorilla,ENSGGOG00000008306,ENSGGOT00000008355,ENSGGOE00000085300,ENSGGOE00000085300_SE_25,19_2,1,2,25,19,0,0,25,GCATCAGATCTGCTCAGGAAAATGTGCATGAGGAACCTGGTGCAGAAGTACTGCCGCGGGATCACAGCTGAGCGGAAAGCAATG,ASDLLRKMCMRNLVQKYCRGITAERKAM,109336780,109336863,2,27,ASDLLRKMCMRNLVQKYCRGITAERKAM,1,28,109336780,109336863,0,0,GCATCAGATCTGCTCAGGAAAATGTGCATGAGGAACCTGGTGCAGAAGTACTGCCGCGGGATCACAGCTGAGCGGAAAGCAATG
27,gorilla_gorilla,ENSGGOG00000008306,ENSGGOT00000008355,ENSGGOE00000085305,ENSGGOE00000085305_SE_26,16_2,1,2,26,16,0,1,26,ATGCAGCAAAAGGTAGTTACAAGTGAAATCTTCAGGGGAAGGAAAGACGGCTACACAGAAAGTTTAAATCAACCCTTTGTCAACAGTCGGATAG,MQQKVVTSEIFRGRKDGYTESLNQPFVNSRI,109337651,109337744,2,28,MQQKVVTSEIFRGRKDGYTESLNQPFVNSRI,1,31,109337651,109337744,0,1,ATGCAGCAAAAGGTAGTTACAAGTGAAATCTTCAGGGGAAGGAAAGACGGCTACACAGAAAGTTTAAATCAACCCTTTGTCAACAGTCGGATAG
28,gorilla_gorilla,ENSGGOG00000008306,ENSGGOT00000008355,ENSGGOE00000213046,ENSGGOE00000213046_SE_27,29_0,1,2,27,29,1,0,27,ATGAAGGAGACATTAATCCAAAAGTGCTTCAGCTAATTAGCCATGAGAAAATCCAG,DEGDINPKVLQLISHEKIQ,109338261,109338316,2,29,DEGDINPKVLQLISHEKIQ,1,19,109338261,109338316,1,0,ATGAAGGAGACATTAATCCAAAAGTGCTTCAGCTAATTAGCCATGAGAAAATCCAG
29,gorilla_gorilla,ENSGGOG00000008306,ENSGGOT00000008355,ENSGGOE00000346337,ENSGGOE00000346337_SE_28,5_0,1,2,28,5,0,1,28,TATGGTGTCCCGGTCATTAAATATGACAGAAAAGGCTTCAAAGCACGGCAGCGGCAACTCATTCTTACTCAGAAAGCAGCTTACGTGGTGGAACTTGCCAAAATCAAGCAGAAAATAGAGTACTCAGCTCTCAAAG,YGVPVIKYDRKGFKARQRQLILTQKAAYVVELAKIKQKIEYSALK,109339311,109339446,2,30,YGVPVIKYDRKGFKARQRQLILTQ,1,24,109339311,109339379,0,0,TATGGTGTCCCGGTCATTAAATATGACAGAAAAGGCTTCAAAGCACGGCAGCGGCAACTCATTCTTACT
30,gorilla_gorilla,ENSGGOG00000008306,ENSGGOT00000008355,ENSGGOE00000346337,ENSGGOE00000346337_SE_28,5_1,1,2,28,5,0,1,28,TATGGTGTCCCGGTCATTAAATATGACAGAAAAGGCTTCAAAGCACGGCAGCGGCAACTCATTCTTACTCAGAAAGCAGCTTACGTGGTGGAACTTGCCAAAATCAAGCAGAAAATAGAGTACTCAGCTCTCAAAG,YGVPVIKYDRKGFKARQRQLILTQKAAYVVELAKIKQKIEYSALK,109339311,109339446,2,31,KAAYVVELAKIKQKIEYSALK,25,45,109339380,109339446,0,1,CAGAAAGCAGCTTACGTGGTGGAACTTGCCAAAATCAAGCAGAAAATAGAGTACTCAGCTCTCAAAG
31,gorilla_gorilla,ENSGGOG00000008306,ENSGGOT00000008355,ENSGGOE00000085317,ENSGGOE00000085317_SE_29,15_2,1,2,29,15,1,0,29,GTGTCTCCACTAGCAATCTGAGTGATGGAATCTTAGTCATTCATGTTTCACCAGAGGACAGCAAGCAAAAG,GVSTSNLSDGILVIHVSPEDSKQK,109340009,109340079,2,32,GVSTSNLSDGILVIHVSPEDSKQK,1,24,109340009,109340079,1,0,GTGTCTCCACTAGCAATCTGAGTGATGGAATCTTAGTCATTCATGTTTCACCAGAGGACAGCAAGCAAAAG
32,gorilla_gorilla,ENSGGOG00000008306,ENSGGOT00000008355,ENSGGOE00000085321,ENSGGOE00000085321_SE_30,6_1,1,2,30,6,0,2,30,GGGGATGCCGTTTTGCAGTGTGGACATGTGTTTGAAGCAGTTACTAAACTCGTCATGCTGGTTAAGAAGGAGAACATTGTCAATGTTGTTCAAGGAAG,GDAVLQCGHVFEAVTKLVMLVKKENIVNVVQG,109340228,109340325,2,33,GDAVLQCGHVFEAVTKLVMLVKKENIVNVVQG,1,32,109340228,109340325,0,2,GGGGATGCCGTTTTGCAGTGTGGACATGTGTTTGAAGCAGTTACTAAACTCGTCATGCTGGTTAAGAAGGAGAACATTGTCAATGTTGTTCAAGGAAG
33,gorilla_gorilla,ENSGGOG00000008306,ENSGGOT00000008355,ENSGGOE00000272357,ENSGGOE00000272357_SE_31,14_0,1,2,31,14,2,0,31,GTTACAGTTTTTTATTAGTCCGGGAAAAGAAGGCACAATAGTTTTCGACACTGGACCAGAAGAACAAGTCTATAAAAATAAAAATGGACAATTAACAGTG,RLQFFISPGKEGTIVFDTGPEEQVYKNKNGQLTV,109341312,109341411,2,34,RLQFFISPGKEGTIVFDTGPEEQVYKNKNGQLTV,1,34,109341312,109341411,2,0,GTTACAGTTTTTTATTAGTCCGGGAAAAGAAGGCACAATAGTTTTCGACACTGGACCAGAAGAACAAGTCTATAAAAATAAAAATGGACAATTAACAGTG
34,gorilla_gorilla,ENSGGOG00000008306,ENSGGOT00000008355,ENSGGOE00000369616,ENSGGOE00000254611_SE_32/ENSGGOE00000369616_SE_32,20_1,1,2,32,20,0,0,32,GTGTCAGTCCGGAGGAAGTCCTGA,VSVRRKS*,109342954,109342977,2,35,VSVRRKS,1,7,109342954,109342977,0,0,GTGTCAGTCCGGAGGAAGTCCTGA
35,gorilla_gorilla,ENSGGOG00000008306,ENSGGOT00000027259,ENSGGOE00000085154,ENSGGOE00000085154_SE_2/ENSGGOE00000364294_SE_2,4_1,1,2,1,4,0,0,0,ATGGAAGGGGCGCTGACTGCCCGGGACAAGGTCGGGGTTCAGGATTTTGTGCTATTGGACGCGTACACCAGCGAATCTGCCTTTGTCGACAACCTCCGCAAGCGTTTCAGCAAGAACCTCATATAC,MEGALTARDKVGVQDFVLLDAYTSESAFVDNLRKRFSKNLIY,109280146,109280271,2,1,MEGALTARDKVGVQDFVLLDAYTSESAFVDNLRKRFSKNLIY,1,42,109280146,109280271,0,0,ATGGAAGGGGCGCTGACTGCCCGGGACAAGGTCGGGGTTCAGGATTTTGTGCTATTGGACGCGTACACCAGCGAATCTGCCTTTGTCGACAACCTCCGCAAGCGTTTCAGCAAGAACCTCATATAC
36,gorilla_gorilla,ENSGGOG00000008306,ENSGGOT00000027259,ENSGGOE00000085158,ENSGGOE00000085158_SE_3,9_0,1,2,2,9,0,2,1,ACATATATTGGCACCCTCCTTGTGTCTGTGAATCCATACCAGGAGCTCGGAATCTACACTGTGAGCCAGATGGAACTTTATCAAGGGGTCAATTTCTTTGAACTGCCACCACATGT,TYIGTLLVSVNPYQELGIYTVSQMELYQGVNFFELPPH,109284778,109284893,2,2,TYIGTLLVSVNPYQELGIYTVSQMELYQGVNFFELPPH,1,38,109284778,109284893,0,2,ACATATATTGGCACCCTCCTTGTGTCTGTGAATCCATACCAGGAGCTCGGAATCTACACTGTGAGCCAGATGGAACTTTATCAAGGGGTCAATTTCTTTGAACTGCCACCACATGT
37,gorilla_gorilla,ENSGGOG00000008306,ENSGGOT00000027259,ENSGGOE00000231982,ENSGGOE00000231982_SE_4,1_0,1,2,3,1,2,0,2,CTACGCTATAGCCGACAACGCTTACCGAATGATGTGTGCTGAACTAAATAACCATTTCATCCTCATTTCTGGAGAGAGTGGGGCAGGGAAAACAGAGGCCTCCAAGAAAATTCTCCAGTATTTTGCAGTGACCTGCCCAATGACCCAGTCACTACAAATAGCCCGCGACAGACTGCTGCTCTCCAACCCAGTGCTGGAG,VYAIADNAYRMMCAELNNHFILISGESGAGKTEASKKILQYFAVTCPMTQSLQIARDRLLLSNPVLE,109287770,109287968,2,3,VYAIADNAYRMMCAELNNHFILISGESGAGKTEASKKILQYFAVTCPMTQSLQIARDRLLLSNPVLE,1,67,109287770,109287968,2,0,CTACGCTATAGCCGACAACGCTTACCGAATGATGTGTGCTGAACTAAATAACCATTTCATCCTCATTTCTGGAGAGAGTGGGGCAGGGAAAACAGAGGCCTCCAAGAAAATTCTCCAGTATTTTGCAGTGACCTGCCCAATGACCCAGTCACTACAAATAGCCCGCGACAGACTGCTGCTCTCCAACCCAGTGCTGGAG
38,gorilla_gorilla,ENSGGOG00000008306,ENSGGOT00000027259,ENSGGOE00000085164,ENSGGOE00000085164_SE_5,22_0,1,2,4,22,0,0,3,GCTTTTGGAAATGCCAGAACGCTCCGGAATGACAACTCCAGCAGATTTGGGAAATACATGGATATACAATTTGATGTTCAG,AFGNARTLRNDNSSRFGKYMDIQFDVQ,109289093,109289173,2,4,AFGNARTLRNDNSSRFGKYMDIQFDVQ,1,27,109289093,109289173,0,0,GCTTTTGGAAATGCCAGAACGCTCCGGAATGACAACTCCAGCAGATTTGGGAAATACATGGATATACAATTTGATGTTCAG
39,gorilla_gorilla,ENSGGOG00000008306,ENSGGOT00000027259,ENSGGOE00000085168,ENSGGOE00000085168_SE_6,2_0,1,2,5,2,0,0,4,GGCATTCCCGTAGGTGGGCATATCATCAGTTACTTGATAGAGAAGTCCCGGGTTGTCTACCAAAACGAAGGTGAGCGGAATTTCCACATCTTCTACCAGCTGCTGGCAGGTGGCGAAGAGGAGCGCCTGGCTTACCTGGGACTCGAGCGAGACCCCCAGCTGTATAAATACCTCTCACAG,GIPVGGHIISYLIEKSRVVYQNEGERNFHIFYQLLAGGEEERLAYLGLERDPQLYKYLSQ,109297023,109297202,2,5,GIPVGGHIISYLIEKSRVVYQNEGERNFHIFYQLLAGGEEERLAYLGLERDPQLYKYLSQ,1,60,109297023,109297202,0,0,GGCATTCCCGTAGGTGGGCATATCATCAGTTACTTGATAGAGAAGTCCCGGGTTGTCTACCAAAACGAAGGTGAGCGGAATTTCCACATCTTCTACCAGCTGCTGGCAGGTGGCGAAGAGGAGCGCCTGGCTTACCTGGGACTCGAGCGAGACCCCCAGCTGTATAAATACCTCTCACAG
40,gorilla_gorilla,ENSGGOG00000008306,ENSGGOT00000027259,ENSGGOE00000085172,ENSGGOE00000085172_SE_7,15_1,1,2,6,15,0,0,5,GGTCATTGTGTCAAAGAGTCATCCATTAGTGACAAGAATGACTGGAAAACTGTTTCCAACGCCTTTTCTGTCATTGATTTTACTGAAGCTGACCTCGAG,GHCVKESSISDKNDWKTVSNAFSVIDFTEADLE,109299908,109300006,2,6,GHCVKESSISDKNDWKTVSNAFSVIDFTEADLE,1,33,109299908,109300006,0,0,GGTCATTGTGTCAAAGAGTCATCCATTAGTGACAAGAATGACTGGAAAACTGTTTCCAACGCCTTTTCTGTCATTGATTTTACTGAAGCTGACCTCGAG
41,gorilla_gorilla,ENSGGOG00000008306,ENSGGOT00000027259,ENSGGOE00000085174,ENSGGOE00000085174_SE_8,11_0,1,2,7,11,0,0,6,AATCTCTTTGGAATTATTGCCAGTGTCTTACACCTGGGGAACATTGGTTTTGAAGAAGATGACCAAGGCTGTGCCACTATCCCAGACACCCACGAGATCAAGTGGATAGCCAAG,NLFGIIASVLHLGNIGFEEDDQGCATIPDTHEIKWIAK,109301842,109301955,2,7,NLFGIIASVLHLGNIGFEEDDQGCATIPDTHEIKWIAK,1,38,109301842,109301955,0,0,AATCTCTTTGGAATTATTGCCAGTGTCTTACACCTGGGGAACATTGGTTTTGAAGAAGATGACCAAGGCTGTGCCACTATCCCAGACACCCACGAGATCAAGTGGATAGCCAAG
42,gorilla_gorilla,ENSGGOG00000008306,ENSGGOT00000027259,ENSGGOE00000085177,ENSGGOE00000085177_SE_9,24_0,1,2,8,24,0,0,7,CTCCTGGGGGTCCACCCATCAGTCCTTCTGGAAGCTCTCACCCACAGAAAAATTAAAGCCAAAACTGAGGAG,LLGVHPSVLLEALTHRKIKAKTEE,109302693,109302764,2,8,LLGVHPSVLLEALTHRKIKAKTEE,1,24,109302693,109302764,0,0,CTCCTGGGGGTCCACCCATCAGTCCTTCTGGAAGCTCTCACCCACAGAAAAATTAAAGCCAAAACTGAGGAG
43,gorilla_gorilla,ENSGGOG00000008306,ENSGGOT00000027259,ENSGGOE00000085181,ENSGGOE00000085181_SE_10,7_0,1,2,9,7,0,0,8,GTGATCTGCCCGTTGACACTAGAACTCTCTGTCTACGCTAGAGATGCAATGGCAAAGGCTGTTTATGGACGAACGTTTACTTGGCTGGTCAACAAAATCAATTCCTCCTTAGTTAACAAG,VICPLTLELSVYARDAMAKAVYGRTFTWLVNKINSSLVNK,109303713,109303832,2,9,VICPLTLELSVYARDAMAKAVYGRTFTWLVNKINSSLVNK,1,40,109303713,109303832,0,0,GTGATCTGCCCGTTGACACTAGAACTCTCTGTCTACGCTAGAGATGCAATGGCAAAGGCTGTTTATGGACGAACGTTTACTTGGCTGGTCAACAAAATCAATTCCTCCTTAGTTAACAAG
44,gorilla_gorilla,ENSGGOG00000008306,ENSGGOT00000027259,ENSGGOE00000085187,ENSGGOE00000085187_SE_11,27_0,1,2,10,27,0,2,9,GATTTCACCAGGAAAACTGTAATTGGATTACTGGACATCTATGGGTTTGAAGTCTTTGACAAGAATGG,DFTRKTVIGLLDIYGFEVFDKN,109305434,109305501,2,10,DFTRKTVIGLLDIYGFEVFDKN,1,22,109305434,109305501,0,2,GATTTCACCAGGAAAACTGTAATTGGATTACTGGACATCTATGGGTTTGAAGTCTTTGACAAGAATGG
45,gorilla_gorilla,ENSGGOG00000008306,ENSGGOT00000027259,ENSGGOE00000085191,ENSGGOE00000085191_SE_12,13_0,1,2,11,13,2,0,10,TTTTGAACAGTTCTGTATAAATTACTGCAATGAGAAACTCCAGCAACTGTTAATTGAGAGGACTCTAAAAGCAGAACAGGCAGAATATGAAATGGAAGGCATAGAG,GFEQFCINYCNEKLQQLLIERTLKAEQAEYEMEGIE,109305840,109305945,2,11,GFEQFCINYCNE,1,12,109305840,109305873,2,0,TTTTGAACAGTTCTGTATAAATTACTGCAATGAG
46,gorilla_gorilla,ENSGGOG00000008306,ENSGGOT00000027259,ENSGGOE00000085191,ENSGGOE00000085191_SE_12,13_1,1,2,11,13,2,0,10,TTTTGAACAGTTCTGTATAAATTACTGCAATGAGAAACTCCAGCAACTGTTAATTGAGAGGACTCTAAAAGCAGAACAGGCAGAATATGAAATGGAAGGCATAGAG,GFEQFCINYCNEKLQQLLIERTLKAEQAEYEMEGIE,109305840,109305945,2,12,KLQQLLIERTLKAEQAEYEMEGIE,13,36,109305874,109305945,0,0,AAACTCCAGCAACTGTTAATTGAGAGGACTCTAAAAGCAGAACAGGCAGAATATGAAATGGAAGGCATAGAG
47,gorilla_gorilla,ENSGGOG00000008306,ENSGGOT00000027259,ENSGGOE00000251514,ENSGGOE00000251514_SE_13,21_0,1,2,12,21,0,0,11,TGGGAGCCAATTAAATATTTCAACAACAAGATCATCTGTGATTTGGTAGAAGAGAGACATAAAGGAATCATATCCATTCTG,WEPIKYFNNKIICDLVEERHKGIISIL,109306768,109306848,2,13,WEPIKYFNNKIICDLVEERHKGIISIL,1,27,109306768,109306848,0,0,TGGGAGCCAATTAAATATTTCAACAACAAGATCATCTGTGATTTGGTAGAAGAGAGACATAAAGGAATCATATCCATTCTG
48,gorilla_gorilla,ENSGGOG00000008306,ENSGGOT00000027259,ENSGGOE00000085211,ENSGGOE00000085211_SE_14,18_0,1,2,13,18,0,2,12,GATGAAGAATGCATTCGGCCTGGTCCTGCTACAGACTTGAGTTTCCTGGAGAAATTGGAAGAGAAAGTGGGCAAACATGCACACTTCGAAAC,DEECIRPGPATDLSFLEKLEEKVGKHAHFE,109307979,109308070,2,14,DEECIRPGPATDLSFLEKLEEKVGKHAHFE,1,30,109307979,109308070,0,2,GATGAAGAATGCATTCGGCCTGGTCCTGCTACAGACTTGAGTTTCCTGGAGAAATTGGAAGAGAAAGTGGGCAAACATGCACACTTCGAAAC
49,gorilla_gorilla,ENSGGOG00000008306,ENSGGOT00000027259,ENSGGOE00000085220,ENSGGOE00000085220_SE_15,17_0,1,2,14,17,2,1,13,CCGTAAGCTGGCTGGTCCAAAAGGCCGAAAGAGGATTGGCTGGATGGAGTTCCGACTCCTCCACTATGCAGGAGAGGTCACATACTGCACCAAGG,TRKLAGPKGRKRIGWMEFRLLHYAGEVTYCTK,109311601,109311695,2,15,TRKLAGPKGRKRIGWMEFRLLHYAGEVTYCTK,1,32,109311601,109311695,2,1,CCGTAAGCTGGCTGGTCCAAAAGGCCGAAAGAGGATTGGCTGGATGGAGTTCCGACTCCTCCACTATGCAGGAGAGGTCACATACTGCACCAAGG
50,gorilla_gorilla,ENSGGOG00000008306,ENSGGOT00000027259,ENSGGOE00000085228,ENSGGOE00000085228_SE_16,25_0,1,2,15,25,1,0,14,GATTCTTGGAAAAAAACAATGATCTTCTTTACAGACATCTGAAAGAA,GFLEKNNDLLYRHLKE,109317045,109317091,2,16,GFLEKNNDLLYRHLKE,1,16,109317045,109317091,1,0,GATTCTTGGAAAAAAACAATGATCTTCTTTACAGACATCTGAAAGAA
51,gorilla_gorilla,ENSGGOG00000008306,ENSGGOT00000027259,ENSGGOE00000085235,ENSGGOE00000085235_SE_17,19_1,1,2,16,19,0,0,15,GTGCTGTGCAAGTCCAAGAACATTATCCTGAGGGAGTGCTTCCTGCTGGCCGAGTTAGAAAACCGGAGGAGGCCCCCAACA,VLCKSKNIILRECFLLAELENRRRPPT,109320800,109320880,2,17,VLCKSKNIILRECFLLAELENRRRPPT,1,27,109320800,109320880,0,0,GTGCTGTGCAAGTCCAAGAACATTATCCTGAGGGAGTGCTTCCTGCTGGCCGAGTTAGAAAACCGGAGGAGGCCCCCAACA
52,gorilla_gorilla,ENSGGOG00000008306,ENSGGOT00000027259,ENSGGOE00000085251,ENSGGOE00000085251_SE_18,12_0,1,2,17,12,0,1,16,GTGGGCACTCAGTTTAAAAACAGTCTGAGCAGCCTTCTAGAAATCCTCATCTCTAAGGAGCCCTCCTACATCCGTTGCATCAAGCCCAACGACAGGAAAGAACCCA,VGTQFKNSLSSLLEILISKEPSYIRCIKPNDRKEP,109322005,109322110,2,18,VGTQFKNSLSSLLEILISKEPSYIRCIKPNDRKEP,1,35,109322005,109322110,0,1,GTGGGCACTCAGTTTAAAAACAGTCTGAGCAGCCTTCTAGAAATCCTCATCTCTAAGGAGCCCTCCTACATCCGTTGCATCAAGCCCAACGACAGGAAAGAACCCA
53,gorilla_gorilla,ENSGGOG00000008306,ENSGGOT00000027259,ENSGGOE00000239123,ENSGGOE00000239123_SE_19,8_0,1,2,18,8,1,2,17,GCAAATTTGATGACTTCCTCATAAGACATCAGATCAAATACCTGGGGCTGATGGAGCACCTGCGGGTGAGACGGGCTGGCTTTGCATACCGAAGGAAATACGAGCATTTCTTGCAAAG,SKFDDFLIRHQIKYLGLMEHLRVRRAGFAYRRKYEHFLQ,109323527,109323644,2,19,SKFDDFLIRHQIKYLGLMEHLRVRRAGFAYRRKYEHFLQ,1,39,109323527,109323644,1,2,GCAAATTTGATGACTTCCTCATAAGACATCAGATCAAATACCTGGGGCTGATGGAGCACCTGCGGGTGAGACGGGCTGGCTTTGCATACCGAAGGAAATACGAGCATTTCTTGCAAAG
54,gorilla_gorilla,ENSGGOG00000008306,ENSGGOT00000027259,ENSGGOE00000085264,ENSGGOE00000085264_SE_20,10_0,1,2,19,10,2,2,18,GTACAAGTCCTTATGCCCAGACACCTGGCCGCACTGGCACGGGCCTCCAGCAGAGGGCGTGGAACGGCTGATCAAGTACATCGGCTACAAACCCGAGGAATACAAGTTAGGCAA,RYKSLCPDTWPHWHGPPAEGVERLIKYIGYKPEEYKLG,109328931,109329044,2,20,RYKSLCPDTWPHWHGPPAEGVERLIKYIGYKPEEYKLG,1,38,109328931,109329044,2,2,GTACAAGTCCTTATGCCCAGACACCTGGCCGCACTGGCACGGGCCTCCAGCAGAGGGCGTGGAACGGCTGATCAAGTACATCGGCTACAAACCCGAGGAATACAAGTTAGGCAA
55,gorilla_gorilla,ENSGGOG00000008306,ENSGGOT00000027259,ENSGGOE00000260654,ENSGGOE00000260654_SE_21,23_0,1,2,20,23,2,1,19,AACCAAAATATTCATTCGTTTCCCCAGAACTCTGTTTGCTACCGAAGATGCCTTTGAATTTAGTAAACATCAACTAG,KTKIFIRFPRTLFATEDAFEFSKHQL,109331073,109331149,2,21,KTKIFIRFPRTLFATEDAFEFSKHQL,1,26,109331073,109331149,2,1,AACCAAAATATTCATTCGTTTCCCCAGAACTCTGTTTGCTACCGAAGATGCCTTTGAATTTAGTAAACATCAACTAG
56,gorilla_gorilla,ENSGGOG00000008306,ENSGGOT00000027259,ENSGGOE00000085280,ENSGGOE00000085280_SE_22,26_0,1,2,21,26,1,1,20,TTGCAAGAATCCAAGCCACTTACAAATGCTGCCTAGGAAGGAGAGAATACGTGAAAAAAAGACAAGCAG,VARIQATYKCCLGRREYVKKRQA,109332525,109332593,2,22,VARIQATYKCCLGRREYVKKRQA,1,23,109332525,109332593,1,1,TTGCAAGAATCCAAGCCACTTACAAATGCTGCCTAGGAAGGAGAGAATACGTGAAAAAAAGACAAGCAG
57,gorilla_gorilla,ENSGGOG00000008306,ENSGGOT00000027259,ENSGGOE00000085284,ENSGGOE00000085284_SE_23,20_0,1,2,22,20,1,2,21,CCATCAAACTGGAAGCCCACTGGCGTGGGGCCCTGGCTCGGAAGGCAATCCAAAGGAGAAAGTGGGCCGTGCGGATTATCAGAAA,AIKLEAHWRGALARKAIQRRKWAVRIIR,109334585,109334669,2,23,AIKLEAHWRGALARKAIQRRKWAVRIIR,1,28,109334585,109334669,1,2,CCATCAAACTGGAAGCCCACTGGCGTGGGGCCCTGGCTCGGAAGGCAATCCAAAGGAGAAAGTGGGCCGTGCGGATTATCAGAAA
58,gorilla_gorilla,ENSGGOG00000008306,ENSGGOT00000027259,ENSGGOE00000085290,ENSGGOE00000085290_SE_24,3_0,1,2,23,3,2,0,22,GTTCATTAAAGGATTCATCAGTCGCAACAAACCCCTCTGTCCTGACAACGAGGAATTTATCATGTTTGTGCGGAAGAATTACATCTTGAATCTCCAGTATCACCTTCCAAAGACTGTCCTGGACAAGAGCTGGCTGAGGCCTCCTGGCATCTTGGAAAAT,KFIKGFISRNKPLCPDNEEFIMFVRKNYILNLQYHLPKTVLDKSWLRPPGILEN,109335697,109335856,2,24,KFIKGFISRNKPLCPDNEEFIMFVRKNYILNLQYHLPKTVLDKSWLRPPGILEN,1,54,109335697,109335856,2,0,GTTCATTAAAGGATTCATCAGTCGCAACAAACCCCTCTGTCCTGACAACGAGGAATTTATCATGTTTGTGCGGAAGAATTACATCTTGAATCTCCAGTATCACCTTCCAAAGACTGTCCTGGACAAGAGCTGGCTGAGGCCTCCTGGCATCTTGGAAAAT
59,gorilla_gorilla,ENSGGOG00000008306,ENSGGOT00000027259,ENSGGOE00000085300,ENSGGOE00000085300_SE_25,19_2,1,2,24,19,0,0,23,GCATCAGATCTGCTCAGGAAAATGTGCATGAGGAACCTGGTGCAGAAGTACTGCCGCGGGATCACAGCTGAGCGGAAAGCAATG,ASDLLRKMCMRNLVQKYCRGITAERKAM,109336780,109336863,2,25,ASDLLRKMCMRNLVQKYCRGITAERKAM,1,28,109336780,109336863,0,0,GCATCAGATCTGCTCAGGAAAATGTGCATGAGGAACCTGGTGCAGAAGTACTGCCGCGGGATCACAGCTGAGCGGAAAGCAATG
60,gorilla_gorilla,ENSGGOG00000008306,ENSGGOT00000027259,ENSGGOE00000085305,ENSGGOE00000085305_SE_26,16_2,1,2,25,16,0,1,24,ATGCAGCAAAAGGTAGTTACAAGTGAAATCTTCAGGGGAAGGAAAGACGGCTACACAGAAAGTTTAAATCAACCCTTTGTCAACAGTCGGATAG,MQQKVVTSEIFRGRKDGYTESLNQPFVNSRI,109337651,109337744,2,26,MQQKVVTSEIFRGRKDGYTESLNQPFVNSRI,1,31,109337651,109337744,0,1,ATGCAGCAAAAGGTAGTTACAAGTGAAATCTTCAGGGGAAGGAAAGACGGCTACACAGAAAGTTTAAATCAACCCTTTGTCAACAGTCGGATAG
61,gorilla_gorilla,ENSGGOG00000008306,ENSGGOT00000027259,ENSGGOE00000213046,ENSGGOE00000213046_SE_27,29_0,1,2,26,29,1,0,25,ATGAAGGAGACATTAATCCAAAAGTGCTTCAGCTAATTAGCCATGAGAAAATCCAG,DEGDINPKVLQLISHEKIQ,109338261,109338316,2,27,DEGDINPKVLQLISHEKIQ,1,19,109338261,109338316,1,0,ATGAAGGAGACATTAATCCAAAAGTGCTTCAGCTAATTAGCCATGAGAAAATCCAG
62,gorilla_gorilla,ENSGGOG00000008306,ENSGGOT00000027259,ENSGGOE00000346337,ENSGGOE00000346337_SE_28,5_0,1,2,27,5,0,1,26,TATGGTGTCCCGGTCATTAAATATGACAGAAAAGGCTTCAAAGCACGGCAGCGGCAACTCATTCTTACTCAGAAAGCAGCTTACGTGGTGGAACTTGCCAAAATCAAGCAGAAAATAGAGTACTCAGCTCTCAAAG,YGVPVIKYDRKGFKARQRQLILTQKAAYVVELAKIKQKIEYSALK,109339311,109339446,2,28,YGVPVIKYDRKGFKARQRQLILTQ,1,24,109339311,109339379,0,0,TATGGTGTCCCGGTCATTAAATATGACAGAAAAGGCTTCAAAGCACGGCAGCGGCAACTCATTCTTACT
63,gorilla_gorilla,ENSGGOG00000008306,ENSGGOT00000027259,ENSGGOE00000346337,ENSGGOE00000346337_SE_28,5_1,1,2,27,5,0,1,26,TATGGTGTCCCGGTCATTAAATATGACAGAAAAGGCTTCAAAGCACGGCAGCGGCAACTCATTCTTACTCAGAAAGCAGCTTACGTGGTGGAACTTGCCAAAATCAAGCAGAAAATAGAGTACTCAGCTCTCAAAG,YGVPVIKYDRKGFKARQRQLILTQKAAYVVELAKIKQKIEYSALK,109339311,109339446,2,29,KAAYVVELAKIKQKIEYSALK,25,45,109339380,109339446,0,1,CAGAAAGCAGCTTACGTGGTGGAACTTGCCAAAATCAAGCAGAAAATAGAGTACTCAGCTCTCAAAG
64,gorilla_gorilla,ENSGGOG00000008306,ENSGGOT00000027259,ENSGGOE00000085317,ENSGGOE00000085317_SE_29,15_2,1,2,28,15,1,0,27,GTGTCTCCACTAGCAATCTGAGTGATGGAATCTTAGTCATTCATGTTTCACCAGAGGACAGCAAGCAAAAG,GVSTSNLSDGILVIHVSPEDSKQK,109340009,109340079,2,30,GVSTSNLSDGILVIHVSPEDSKQK,1,24,109340009,109340079,1,0,GTGTCTCCACTAGCAATCTGAGTGATGGAATCTTAGTCATTCATGTTTCACCAGAGGACAGCAAGCAAAAG
65,gorilla_gorilla,ENSGGOG00000008306,ENSGGOT00000027259,ENSGGOE00000085321,ENSGGOE00000085321_SE_30,6_1,1,2,29,6,0,2,28,GGGGATGCCGTTTTGCAGTGTGGACATGTGTTTGAAGCAGTTACTAAACTCGTCATGCTGGTTAAGAAGGAGAACATTGTCAATGTTGTTCAAGGAAG,GDAVLQCGHVFEAVTKLVMLVKKENIVNVVQG,109340228,109340325,2,31,GDAVLQCGHVFEAVTKLVMLVKKENIVNVVQG,1,32,109340228,109340325,0,2,GGGGATGCCGTTTTGCAGTGTGGACATGTGTTTGAAGCAGTTACTAAACTCGTCATGCTGGTTAAGAAGGAGAACATTGTCAATGTTGTTCAAGGAAG
66,gorilla_gorilla,ENSGGOG00000008306,ENSGGOT00000027259,ENSGGOE00000272357,ENSGGOE00000272357_SE_31,14_0,1,2,30,14,2,0,29,GTTACAGTTTTTTATTAGTCCGGGAAAAGAAGGCACAATAGTTTTCGACACTGGACCAGAAGAACAAGTCTATAAAAATAAAAATGGACAATTAACAGTG,RLQFFISPGKEGTIVFDTGPEEQVYKNKNGQLTV,109341312,109341411,2,32,RLQFFISPGKEGTIVFDTGPEEQVYKNKNGQLTV,1,34,109341312,109341411,2,0,GTTACAGTTTTTTATTAGTCCGGGAAAAGAAGGCACAATAGTTTTCGACACTGGACCAGAAGAACAAGTCTATAAAAATAAAAATGGACAATTAACAGTG
67,gorilla_gorilla,ENSGGOG00000008306,ENSGGOT00000027259,ENSGGOE00000254611,ENSGGOE00000254611_SE_32/ENSGGOE00000369616_SE_32,20_1,1,2,31,20,0,0,30,GTGTCAGTCCGGAGGAAGTCCTGA,VSVRRKS*,109342954,109342977,2,33,VSVRRKS,1,7,109342954,109342977,0,0,GTGTCAGTCCGGAGGAAGTCCTGA
68,macaca_mulatta,ENSMMUG00000042728,ENSMMUT00000057995,ENSMMUE00000417180,ENSMMUE00000417180_SE_0,15_0,1,1,1,15,0,0,0,ATGGAATCCAAG,MESK,109281425,109281436,1,1,MESK,1,4,109281425,109281436,0,0,ATGGAATCCAAG
69,macaca_mulatta,ENSMMUG00000042728,ENSMMUT00000057995,ENSMMUE00000322532,ENSMMUE00000322532_SE_1,4_0,1,1,2,4,0,0,1,AAAGAAGACGTGAGGAGGAAACACATCCGTTTGCACATGGAAGGGGCGCTGACTGCCCGGGACAAGGTCGGGGTTCAGGATTTTGTGCTATTGGACGCATATACCAGCGAATCTGCCTTTGTCGACAACCTCCGCAAGCGTTTCAACGAGAACCTCATATAC,KEDVRRKHIRLHMEGALTARDKVGVQDFVLLDAYTSESAFVDNLRKRFNENLIY,109322475,109322636,1,2,KEDVRRKHIRLH,1,12,109322475,109322507,0,0,AAAGAAGACGTGAGGAGGAAACACATCCGTTTG
70,macaca_mulatta,ENSMMUG00000042728,ENSMMUT00000057995,ENSMMUE00000322532,ENSMMUE00000322532_SE_1,4_1,1,1,2,4,0,0,1,AAAGAAGACGTGAGGAGGAAACACATCCGTTTGCACATGGAAGGGGCGCTGACTGCCCGGGACAAGGTCGGGGTTCAGGATTTTGTGCTATTGGACGCATATACCAGCGAATCTGCCTTTGTCGACAACCTCCGCAAGCGTTTCAACGAGAACCTCATATAC,KEDVRRKHIRLHMEGALTARDKVGVQDFVLLDAYTSESAFVDNLRKRFNENLIY,109322475,109322636,1,3,MEGALTARDKVGVQDFVLLDAYTSESAFVDNLRKRFNENLIY,13,54,109322508,109322636,0,0,CACATGGAAGGGGCGCTGACTGCCCGGGACAAGGTCGGGGTTCAGGATTTTGTGCTATTGGACGCATATACCAGCGAATCTGCCTTTGTCGACAACCTCCGCAAGCGTTTCAACGAGAACCTCATATAC
71,macaca_mulatta,ENSMMUG00000042728,ENSMMUT00000057995,ENSMMUE00000393163,ENSMMUE00000393163_SE_2,9_0,1,1,3,9,0,2,2,ACATATATTGGCACCCTCCTTGTGTCCGTGAATCCATACCAGGAGCTCGGAATCTACACTGTGAGCCAGATGGAACTTTATCAAGGGGTCAATTTCTTTGAACTGCCACCACATGT,TYIGTLLVSVNPYQELGIYTVSQMELYQGVNFFELPPH,109327185,109327300,1,4,TYIGTLLVSVNPYQELGIYTVSQMELYQGVNFFELPPH,1,38,109327185,109327300,0,2,ACATATATTGGCACCCTCCTTGTGTCCGTGAATCCATACCAGGAGCTCGGAATCTACACTGTGAGCCAGATGGAACTTTATCAAGGGGTCAATTTCTTTGAACTGCCACCACATGT
72,macaca_mulatta,ENSMMUG00000042728,ENSMMUT00000057995,ENSMMUE00000425344,ENSMMUE00000425344_SE_3,1_0,1,1,4,1,2,0,3,CTACGCTATAGCCGACAACGCTTACCGAATGATGTGCTCTGAACTAAATAACCATTTCATCCTCATTTCTGGAGAGAGTGGGGCAGGGAAAACAGAGGCCTCCAAGAAAATTCTCCAGTATTTTGCAGTGACCTGCCCAATGACCCAGTCACTACAAATAGCCCGTGACAGACTGCTGCTCTCCAACCCAGTGCTGGAG,VYAIADNAYRMMCSELNNHFILISGESGAGKTEASKKILQYFAVTCPMTQSLQIARDRLLLSNPVLE,109330498,109330696,1,5,VYAIADNAYRMMCSELNNHFILISGESGAGKTEASKKILQYFAVTCPMTQSLQIARDRLLLSNPVLE,1,67,109330498,109330696,2,0,CTACGCTATAGCCGACAACGCTTACCGAATGATGTGCTCTGAACTAAATAACCATTTCATCCTCATTTCTGGAGAGAGTGGGGCAGGGAAAACAGAGGCCTCCAAGAAAATTCTCCAGTATTTTGCAGTGACCTGCCCAATGACCCAGTCACTACAAATAGCCCGTGACAGACTGCTGCTCTCCAACCCAGTGCTGGAG
73,macaca_mulatta,ENSMMUG00000042728,ENSMMUT00000057995,ENSMMUE00000368280,ENSMMUE00000368280_SE_4,22_0,1,1,5,22,0,0,4,GCTTTTGGAAATGCCAGAACGCTCCGGAATGACAACTCCAGCAGATTTGGGAAATACATGGATATACAATTTGATTTTCAG,AFGNARTLRNDNSSRFGKYMDIQFDFQ,109331827,109331907,1,6,AFGNARTLRNDNSSRFGKYMDIQFDFQ,1,27,109331827,109331907,0,0,GCTTTTGGAAATGCCAGAACGCTCCGGAATGACAACTCCAGCAGATTTGGGAAATACATGGATATACAATTTGATTTTCAG
74,macaca_mulatta,ENSMMUG00000042728,ENSMMUT00000057995,ENSMMUE00000352932,ENSMMUE00000352932_SE_5,2_0,1,1,6,2,0,0,5,GGCATCCCTGTAGGTGGGCATATCATCAGTTACTTGATAGAGAAGTCCCGAGTTGTCTACCAAAACCAAGGCGAGCGGAATTTCCACATCTTCTACCAGCTGCTGGCAGGTGGTGAGGAGGAGCGCCTGGCTTTCCTGGGACTGGAGCGAGACCCCCAGCTGTATAAATACCTCTCACAG,GIPVGGHIISYLIEKSRVVYQNQGERNFHIFYQLLAGGEEERLAFLGLERDPQLYKYLSQ,109335213,109335392,1,7,GIPVGGHIISYLIEKSRVVYQNQGERNFHIFYQLLAGGEEERLAFLGLERDPQLYKYLSQ,1,60,109335213,109335392,0,0,GGCATCCCTGTAGGTGGGCATATCATCAGTTACTTGATAGAGAAGTCCCGAGTTGTCTACCAAAACCAAGGCGAGCGGAATTTCCACATCTTCTACCAGCTGCTGGCAGGTGGTGAGGAGGAGCGCCTGGCTTTCCTGGGACTGGAGCGAGACCCCCAGCTGTATAAATACCTCTCACAG
75,macaca_mulatta,ENSMMUG00000042728,ENSMMUT00000057995,ENSMMUE00000411576,ENSMMUE00000411576_SE_6,15_1,1,1,7,15,0,0,6,GGTCATTGTGCCAAAGAGTCATCCATTAATGATAAGAATGACTGGAAAACTGTTTCCAATGCCTTTTCTGTCATTGATTTTACTGAAGCTGACCTCGAG,GHCAKESSINDKNDWKTVSNAFSVIDFTEADLE,109338329,109338427,1,8,GHCAKESSINDKNDWKTVSNAFSVIDFTEADLE,1,33,109338329,109338427,0,0,GGTCATTGTGCCAAAGAGTCATCCATTAATGATAAGAATGACTGGAAAACTGTTTCCAATGCCTTTTCTGTCATTGATTTTACTGAAGCTGACCTCGAG
76,macaca_mulatta,ENSMMUG00000042728,ENSMMUT00000057995,ENSMMUE00000374405,ENSMMUE00000374405_SE_7,11_0,1,1,8,11,0,0,7,AATCTCTTTGGAATTATTGCCAGTGTCTTACACCTGGGGAACATTGGTTTTGAAGAAGACGACCAAGGCTGTGCCACTATCCCAGACACCCACGAGATCAAGTGGATAGCCAAG,NLFGIIASVLHLGNIGFEEDDQGCATIPDTHEIKWIAK,109340577,109340690,1,9,NLFGIIASVLHLGNIGFEEDDQGCATIPDTHEIKWIAK,1,38,109340577,109340690,0,0,AATCTCTTTGGAATTATTGCCAGTGTCTTACACCTGGGGAACATTGGTTTTGAAGAAGACGACCAAGGCTGTGCCACTATCCCAGACACCCACGAGATCAAGTGGATAGCCAAG
77,macaca_mulatta,ENSMMUG00000042728,ENSMMUT00000057995,ENSMMUE00000366303,ENSMMUE00000366303_SE_8,24_0,1,1,9,24,0,0,8,CTCCTGGGAGTCCACCCAGCAGACCTTCTGGAAGCTCTCACCCACAGAAAAATTGAAGCCAAAACTGAGGAG,LLGVHPADLLEALTHRKIEAKTEE,109341419,109341490,1,10,LLGVHPADLLEALTHRKIEAKTEE,1,24,109341419,109341490,0,0,CTCCTGGGAGTCCACCCAGCAGACCTTCTGGAAGCTCTCACCCACAGAAAAATTGAAGCCAAAACTGAGGAG
78,macaca_mulatta,ENSMMUG00000042728,ENSMMUT00000057995,ENSMMUE00000399078,ENSMMUE00000399078_SE_9,7_0,1,1,10,7,0,0,9,GTGATCTGCCCATTGACACTAGAACTCTCTGTCTACGCTAGAGATGCAATGGCAAAAGCTGTTTATGGACGAACGTTTACTTGGCTGGTCAACAAAATCAATTCCTCCTTAGTTAACAAG,VICPLTLELSVYARDAMAKAVYGRTFTWLVNKINSSLVNK,109342728,109342847,1,11,VICPLTLELSVYARDAMAKAVYGRTFTWLVNKINSSLVNK,1,40,109342728,109342847,0,0,GTGATCTGCCCATTGACACTAGAACTCTCTGTCTACGCTAGAGATGCAATGGCAAAAGCTGTTTATGGACGAACGTTTACTTGGCTGGTCAACAAAATCAATTCCTCCTTAGTTAACAAG
79,macaca_mulatta,ENSMMUG00000042728,ENSMMUT00000057995,ENSMMUE00000390552,ENSMMUE00000390552_SE_10,27_0,1,1,11,27,0,2,10,GATTTCACCAGGAAAACTGTAATTGGATTACTGGACATCTACGGGTTTGAAGTCTTTGACAAGAATGG,DFTRKTVIGLLDIYGFEVFDKN,109344783,109344850,1,12,DFTRKTVIGLLDIYGFEVFDKN,1,22,109344783,109344850,0,2,GATTTCACCAGGAAAACTGTAATTGGATTACTGGACATCTACGGGTTTGAAGTCTTTGACAAGAATGG
80,macaca_mulatta,ENSMMUG00000042728,ENSMMUT00000057995,ENSMMUE00000345105,ENSMMUE00000345105_SE_11,13_0,1,1,12,13,2,0,11,TTTTGAACAGTTCTGTATAAATTACTGCAATGAGAAACTCCAGCAACTGTTAATTGAGAGGACTCTAAAAGCAGAACAGGCAGAATATGAAATGGAAGGCATAGAG,GFEQFCINYCNEKLQQLLIERTLKAEQAEYEMEGIE,109345186,109345291,1,13,GFEQFCINYCNE,1,12,109345186,109345219,2,0,TTTTGAACAGTTCTGTATAAATTACTGCAATGAG
81,macaca_mulatta,ENSMMUG00000042728,ENSMMUT00000057995,ENSMMUE00000345105,ENSMMUE00000345105_SE_11,13_1,1,1,12,13,2,0,11,TTTTGAACAGTTCTGTATAAATTACTGCAATGAGAAACTCCAGCAACTGTTAATTGAGAGGACTCTAAAAGCAGAACAGGCAGAATATGAAATGGAAGGCATAGAG,GFEQFCINYCNEKLQQLLIERTLKAEQAEYEMEGIE,109345186,109345291,1,14,KLQQLLIERTLKAEQAEYEMEGIE,13,36,109345220,109345291,0,0,AAACTCCAGCAACTGTTAATTGAGAGGACTCTAAAAGCAGAACAGGCAGAATATGAAATGGAAGGCATAGAG
82,macaca_mulatta,ENSMMUG00000042728,ENSMMUT00000057995,ENSMMUE00000361901,ENSMMUE00000361901_SE_12,21_0,1,1,13,21,0,0,12,TGGGAGCCAATTAAATATTTCAACAACAAGATCATCTGTGATTTGGTAGAAGAGAGACATAAAGGAATCATATCCATTCTG,WEPIKYFNNKIICDLVEERHKGIISIL,109345900,109345980,1,15,WEPIKYFNNKIICDLVEERHKGIISIL,1,27,109345900,109345980,0,0,TGGGAGCCAATTAAATATTTCAACAACAAGATCATCTGTGATTTGGTAGAAGAGAGACATAAAGGAATCATATCCATTCTG
83,macaca_mulatta,ENSMMUG00000042728,ENSMMUT00000057995,ENSMMUE00000407811,ENSMMUE00000407811_SE_13,18_0,1,1,14,18,0,2,13,GATGAAGAATGCATTCGGCCTGGTCCTGCTACAGACTTGAGTTTCCTGGAGAAATTGGAAGAGAAAGTGGGCAAACATGCACACTTCGAAAC,DEECIRPGPATDLSFLEKLEEKVGKHAHFE,109347099,109347190,1,16,DEECIRPGPATDLSFLEKLEEKVGKHAHFE,1,30,109347099,109347190,0,2,GATGAAGAATGCATTCGGCCTGGTCCTGCTACAGACTTGAGTTTCCTGGAGAAATTGGAAGAGAAAGTGGGCAAACATGCACACTTCGAAAC
84,macaca_mulatta,ENSMMUG00000042728,ENSMMUT00000057995,ENSMMUE00000391474,ENSMMUE00000391474_SE_14,17_0,1,1,15,17,2,1,14,CCGTAAGCTGGCTGGTCCAAAGGGCCGAAAGAGGATTGGCTGGATGGAGTTCCGCCTCCTCCACTATGCAGGAGAGGTCACATACTGCACTAAGG,TRKLAGPKGRKRIGWMEFRLLHYAGEVTYCTK,109350123,109350217,1,17,TRKLAGPKGRKRIGWMEFRLLHYAGEVTYCTK,1,32,109350123,109350217,2,1,CCGTAAGCTGGCTGGTCCAAAGGGCCGAAAGAGGATTGGCTGGATGGAGTTCCGCCTCCTCCACTATGCAGGAGAGGTCACATACTGCACTAAGG
85,macaca_mulatta,ENSMMUG00000042728,ENSMMUT00000057995,ENSMMUE00000355836,ENSMMUE00000355836_SE_15,25_0,1,1,16,25,1,0,15,GATTCTTGGAAAAAAACAATGATCTTCTTTACAGACATCTGAAAGAA,GFLEKNNDLLYRHLKE,109354884,109354930,1,18,GFLEKNNDLLYRHLKE,1,16,109354884,109354930,1,0,GATTCTTGGAAAAAAACAATGATCTTCTTTACAGACATCTGAAAGAA
86,macaca_mulatta,ENSMMUG00000042728,ENSMMUT00000057995,ENSMMUE00000399787,ENSMMUE00000399787_SE_16,19_1,1,1,17,19,0,0,16,GTGCTGTGCAAGTCCAAGAATGTTATCCTGAGGGAATGCTTCCTGCGGGCTGAGTTAGAAAACCGGAGGAGGCCCCCAACA,VLCKSKNVILRECFLRAELENRRRPPT,109357937,109358017,1,19,VLCKSKNVILRECFLRAELENRRRPPT,1,27,109357937,109358017,0,0,GTGCTGTGCAAGTCCAAGAATGTTATCCTGAGGGAATGCTTCCTGCGGGCTGAGTTAGAAAACCGGAGGAGGCCCCCAACA
87,macaca_mulatta,ENSMMUG00000042728,ENSMMUT00000057995,ENSMMUE00000417301,ENSMMUE00000417301_SE_17,12_0,1,1,18,12,0,1,17,GTTGGGACTCAGTTTAAAAACAGTCTGAGCAGCCTTCTAGAAATCCTCATCTCTAAGGAGCCCTCCTACATCCGTTGCATCAAGCCCAATGACAGGAAAGAACCCA,VGTQFKNSLSSLLEILISKEPSYIRCIKPNDRKEP,109359106,109359211,1,20,VGTQFKNSLSSLLEILISKEPSYIRCIKPNDRKEP,1,35,109359106,109359211,0,1,GTTGGGACTCAGTTTAAAAACAGTCTGAGCAGCCTTCTAGAAATCCTCATCTCTAAGGAGCCCTCCTACATCCGTTGCATCAAGCCCAATGACAGGAAAGAACCCA
88,macaca_mulatta,ENSMMUG00000042728,ENSMMUT00000057995,ENSMMUE00000339892,ENSMMUE00000339892_SE_18,8_0,1,1,19,8,1,2,18,GCAAATTTGATGACTTCCTCATAAGGCATCAGATCAAATACCTGGGGCTGATGGAGCACCTGCGGGTGAGACGGGCTGGTTTTGCATACCGGAGGAAATACGAGCATTTCTTGCAAAG,SKFDDFLIRHQIKYLGLMEHLRVRRAGFAYRRKYEHFLQ,109360646,109360763,1,21,SKFDDFLIRHQIKYLGLMEHLRVRRAGFAYRRKYEHFLQ,1,39,109360646,109360763,1,2,GCAAATTTGATGACTTCCTCATAAGGCATCAGATCAAATACCTGGGGCTGATGGAGCACCTGCGGGTGAGACGGGCTGGTTTTGCATACCGGAGGAAATACGAGCATTTCTTGCAAAG
89,macaca_mulatta,ENSMMUG00000042728,ENSMMUT00000057995,ENSMMUE00000421834,ENSMMUE00000421834_SE_19,10_0,1,1,20,10,2,2,19,GTACAAGTCCTTATGCCCAGACACCTGGCCGCACTGGCATGGGCCTCCAGCAGAGGGCGTGGAACGGCTGATCAACTACATGGGCTACAAACCTGAGGAATACAAGTTAGGCAA,RYKSLCPDTWPHWHGPPAEGVERLINYMGYKPEEYKLG,109365526,109365639,1,22,RYKSLCPDTWPHWHGPPAEGVERLINYMGYKPEEYKLG,1,38,109365526,109365639,2,2,GTACAAGTCCTTATGCCCAGACACCTGGCCGCACTGGCATGGGCCTCCAGCAGAGGGCGTGGAACGGCTGATCAACTACATGGGCTACAAACCTGAGGAATACAAGTTAGGCAA
90,macaca_mulatta,ENSMMUG00000042728,ENSMMUT00000057995,ENSMMUE00000379086,ENSMMUE00000379086_SE_20,23_0,1,1,21,23,2,1,20,AACCAAAATATTCATTCGTTTCCCCAGAACTCTGTTTGCTACCGAAGATGCCTTGGAATTTTGTAAACATCAACTAG,KTKIFIRFPRTLFATEDALEFCKHQL,109367680,109367756,1,23,KTKIFIRFPRTLFATEDALEFCKHQL,1,26,109367680,109367756,2,1,AACCAAAATATTCATTCGTTTCCCCAGAACTCTGTTTGCTACCGAAGATGCCTTGGAATTTTGTAAACATCAACTAG
91,macaca_mulatta,ENSMMUG00000042728,ENSMMUT00000057995,ENSMMUE00000332596,ENSMMUE00000332596_SE_21,26_0,1,1,22,26,1,1,21,TTGCAAGAATCCAAGCCACATACAAAAGCTGCCTAGGAAGGAGAGAATATGTGAAAAAAAGACAAGCAG,VARIQATYKSCLGRREYVKKRQA,109369130,109369198,1,24,VARIQATYKSCLGRREYVKKRQA,1,23,109369130,109369198,1,1,TTGCAAGAATCCAAGCCACATACAAAAGCTGCCTAGGAAGGAGAGAATATGTGAAAAAAAGACAAGCAG
92,macaca_mulatta,ENSMMUG00000042728,ENSMMUT00000057995,ENSMMUE00000400430,ENSMMUE00000400430_SE_22,20_0,1,1,23,20,1,2,22,CCATCAAACTGGAAGCCCACTGGCGTGGGGCTCTGGCTCGGAAGGCAATCCAAAGGAGAAAGTGGGCCGTGCGGATTATCAGAAA,AIKLEAHWRGALARKAIQRRKWAVRIIR,109371190,109371274,1,25,AIKLEAHWRGALARKAIQRRKWAVRIIR,1,28,109371190,109371274,1,2,CCATCAAACTGGAAGCCCACTGGCGTGGGGCTCTGGCTCGGAAGGCAATCCAAAGGAGAAAGTGGGCCGTGCGGATTATCAGAAA
93,macaca_mulatta,ENSMMUG00000042728,ENSMMUT00000057995,ENSMMUE00000403067,ENSMMUE00000403067_SE_23,3_0,1,1,24,3,2,0,23,GTTCATCAAGGGATTCATCAGTCGCAACAAACCCCTCTGTCCTGACAATGAGGAATTTATCGTGTTTGTGCGGAAGAATTACATCTTGAATCTCCGGTATCACCTTCCAAAGACTGTCCTGGACAAGAGCTGGCTGAGACCTCCTGGCATCTTGGAAAAT,KFIKGFISRNKPLCPDNEEFIVFVRKNYILNLRYHLPKTVLDKSWLRPPGILEN,109372308,109372467,1,26,KFIKGFISRNKPLCPDNEEFIVFVRKNYILNLRYHLPKTVLDKSWLRPPGILEN,1,54,109372308,109372467,2,0,GTTCATCAAGGGATTCATCAGTCGCAACAAACCCCTCTGTCCTGACAATGAGGAATTTATCGTGTTTGTGCGGAAGAATTACATCTTGAATCTCCGGTATCACCTTCCAAAGACTGTCCTGGACAAGAGCTGGCTGAGACCTCCTGGCATCTTGGAAAAT
94,macaca_mulatta,ENSMMUG00000042728,ENSMMUT00000057995,ENSMMUE00000296301,ENSMMUE00000296301_SE_24,19_2,1,1,25,19,0,0,24,GCATCAGATCTGCTCAGGAAAATGTGCGTGAGGAACCTGGTGCAGAAGTACTGCCGGGGGATCACAGCTGAGCGGAAAGCAATG,ASDLLRKMCVRNLVQKYCRGITAERKAM,109373392,109373475,1,27,ASDLLRKMCVRNLVQKYCRGITAERKAM,1,28,109373392,109373475,0,0,GCATCAGATCTGCTCAGGAAAATGTGCGTGAGGAACCTGGTGCAGAAGTACTGCCGGGGGATCACAGCTGAGCGGAAAGCAATG
95,macaca_mulatta,ENSMMUG00000042728,ENSMMUT00000057995,ENSMMUE00000296300,ENSMMUE00000296300_SE_25,16_2,1,1,26,16,0,1,25,ATGCAGCAAAAGGTAGTTACAAGTGAAATCTTCAGGGGAAGGAAAGACGGCTACACAGAAAGTTTAAATCAACCCTTTGCCAACAGTCGGATAA,MQQKVVTSEIFRGRKDGYTESLNQPFANSRI,109374249,109374342,1,28,MQQKVVTSEIFRGRKDGYTESLNQPFANSRI,1,31,109374249,109374342,0,1,ATGCAGCAAAAGGTAGTTACAAGTGAAATCTTCAGGGGAAGGAAAGACGGCTACACAGAAAGTTTAAATCAACCCTTTGCCAACAGTCGGATAA
96,macaca_mulatta,ENSMMUG00000042728,ENSMMUT00000057995,ENSMMUE00000296299,ENSMMUE00000296299_SE_26,29_0,1,1,27,29,1,0,26,ATGAAGGAGACATTAATCCCAAAGTGCTTCAGCTAATTAGCCATGAGAAGATCCAG,NEGDINPKVLQLISHEKIQ,109374860,109374915,1,29,NEGDINPKVLQLISHEKIQ,1,19,109374860,109374915,1,0,ATGAAGGAGACATTAATCCCAAAGTGCTTCAGCTAATTAGCCATGAGAAGATCCAG
97,macaca_mulatta,ENSMMUG00000042728,ENSMMUT00000057995,ENSMMUE00000296298,ENSMMUE00000296298_SE_27,5_0,1,1,28,5,0,1,27,TATGGTGTCCCAGTCATTAAATATGACAGAAAAGGCTTCAAAGCACGGCAGCGGCAACTCATTCTTACTCAGAAAGCAGCTTACGTGGTGGAACTTGCCAAAATCAAGCAGAAAATAGAGTACTCAGCTCTCAAAG,YGVPVIKYDRKGFKARQRQLILTQKAAYVVELAKIKQKIEYSALK,109375820,109375955,1,30,YGVPVIKYDRKGFKARQRQLILTQ,1,24,109375820,109375888,0,0,TATGGTGTCCCAGTCATTAAATATGACAGAAAAGGCTTCAAAGCACGGCAGCGGCAACTCATTCTTACT
98,macaca_mulatta,ENSMMUG00000042728,ENSMMUT00000057995,ENSMMUE00000296298,ENSMMUE00000296298_SE_27,5_1,1,1,28,5,0,1,27,TATGGTGTCCCAGTCATTAAATATGACAGAAAAGGCTTCAAAGCACGGCAGCGGCAACTCATTCTTACTCAGAAAGCAGCTTACGTGGTGGAACTTGCCAAAATCAAGCAGAAAATAGAGTACTCAGCTCTCAAAG,YGVPVIKYDRKGFKARQRQLILTQKAAYVVELAKIKQKIEYSALK,109375820,109375955,1,31,KAAYVVELAKIKQKIEYSALK,25,45,109375889,109375955,0,1,CAGAAAGCAGCTTACGTGGTGGAACTTGCCAAAATCAAGCAGAAAATAGAGTACTCAGCTCTCAAAG
99,macaca_mulatta,ENSMMUG00000042728,ENSMMUT00000057995,ENSMMUE00000358449,ENSMMUE00000358449_SE_28,15_2,1,1,29,15,1,0,28,GTGTCTCCACCAGCAATCTGAGAGACGGAATCTTAGTCATTCATGTTTCACCAGAGGACAAGCAAAAG,GVSTSNLRDGILVIHVSPEDKQK,109376525,109376592,1,32,GVSTSNLRDGILVIHVSPEDKQK,1,23,109376525,109376592,1,0,GTGTCTCCACCAGCAATCTGAGAGACGGAATCTTAGTCATTCATGTTTCACCAGAGGACAAGCAAAAG
100,macaca_mulatta,ENSMMUG00000042728,ENSMMUT00000057995,ENSMMUE00000336572,ENSMMUE00000336572_SE_29,6_1,1,1,30,6,0,2,29,GGGGATGCCGTTTTGCAGTGTGGACACATGTTTGAAGCAGTTACTAAACTCGTCATGCTGGTTAAGAAGGAGAACATTGTCAATGTTGTTCAAGGAAG,GDAVLQCGHMFEAVTKLVMLVKKENIVNVVQG,109376741,109376838,1,33,GDAVLQCGHMFEAVTKLVMLVKKENIVNVVQG,1,32,109376741,109376838,0,2,GGGGATGCCGTTTTGCAGTGTGGACACATGTTTGAAGCAGTTACTAAACTCGTCATGCTGGTTAAGAAGGAGAACATTGTCAATGTTGTTCAAGGAAG
101,macaca_mulatta,ENSMMUG00000042728,ENSMMUT00000057995,ENSMMUE00000323385,ENSMMUE00000323385_SE_30,14_0,1,1,31,14,2,0,30,TTTACAGTTTTTTATTAGTCCGGGAAAAGAAGGCACAATAGTTTTCGACACTGGACCGGAAGAACAAATCTATAAAAATAAAAATGGACAATTAACAGTG,SLQFFISPGKEGTIVFDTGPEEQIYKNKNGQLTV,109378167,109378266,1,34,SLQFFISPGKEGTIVFDTGPEEQIYKNKNGQLTV,1,34,109378167,109378266,2,0,TTTACAGTTTTTTATTAGTCCGGGAAAAGAAGGCACAATAGTTTTCGACACTGGACCGGAAGAACAAATCTATAAAAATAAAAATGGACAATTAACAGTG
102,macaca_mulatta,ENSMMUG00000042728,ENSMMUT00000057995,ENSMMUE00000347762,ENSMMUE00000347762_SE_31,20_1,1,1,32,20,0,0,31,GTGTCGGTCAGGAGGAAGTCCTGA,VSVRRKS*,109379801,109379824,1,35,VSVRRKS,1,7,109379801,109379824,0,0,GTGTCGGTCAGGAGGAAGTCCTGA
103,mus_musculus,ENSMUSG00000066952,ENSMUST00000196467,ENSMUSE00001361024,ENSMUSE00001361024_SE_0,19_2,1,3,3,19,0,0,0,ATGTGCACCAGGAACCTTGTTCGGAAGTACTGCCGTGGAATCTCAGCCGAGAGGAAAGCCATG,MCTRNLVRKYCRGISAERKAM,114358912,114358974,3,1,MCTRNLVRKYCRGISAERKAM,1,21,114358912,114358974,0,0,ATGTGCACCAGGAACCTTGTTCGGAAGTACTGCCGTGGAATCTCAGCCGAGAGGAAAGCCATG
104,mus_musculus,ENSMUSG00000066952,ENSMUST00000196467,ENSMUSE00001287626,ENSMUSE00001287626_SE_1,16_2,1,3,4,16,0,1,1,ATGCAGCAAAAGGTGGTCACGAGCGAGATATTCCGGGGGAAGAAGGAAGGCTATGCAGAGAGCTTGAACCAACTGTTTGCAGGCAGCCGACTGG,MQQKVVTSEIFRGKKEGYAESLNQLFAGSRL,114359511,114359604,3,2,MQQKVVTSEIFRGKKEGYAESLNQLFAGSRL,1,31,114359511,114359604,0,1,ATGCAGCAAAAGGTGGTCACGAGCGAGATATTCCGGGGGAAGAAGGAAGGCTATGCAGAGAGCTTGAACCAACTGTTTGCAGGCAGCCGACTGG
105,mus_musculus,ENSMUSG00000066952,ENSMUST00000196467,ENSMUSE00001229915,ENSMUSE00001229915_SE_2,29_0,1,3,5,29,1,0,2,ATGAAAGCAACATAAATCCCAAAGTGCTCCAACTGCTTGGCAGTGAGAAAATCCAG,DESNINPKVLQLLGSEKIQ,114359744,114359799,3,3,DESNINPKVLQLLGSEKIQ,1,19,114359744,114359799,1,0,ATGAAAGCAACATAAATCCCAAAGTGCTCCAACTGCTTGGCAGTGAGAAAATCCAG
106,mus_musculus,ENSMUSG00000066952,ENSMUST00000196467,ENSMUSE00001348168,ENSMUSE00001206949_SE_4/ENSMUSE00001348168_SE_4,5_1,1,3,6,5,0,1,3,AGGTCAGCATACCTGGTGGAGCTTTCCAAAGTCAAGCAGAAGATAGAGTATGCAGCCGTGAGAG,RSAYLVELSKVKQKIEYAAVR,114360557,114360620,3,4,RSAYLVELSKVKQKIEYAAVR,1,21,114360557,114360620,0,1,AGGTCAGCATACCTGGTGGAGCTTTCCAAAGTCAAGCAGAAGATAGAGTATGCAGCCGTGAGAG
107,mus_musculus,ENSMUSG00000066952,ENSMUST00000196467,ENSMUSE00000736471,ENSMUSE00000736471_SE_5,15_2,1,3,7,15,1,0,4,GCGTCTCCACCAGCAGCCTCAGCGATGGAATCTTGGTCATTCACATCTCACCAGCGGACAAACAGCAAAAG,GVSTSSLSDGILVIHISPADKQQK,114361043,114361113,3,5,GVSTSSLSDGILVIHISPADKQQK,1,24,114361043,114361113,1,0,GCGTCTCCACCAGCAGCCTCAGCGATGGAATCTTGGTCATTCACATCTCACCAGCGGACAAACAGCAAAAG
108,mus_musculus,ENSMUSG00000066952,ENSMUST00000196467,ENSMUSE00000823409,ENSMUSE00000823409_SE_7/ENSMUSE00001357510_SE_7,6_1,1,3,8,6,0,2,5,GGGGACGTCATCCTGCAGTGTGAACACATATTTGAGGTGGCCACTAAGCTCGCCATGCTCATAAGGAAGGAGCACACCGTCCGTGTTGTCCAGGGAAG,GDVILQCEHIFEVATKLAMLIRKEHTVRVVQG,114361227,114361324,3,6,GDVILQCEHIFEVATKLAMLIRKEHTVRVVQG,1,32,114361227,114361324,0,2,GGGGACGTCATCCTGCAGTGTGAACACATATTTGAGGTGGCCACTAAGCTCGCCATGCTCATAAGGAAGGAGCACACCGTCCGTGTTGTCCAGGGAAG
109,mus_musculus,ENSMUSG00000066952,ENSMUST00000196467,ENSMUSE00001356857,ENSMUSE00001356857_SE_8,14_0,1,3,9,14,2,0,6,TTTACAGTTCTACGTCAGTCCTGGGAGAGAAGGCACGATAGTTTTTGAGACTGGAGAGGAAGACCAAGTCTATAAAGATAAAAACGGACAGTTAAGAGTG,SLQFYVSPGREGTIVFETGEEDQVYKDKNGQLRV,114362109,114362208,3,7,SLQFYVSPGREGTIVFETGEEDQVYKDKNGQLRV,1,34,114362109,114362208,2,0,TTTACAGTTCTACGTCAGTCCTGGGAGAGAAGGCACGATAGTTTTTGAGACTGGAGAGGAAGACCAAGTCTATAAAGATAAAAACGGACAGTTAAGAGTG
110,mus_musculus,ENSMUSG00000066952,ENSMUST00000196467,ENSMUSE00001360595,ENSMUSE00001360595_SE_9,16_3,1,3,10,16,0,0,7,GTGTCGGCAGGGAAGAAAACCTGA,VSAGKKT*,114362991,114363014,3,8,VSAGKKT,1,7,114362991,114363014,0,0,GTGTCGGCAGGGAAGAAAACCTGA
111,mus_musculus,ENSMUSG00000066952,ENSMUST00000196676,ENSMUSE00001361024,ENSMUSE00001361024_SE_0,19_2,1,3,3,19,0,0,0,ATGTGCACCAGGAACCTTGTTCGGAAGTACTGCCGTGGAATCTCAGCCGAGAGGAAAGCCATG,MCTRNLVRKYCRGISAERKAM,114358912,114358974,3,1,MCTRNLVRKYCRGISAERKAM,1,21,114358912,114358974,0,0,ATGTGCACCAGGAACCTTGTTCGGAAGTACTGCCGTGGAATCTCAGCCGAGAGGAAAGCCATG
112,mus_musculus,ENSMUSG00000066952,ENSMUST00000196676,ENSMUSE00001287626,ENSMUSE00001287626_SE_1,16_2,1,3,4,16,0,1,1,ATGCAGCAAAAGGTGGTCACGAGCGAGATATTCCGGGGGAAGAAGGAAGGCTATGCAGAGAGCTTGAACCAACTGTTTGCAGGCAGCCGACTGG,MQQKVVTSEIFRGKKEGYAESLNQLFAGSRL,114359511,114359604,3,2,MQQKVVTSEIFRGKKEGYAESLNQLFAGSRL,1,31,114359511,114359604,0,1,ATGCAGCAAAAGGTGGTCACGAGCGAGATATTCCGGGGGAAGAAGGAAGGCTATGCAGAGAGCTTGAACCAACTGTTTGCAGGCAGCCGACTGG
113,mus_musculus,ENSMUSG00000066952,ENSMUST00000196676,ENSMUSE00001229915,ENSMUSE00001229915_SE_2,29_0,1,3,5,29,1,0,2,ATGAAAGCAACATAAATCCCAAAGTGCTCCAACTGCTTGGCAGTGAGAAAATCCAG,DESNINPKVLQLLGSEKIQ,114359744,114359799,3,3,DESNINPKVLQLLGSEKIQ,1,19,114359744,114359799,1,0,ATGAAAGCAACATAAATCCCAAAGTGCTCCAACTGCTTGGCAGTGAGAAAATCCAG
114,mus_musculus,ENSMUSG00000066952,ENSMUST00000196676,ENSMUSE00001206949,ENSMUSE00001206949_SE_3,5_0,1,3,6,5,0,0,3,TATGGCGTCCCGGTCATCAAGTATGACAGGAAGGGCTTCAAGGCACGGCAGCGGCAACTCCTCCTCACACAG,YGVPVIKYDRKGFKARQRQLLLTQ,114360485,114360556,2,4,YGVPVIKYDRKGFKARQRQLLLTQ,1,24,114360485,114360556,0,0,TATGGCGTCCCGGTCATCAAGTATGACAGGAAGGGCTTCAAGGCACGGCAGCGGCAACTCCTCCTCACACAG
115,mus_musculus,ENSMUSG00000066952,ENSMUST00000196676,ENSMUSE00001206949,ENSMUSE00001206949_SE_4/ENSMUSE00001348168_SE_4,5_1,1,3,6,5,0,1,4,AGGTCAGCATACCTGGTGGAGCTTTCCAAAGTCAAGCAGAAGATAGAGTATGCAGCCGTGAGAG,RSAYLVELSKVKQKIEYAAVR,114360557,114360620,3,5,RSAYLVELSKVKQKIEYAAVR,1,21,114360557,114360620,0,1,AGGTCAGCATACCTGGTGGAGCTTTCCAAAGTCAAGCAGAAGATAGAGTATGCAGCCGTGAGAG
116,mus_musculus,ENSMUSG00000066952,ENSMUST00000196676,ENSMUSE00000736471,ENSMUSE00000736471_SE_5,15_2,1,3,7,15,1,0,5,GCGTCTCCACCAGCAGCCTCAGCGATGGAATCTTGGTCATTCACATCTCACCAGCGGACAAACAGCAAAAG,GVSTSSLSDGILVIHISPADKQQK,114361043,114361113,3,6,GVSTSSLSDGILVIHISPADKQQK,1,24,114361043,114361113,1,0,GCGTCTCCACCAGCAGCCTCAGCGATGGAATCTTGGTCATTCACATCTCACCAGCGGACAAACAGCAAAAG
117,mus_musculus,ENSMUSG00000066952,ENSMUST00000196676,ENSMUSE00000823409,ENSMUSE00000823409_SE_7/ENSMUSE00001357510_SE_7,6_1,1,3,8,6,0,2,6,GGGGACGTCATCCTGCAGTGTGAACACATATTTGAGGTGGCCACTAAGCTCGCCATGCTCATAAGGAAGGAGCACACCGTCCGTGTTGTCCAGGGAAG,GDVILQCEHIFEVATKLAMLIRKEHTVRVVQG,114361227,114361324,3,7,GDVILQCEHIFEVATKLAMLIRKEHTVRVVQG,1,32,114361227,114361324,0,2,GGGGACGTCATCCTGCAGTGTGAACACATATTTGAGGTGGCCACTAAGCTCGCCATGCTCATAAGGAAGGAGCACACCGTCCGTGTTGTCCAGGGAAG
118,mus_musculus,ENSMUSG00000066952,ENSMUST00000196676,ENSMUSE00001356857,ENSMUSE00001356857_SE_8,14_0,1,3,9,14,2,0,7,TTTACAGTTCTACGTCAGTCCTGGGAGAGAAGGCACGATAGTTTTTGAGACTGGAGAGGAAGACCAAGTCTATAAAGATAAAAACGGACAGTTAAGAGTG,SLQFYVSPGREGTIVFETGEEDQVYKDKNGQLRV,114362109,114362208,3,8,SLQFYVSPGREGTIVFETGEEDQVYKDKNGQLRV,1,34,114362109,114362208,2,0,TTTACAGTTCTACGTCAGTCCTGGGAGAGAAGGCACGATAGTTTTTGAGACTGGAGAGGAAGACCAAGTCTATAAAGATAAAAACGGACAGTTAAGAGTG
119,mus_musculus,ENSMUSG00000066952,ENSMUST00000196676,ENSMUSE00001360595,ENSMUSE00001360595_SE_9,16_3,1,3,10,16,0,0,8,GTGTCGGCAGGGAAGAAAACCTGA,VSAGKKT*,114362991,114363014,3,9,VSAGKKT,1,7,114362991,114363014,0,0,GTGTCGGCAGGGAAGAAAACCTGA
120,mus_musculus,ENSMUSG00000066952,ENSMUST00000199567,ENSMUSE00001361024,ENSMUSE00001361024_SE_0,19_2,1,3,3,19,0,0,0,ATGTGCACCAGGAACCTTGTTCGGAAGTACTGCCGTGGAATCTCAGCCGAGAGGAAAGCCATG,MCTRNLVRKYCRGISAERKAM,114358912,114358974,3,1,MCTRNLVRKYCRGISAERKAM,1,21,114358912,114358974,0,0,ATGTGCACCAGGAACCTTGTTCGGAAGTACTGCCGTGGAATCTCAGCCGAGAGGAAAGCCATG
121,mus_musculus,ENSMUSG00000066952,ENSMUST00000199567,ENSMUSE00001287626,ENSMUSE00001287626_SE_1,16_2,1,3,4,16,0,1,1,ATGCAGCAAAAGGTGGTCACGAGCGAGATATTCCGGGGGAAGAAGGAAGGCTATGCAGAGAGCTTGAACCAACTGTTTGCAGGCAGCCGACTGG,MQQKVVTSEIFRGKKEGYAESLNQLFAGSRL,114359511,114359604,3,2,MQQKVVTSEIFRGKKEGYAESLNQLFAGSRL,1,31,114359511,114359604,0,1,ATGCAGCAAAAGGTGGTCACGAGCGAGATATTCCGGGGGAAGAAGGAAGGCTATGCAGAGAGCTTGAACCAACTGTTTGCAGGCAGCCGACTGG
122,mus_musculus,ENSMUSG00000066952,ENSMUST00000199567,ENSMUSE00001229915,ENSMUSE00001229915_SE_2,29_0,1,3,5,29,1,0,2,ATGAAAGCAACATAAATCCCAAAGTGCTCCAACTGCTTGGCAGTGAGAAAATCCAG,DESNINPKVLQLLGSEKIQ,114359744,114359799,3,3,DESNINPKVLQLLGSEKIQ,1,19,114359744,114359799,1,0,ATGAAAGCAACATAAATCCCAAAGTGCTCCAACTGCTTGGCAGTGAGAAAATCCAG
123,mus_musculus,ENSMUSG00000066952,ENSMUST00000199567,ENSMUSE00001206949,ENSMUSE00001206949_SE_3,5_0,1,3,6,5,0,0,3,TATGGCGTCCCGGTCATCAAGTATGACAGGAAGGGCTTCAAGGCACGGCAGCGGCAACTCCTCCTCACACAG,YGVPVIKYDRKGFKARQRQLLLTQ,114360485,114360556,2,4,YGVPVIKYDRKGFKARQRQLLLTQ,1,24,114360485,114360556,0,0,TATGGCGTCCCGGTCATCAAGTATGACAGGAAGGGCTTCAAGGCACGGCAGCGGCAACTCCTCCTCACACAG
124,mus_musculus,ENSMUSG00000066952,ENSMUST00000199567,ENSMUSE00001206949,ENSMUSE00001206949_SE_4/ENSMUSE00001348168_SE_4,5_1,1,3,6,5,0,1,4,AGGTCAGCATACCTGGTGGAGCTTTCCAAAGTCAAGCAGAAGATAGAGTATGCAGCCGTGAGAG,RSAYLVELSKVKQKIEYAAVR,114360557,114360620,3,5,RSAYLVELSKVKQKIEYAAVR,1,21,114360557,114360620,0,1,AGGTCAGCATACCTGGTGGAGCTTTCCAAAGTCAAGCAGAAGATAGAGTATGCAGCCGTGAGAG
125,mus_musculus,ENSMUSG00000066952,ENSMUST00000199567,ENSMUSE00000736471,ENSMUSE00000736471_SE_5,15_2,1,3,7,15,1,0,5,GCGTCTCCACCAGCAGCCTCAGCGATGGAATCTTGGTCATTCACATCTCACCAGCGGACAAACAGCAAAAG,GVSTSSLSDGILVIHISPADKQQK,114361043,114361113,3,6,GVSTSSLSDGILVIHISPADKQQK,1,24,114361043,114361113,1,0,GCGTCTCCACCAGCAGCCTCAGCGATGGAATCTTGGTCATTCACATCTCACCAGCGGACAAACAGCAAAAG
126,mus_musculus,ENSMUSG00000066952,ENSMUST00000199567,ENSMUSE00001357510,ENSMUSE00001357510_SE_6,6_0,1,3,8,6,0,0,6,CTCGCTGCCACCCCTCCCTCTCCACAG,LAATPPSPQ,114361200,114361226,1,7,LAATPPSPQ,1,9,114361200,114361226,0,0,CTCGCTGCCACCCCTCCCTCTCCACAG
127,mus_musculus,ENSMUSG00000066952,ENSMUST00000199567,ENSMUSE00001357510,ENSMUSE00000823409_SE_7/ENSMUSE00001357510_SE_7,6_1,1,3,8,6,0,2,7,GGGGACGTCATCCTGCAGTGTGAACACATATTTGAGGTGGCCACTAAGCTCGCCATGCTCATAAGGAAGGAGCACACCGTCCGTGTTGTCCAGGGAAG,GDVILQCEHIFEVATKLAMLIRKEHTVRVVQG,114361227,114361324,3,8,GDVILQCEHIFEVATKLAMLIRKEHTVRVVQG,1,32,114361227,114361324,0,2,GGGGACGTCATCCTGCAGTGTGAACACATATTTGAGGTGGCCACTAAGCTCGCCATGCTCATAAGGAAGGAGCACACCGTCCGTGTTGTCCAGGGAAG
128,mus_musculus,ENSMUSG00000066952,ENSMUST00000199567,ENSMUSE00001356857,ENSMUSE00001356857_SE_8,14_0,1,3,9,14,2,0,8,TTTACAGTTCTACGTCAGTCCTGGGAGAGAAGGCACGATAGTTTTTGAGACTGGAGAGGAAGACCAAGTCTATAAAGATAAAAACGGACAGTTAAGAGTG,SLQFYVSPGREGTIVFETGEEDQVYKDKNGQLRV,114362109,114362208,3,9,SLQFYVSPGREGTIVFETGEEDQVYKDKNGQLRV,1,34,114362109,114362208,2,0,TTTACAGTTCTACGTCAGTCCTGGGAGAGAAGGCACGATAGTTTTTGAGACTGGAGAGGAAGACCAAGTCTATAAAGATAAAAACGGACAGTTAAGAGTG
129,mus_musculus,ENSMUSG00000066952,ENSMUST00000199567,ENSMUSE00001360595,ENSMUSE00001360595_SE_9,16_3,1,3,10,16,0,0,9,GTGTCGGCAGGGAAGAAAACCTGA,VSAGKKT*,114362991,114363014,3,10,VSAGKKT,1,7,114362991,114363014,0,0,GTGTCGGCAGGGAAGAAAACCTGA
130,rattus_norvegicus,ENSRNOG00000047191,ENSRNOT00000071335,ENSRNOE00000543348,ENSRNOE00000543348_SE_28,11_0,-1,2,1,11,0,0,0,AACCTCTTTGGGATCATCGCTAGTGTCCTACACCTGGGCAACATCTGTTTCAAGGGGGACAAACAAGGCTGTGCTAGCATCCCGGACACCCACGAAATCAAGTGGATCGCCAAG,NLFGIIASVLHLGNICFKGDKQGCASIPDTHEIKWIAK,48048540,48048427,2,1,NLFGIIASVLHLGNICFKGDKQGCASIPDTHEIKWIAK,1,38,48048540,48048427,0,0,AACCTCTTTGGGATCATCGCTAGTGTCCTACACCTGGGCAACATCTGTTTCAAGGGGGACAAACAAGGCTGTGCTAGCATCCCGGACACCCACGAAATCAAGTGGATCGCCAAG
131,rattus_norvegicus,ENSRNOG00000047191,ENSRNOT00000071335,ENSRNOE00000533829,ENSRNOE00000533829_SE_27,24_0,-1,2,2,24,0,0,1,CTCCTGGGAGTCTGCCCAGCTGTTCTTCTGGAAGCGCTCACTCACAGAAAGATCGAAGCCAAAACAGAGGAG,LLGVCPAVLLEALTHRKIEAKTEE,48048051,48047980,2,2,LLGVCPAVLLEALTHRKIEAKTEE,1,24,48048051,48047980,0,0,CTCCTGGGAGTCTGCCCAGCTGTTCTTCTGGAAGCGCTCACTCACAGAAAGATCGAAGCCAAAACAGAGGAG
132,rattus_norvegicus,ENSRNOG00000047191,ENSRNOT00000071335,ENSRNOE00000562329,ENSRNOE00000562329_SE_26,7_0,-1,2,3,7,0,0,2,GTGATATGCCCGTTGACAGTAGAACTCTCTGTTTACGCCAGAGACGCCATGGCAAAGGCAGTTTATGGGCGGACATTTACCTGGCTGGTCAATAAAATCAATTCTTCCTTAGTTAACAAG,VICPLTVELSVYARDAMAKAVYGRTFTWLVNKINSSLVNK,48047181,48047062,2,3,VICPLTVELSVYARDAMAKAVYGRTFTWLVNKINSSLVNK,1,40,48047181,48047062,0,0,GTGATATGCCCGTTGACAGTAGAACTCTCTGTTTACGCCAGAGACGCCATGGCAAAGGCAGTTTATGGGCGGACATTTACCTGGCTGGTCAATAAAATCAATTCTTCCTTAGTTAACAAG
133,rattus_norvegicus,ENSRNOG00000047191,ENSRNOT00000071335,ENSRNOE00000528176,ENSRNOE00000528176_SE_25,27_0,-1,2,4,27,0,2,3,GATTTCACCCAAAAGACTGTGATTGGGTTGTTGGACATCTACGGCTTTGAAGTTTTCGACAAGAATGG,DFTQKTVIGLLDIYGFEVFDKNG,48044955,48044888,2,4,DFTQKTVIGLLDIYGFEVFDKNG,1,23,48044955,48044888,0,2,GATTTCACCCAAAAGACTGTGATTGGGTTGTTGGACATCTACGGCTTTGAAGTTTTCGACAAGAATGG
134,rattus_norvegicus,ENSRNOG00000047191,ENSRNOT00000071335,ENSRNOE00000541808,ENSRNOE00000541808_SE_24,13_0,-1,2,5,13,2,0,4,TTTGACACAGTCTATCAATTACTGCAAT,LTQSINYCN,48043642,48043615,2,5,LTQSINYCN,1,9,48043642,48043615,2,0,TTTGACACAGTCTATCAATTACTGCAAT
135,rattus_norvegicus,ENSRNOG00000047191,ENSRNOT00000071335,ENSRNOE00000544526,ENSRNOE00000544526_SE_23,13_1,-1,2,6,13,0,1,5,AAACTACAGCAGCTGCTGATAGAGAGGACGCTGAAGGCGGAGCAGCCGA,KLQQLLIERTLKAEQPK,48043609,48043561,2,6,KLQQLLIERTLKAEQPK,1,17,48043609,48043561,0,1,AAACTACAGCAGCTGCTGATAGAGAGGACGCTGAAGGCGGAGCAGCCGA
136,rattus_norvegicus,ENSRNOG00000047191,ENSRNOT00000071335,ENSRNOE00000556075,ENSRNOE00000556075_SE_22,16_0,-1,2,7,16,1,2,6,AATATGAATCTGAGAAGAA,YESEKK,48042888,48042870,2,7,YESEKK,1,6,48042888,48042870,1,2,AATATGAATCTGAGAAGAA
137,rattus_norvegicus,ENSRNOG00000047191,ENSRNOT00000071335,ENSRNOE00000557484,ENSRNOE00000557484_SE_21,27_1,-1,2,8,27,2,2,7,GGATGGCTCACCCGTGAAAGTGTTTAATGT,DGSPVKVFNV,48041582,48041553,2,8,DGSPVKVFNV,1,10,48041582,48041553,2,2,GGATGGCTCACCCGTGAAAGTGTTTAATGT
138,rattus_norvegicus,ENSRNOG00000047191,ENSRNOT00000071335,ENSRNOE00000575060,ENSRNOE00000575060_SE_20,16_1,-1,2,9,16,2,1,8,ACGACTCAGCATCTCTTTGATTGACTGCTCTTGCAGAGGACCTG,RLSISLIDCSCRGPA,48041277,48041234,2,9,RLSISLIDCSCRGPA,1,15,48041277,48041234,2,1,ACGACTCAGCATCTCTTTGATTGACTGCTCTTGCAGAGGACCTG
139,rattus_norvegicus,ENSRNOG00000047191,ENSRNOT00000071335,ENSRNOE00000563659,ENSRNOE00000563659_SE_19,19_0,-1,2,10,19,1,2,9,CAAATCTTTTACTAAAAGACTGCTTTTGTCCTGCCTGTCCTGCACAGGACCTCAG,NLLLKDCFCPACPAQDLS,48040226,48040172,2,10,NLLLKDCFCPACPAQDLS,1,18,48040226,48040172,1,2,CAAATCTTTTACTAAAAGACTGCTTTTGTCCTGCCTGTCCTGCACAGGACCTCAG
140,rattus_norvegicus,ENSRNOG00000047191,ENSRNOT00000071335,ENSRNOE00000531511,ENSRNOE00000531511_SE_18,28_0,-1,2,11,28,2,0,10,TTTAATTGAGAGGTATCGTGAGAATTCTGGAATTTTTGGCTTCTTTAAAAAACACAGAAATATT,LIERYRENSGIFGFFKKHRNI,48039038,48038975,2,11,LIERYRENSGIFGFFKKHRNI,1,21,48039038,48038975,2,0,TTTAATTGAGAGGTATCGTGAGAATTCTGGAATTTTTGGCTTCTTTAAAAAACACAGAAATATT
141,rattus_norvegicus,ENSRNOG00000047191,ENSRNOT00000071335,ENSRNOE00000574298,ENSRNOE00000574298_SE_17,17_0,-1,2,12,17,0,0,11,GCACCAAGTCACGGTAAGCTCCTGGGTTTTCTGGAACTTTCACTTGTCCATGGATTT,APSHGKLLGFLELSLVHGF,48035740,48035684,2,12,APSHGKLLGFLELSLVHGF,1,19,48035740,48035684,0,0,GCACCAAGTCACGGTAAGCTCCTGGGTTTTCTGGAACTTTCACTTGTCCATGGATTT
142,rattus_norvegicus,ENSRNOG00000047191,ENSRNOT00000071335,ENSRNOE00000527897,ENSRNOE00000527897_SE_16,25_0,-1,2,13,25,0,0,12,ACTTTTTTTTTTTTAATAAAAACAGGATTCTTGGAGAAAAACAATGACCTGCTTTACAGACACCTGAAGGAG,TFFFLIKTGFLEKNNDLLYRHLKE,48029007,48028936,2,13,TFFFLIKTGFLEKNNDLLYRHLKE,1,24,48029007,48028936,0,0,ACTTTTTTTTTTTTAATAAAAACAGGATTCTTGGAGAAAAACAATGACCTGCTTTACAGACACCTGAAGGAG
143,rattus_norvegicus,ENSRNOG00000047191,ENSRNOT00000071335,ENSRNOE00000563668,ENSRNOE00000563668_SE_15,19_1,-1,2,14,19,0,0,13,GTGCTGTGCAGCTCCAAGAATAGCATCTTGAGGGAGTGTTTCCTGGTGGCGGAGCTTGAAAACCGGAAGCGACCACCCACG,VLCSSKNSILRECFLVAELENRKRPPT,48027079,48026999,2,14,VLCSSKNSILRECFLVAELENRKRPPT,1,27,48027079,48026999,0,0,GTGCTGTGCAGCTCCAAGAATAGCATCTTGAGGGAGTGTTTCCTGGTGGCGGAGCTTGAAAACCGGAAGCGACCACCCACG
144,rattus_norvegicus,ENSRNOG00000047191,ENSRNOT00000071335,ENSRNOE00000540669,ENSRNOE00000540669_SE_14,12_0,-1,2,15,12,0,1,14,GTTGGGACTCAGTTTAAGAACAGCCTGAGCAGCCTCCTGGAAATTCTCATCTCCAAGGAGCCTTCCTACATCCGCTGCATCAAGCCCAATGAAAGGAAGGAACCCA,VGTQFKNSLSSLLEILISKEPSYIRCIKPNERKEPS,48026068,48025963,2,15,VGTQFKNSLSSLLEILISKEPSYIRCIKPNERKEPS,1,36,48026068,48025963,0,1,GTTGGGACTCAGTTTAAGAACAGCCTGAGCAGCCTCCTGGAAATTCTCATCTCCAAGGAGCCTTCCTACATCCGCTGCATCAAGCCCAATGAAAGGAAGGAACCCA
145,rattus_norvegicus,ENSRNOG00000047191,ENSRNOT00000071335,ENSRNOE00000564100,ENSRNOE00000564100_SE_13,8_0,-1,2,16,8,1,2,15,GCAAGTTTGACGACTTCCTCATTAGCCACCAGATCAAGTACCTGGGGCTCATGGAGCACCTGCGTGTGCGGCGGGCAGGCTTCGCCTACAGGCGCAAGTATGAGCATTTCCTGCAAAG,KFDDFLISHQIKYLGLMEHLRVRRAGFAYRRKYEHFLQR,48024849,48024732,2,16,KFDDFLISHQIKYLGLMEHLRVRRAGFAYRRKYEHFLQR,1,39,48024849,48024732,1,2,GCAAGTTTGACGACTTCCTCATTAGCCACCAGATCAAGTACCTGGGGCTCATGGAGCACCTGCGTGTGCGGCGGGCAGGCTTCGCCTACAGGCGCAAGTATGAGCATTTCCTGCAAAG
146,rattus_norvegicus,ENSRNOG00000047191,ENSRNOT00000071335,ENSRNOE00000558472,ENSRNOE00000558472_SE_12,10_0,-1,2,17,10,2,2,16,GTACAAGTCATTGTGCCCAGACACCTGGCCGCACTGGCATGGACCGCCAGGAGAGGGCGTTGAGCGGCTGATCAAGTATATCGGTTACCAACCTCAGGACTACAAGTTAGGAAA,YKSLCPDTWPHWHGPPGEGVERLIKYIGYQPQDYKLGK,48021497,48021384,2,17,YKSLCPDTWPHWHGPPGEGVERLIKYIGYQPQDYKLGK,1,38,48021497,48021384,2,2,GTACAAGTCATTGTGCCCAGACACCTGGCCGCACTGGCATGGACCGCCAGGAGAGGGCGTTGAGCGGCTGATCAAGTATATCGGTTACCAACCTCAGGACTACAAGTTAGGAAA
147,rattus_norvegicus,ENSRNOG00000047191,ENSRNOT00000071335,ENSRNOE00000524260,ENSRNOE00000524260_SE_11,23_0,-1,2,18,23,2,1,17,AACCAAAATATTCATTCGCTTCCCGAGAACCCTGTTTGCTACTGAAGATGCCTTTGAATTCAGTAAACATCAACTAG,TKIFIRFPRTLFATEDAFEFSKHQLV,48019993,48019917,2,18,TKIFIRFPRTLFATEDAFEFSKHQLV,1,26,48019993,48019917,2,1,AACCAAAATATTCATTCGCTTCCCGAGAACCCTGTTTGCTACTGAAGATGCCTTTGAATTCAGTAAACATCAACTAG
148,rattus_norvegicus,ENSRNOG00000047191,ENSRNOT00000071335,ENSRNOE00000540465,ENSRNOE00000540465_SE_10,26_0,-1,2,19,26,1,1,18,TGTCGAGAATCCAGGCCACATACAAAGGCTGCCTAGGAAGACGGGAATACGTGAGGAAGAGACAAGCAG,SRIQATYKGCLGRREYVRKRQAA,48018643,48018575,2,19,SRIQATYKGCLGRREYVRKRQAA,1,23,48018643,48018575,1,1,TGTCGAGAATCCAGGCCACATACAAAGGCTGCCTAGGAAGACGGGAATACGTGAGGAAGAGACAAGCAG
149,rattus_norvegicus,ENSRNOG00000047191,ENSRNOT00000071335,ENSRNOE00000527595,ENSRNOE00000527595_SE_9,20_0,-1,2,20,20,1,2,19,CCACCAAGTTAGAAGCCCACTGGCGTGGAGTCCTGGCTCGGAAGGAGATCAAGAGGAGGAAGTGGGCGGTGCAGATTATACGGAG,TKLEAHWRGVLARKEIKRRKWAVQIIRR,48017066,48016982,2,20,TKLEAHWRGVLARKEIKRRKWAVQIIRR,1,28,48017066,48016982,1,2,CCACCAAGTTAGAAGCCCACTGGCGTGGAGTCCTGGCTCGGAAGGAGATCAAGAGGAGGAAGTGGGCGGTGCAGATTATACGGAG
150,rattus_norvegicus,ENSRNOG00000047191,ENSRNOT00000071335,ENSRNOE00000558188,ENSRNOE00000558188_SE_8,3_0,-1,2,21,3,2,0,20,GTTCATCAAGGGTTTCATCAACCGTGACAAACCCCTTTGCCCTGACAACGAGGAGTTCTTACTGCTCGTGAGGAAGAATTACATCCTGAATCTTCGCTACCACGTGCCAAAGAACGTTCTGGACAAGAGCTGGCTGAGGCCTCCGGGCATCCTGGAGAAC,FIKGFINRDKPLCPDNEEFLLLVRKNYILNLRYHVPKNVLDKSWLRPPGILEN,48016090,48015931,2,21,FIKGFINRDKPLCPDNEEFLLLVRKNYILNLRYHVPKNVLDKSWLRPPGILEN,1,53,48016090,48015931,2,0,GTTCATCAAGGGTTTCATCAACCGTGACAAACCCCTTTGCCCTGACAACGAGGAGTTCTTACTGCTCGTGAGGAAGAATTACATCCTGAATCTTCGCTACCACGTGCCAAAGAACGTTCTGGACAAGAGCTGGCTGAGGCCTCCGGGCATCCTGGAGAAC
151,rattus_norvegicus,ENSRNOG00000047191,ENSRNOT00000071335,ENSRNOE00000476080,ENSRNOE00000476080_SE_7,19_2,-1,2,22,19,0,0,21,GCTTCCAATCTGCTTAGAAGGATGTGCACGAGGAACCTTGTTCGGAAGTACTGCCGTGGAATCTCAGCCGAGAGGAAAGCCATG,ASNLLRRMCTRNLVRKYCRGISAERKAM,48015016,48014933,2,22,ASNLLRRMCTRNLVRKYCRGISAERKAM,1,28,48015016,48014933,0,0,GCTTCCAATCTGCTTAGAAGGATGTGCACGAGGAACCTTGTTCGGAAGTACTGCCGTGGAATCTCAGCCGAGAGGAAAGCCATG
152,rattus_norvegicus,ENSRNOG00000047191,ENSRNOT00000071335,ENSRNOE00000478401,ENSRNOE00000478401_SE_6,16_2,-1,2,23,16,0,1,22,ATGCAGCAAAAGGCAGTGACCAGTGGGCTATTCCGGGGAAAGAAGGAGGGCTACGCAGAGAGCTTAAGCCAACCCTTTGCCAGCAGCAGGCTGG,MQQKAVTSGLFRGKKEGYAESLSQPFASSRLD,48014373,48014280,2,23,MQQKAVTSGLFRGKKEGYAESLSQPFASSRLD,1,32,48014373,48014280,0,1,ATGCAGCAAAAGGCAGTGACCAGTGGGCTATTCCGGGGAAAGAAGGAGGGCTACGCAGAGAGCTTAAGCCAACCCTTTGCCAGCAGCAGGCTGG
153,rattus_norvegicus,ENSRNOG00000047191,ENSRNOT00000071335,ENSRNOE00000495626,ENSRNOE00000495626_SE_5,29_0,-1,2,24,29,1,0,23,ATGAAGGCAAGATAAACCCCAAAGTGCTTCAACTGCTGGGCAGCGAGAAGATCCAG,EGKINPKVLQLLGSEKIQ,48014174,48014119,1,24,EGKINPKVLQLLGSEKIQ,1,18,48014174,48014119,1,0,ATGAAGGCAAGATAAACCCCAAAGTGCTTCAACTGCTGGGCAGCGAGAAGATCCAG
154,rattus_norvegicus,ENSRNOG00000047191,ENSRNOT00000071335,ENSRNOE00000486987,ENSRNOE00000486987_SE_4,5_0,-1,2,25,5,0,1,24,TACGGTGTCCCGGTCATCAAGTATGACAGAAAAGGCTTCAAGGCACGACAGCGGCAACTCCTCCTCACGCTGAGGTCAGCGTACCTGGTGGAGTTTTCCAAAATCAAGCAGAAGATGGAGTACTCAGCTCTGAGAG,YGVPVIKYDRKGFKARQRQLLLTLRSAYLVEFSKIKQKMEYSALRG,48013540,48013405,1,25,YGVPVIKYDRKGFKARQRQLLLTL,1,24,48013540,48013469,0,0,TACGGTGTCCCGGTCATCAAGTATGACAGAAAAGGCTTCAAGGCACGACAGCGGCAACTCCTCCTCACGCTG
155,rattus_norvegicus,ENSRNOG00000047191,ENSRNOT00000071335,ENSRNOE00000486987,ENSRNOE00000486987_SE_4,5_1,-1,2,25,5,0,1,24,TACGGTGTCCCGGTCATCAAGTATGACAGAAAAGGCTTCAAGGCACGACAGCGGCAACTCCTCCTCACGCTGAGGTCAGCGTACCTGGTGGAGTTTTCCAAAATCAAGCAGAAGATGGAGTACTCAGCTCTGAGAG,YGVPVIKYDRKGFKARQRQLLLTLRSAYLVEFSKIKQKMEYSALRG,48013540,48013405,1,26,RSAYLVEFSKIKQKMEYSALRG,25,46,48013468,48013405,0,1,AGGTCAGCGTACCTGGTGGAGTTTTCCAAAATCAAGCAGAAGATGGAGTACTCAGCTCTGAGAG
156,rattus_norvegicus,ENSRNOG00000047191,ENSRNOT00000071335,ENSRNOE00000480022,ENSRNOE00000480022_SE_3,15_2,-1,2,26,15,1,0,25,GTGTCTCCACCAGCAGCCTTAGGGATGGAATCCTAGTCATTCACGTCTCACCAGCAGACAAACAGCAAAAG,VSTSSLRDGILVIHVSPADKQQK,48013052,48012982,2,27,VSTSSLRDGILVIHVSPADKQQK,1,23,48013052,48012982,1,0,GTGTCTCCACCAGCAGCCTTAGGGATGGAATCCTAGTCATTCACGTCTCACCAGCAGACAAACAGCAAAAG
157,rattus_norvegicus,ENSRNOG00000047191,ENSRNOT00000071335,ENSRNOE00000472096,ENSRNOE00000472096_SE_2,6_1,-1,2,27,6,0,2,26,GGGGATACCATCCTGCAGTGTGAACACATATTTGAGGTGGCCACCAAGCTCGCCATGCTGATTAAGAGGGAGCATGTCGTCCGGGTTGTCCAAGGAAG,GDTILQCEHIFEVATKLAMLIKREHVVRVVQGS,48012864,48012767,2,28,GDTILQCEHIFEVATKLAMLIKREHVVRVVQGS,1,33,48012864,48012767,0,2,GGGGATACCATCCTGCAGTGTGAACACATATTTGAGGTGGCCACCAAGCTCGCCATGCTGATTAAGAGGGAGCATGTCGTCCGGGTTGTCCAAGGAAG
158,rattus_norvegicus,ENSRNOG00000047191,ENSRNOT00000071335,ENSRNOE00000489456,ENSRNOE00000489456_SE_1,14_0,-1,2,28,14,2,0,27,TTTACAGTTCTGTGTCAGTCCCGGGAGAGAAGGCACGATAGTTTTTGAGACTGGAGAGGAAGACCAAGTCTATAAGGATAAAAACGGACAGTTAAGAGTG,LQFCVSPGREGTIVFETGEEDQVYKDKNGQLRV,48011970,48011871,2,29,LQFCVSPGREGTIVFETGEEDQVYKDKNGQLRV,1,33,48011970,48011871,2,0,TTTACAGTTCTGTGTCAGTCCCGGGAGAGAAGGCACGATAGTTTTTGAGACTGGAGAGGAAGACCAAGTCTATAAGGATAAAAACGGACAGTTAAGAGTG
159,rattus_norvegicus,ENSRNOG00000047191,ENSRNOT00000071335,ENSRNOE00000492647,ENSRNOE00000492647_SE_0,16_3,-1,2,29,16,0,0,28,GTGTCGGCGGGGAAGAAGACCTGA,VSAGKKT*,48011123,48011100,2,30,VSAGKKT,1,7,48011123,48011100,0,0,GTGTCGGCGGGGAAGAAGACCTGA
160,rattus_norvegicus,ENSRNOG00000047191,ENSRNOT00000078807,ENSRNOE00000543348,ENSRNOE00000543348_SE_28,11_0,-1,2,1,11,0,0,0,AACCTCTTTGGGATCATCGCTAGTGTCCTACACCTGGGCAACATCTGTTTCAAGGGGGACAAACAAGGCTGTGCTAGCATCCCGGACACCCACGAAATCAAGTGGATCGCCAAG,NLFGIIASVLHLGNICFKGDKQGCASIPDTHEIKWIAK,48048540,48048427,2,1,NLFGIIASVLHLGNICFKGDKQGCASIPDTHEIKWIAK,1,38,48048540,48048427,0,0,AACCTCTTTGGGATCATCGCTAGTGTCCTACACCTGGGCAACATCTGTTTCAAGGGGGACAAACAAGGCTGTGCTAGCATCCCGGACACCCACGAAATCAAGTGGATCGCCAAG
161,rattus_norvegicus,ENSRNOG00000047191,ENSRNOT00000078807,ENSRNOE00000533829,ENSRNOE00000533829_SE_27,24_0,-1,2,2,24,0,0,1,CTCCTGGGAGTCTGCCCAGCTGTTCTTCTGGAAGCGCTCACTCACAGAAAGATCGAAGCCAAAACAGAGGAG,LLGVCPAVLLEALTHRKIEAKTEE,48048051,48047980,2,2,LLGVCPAVLLEALTHRKIEAKTEE,1,24,48048051,48047980,0,0,CTCCTGGGAGTCTGCCCAGCTGTTCTTCTGGAAGCGCTCACTCACAGAAAGATCGAAGCCAAAACAGAGGAG
162,rattus_norvegicus,ENSRNOG00000047191,ENSRNOT00000078807,ENSRNOE00000562329,ENSRNOE00000562329_SE_26,7_0,-1,2,3,7,0,0,2,GTGATATGCCCGTTGACAGTAGAACTCTCTGTTTACGCCAGAGACGCCATGGCAAAGGCAGTTTATGGGCGGACATTTACCTGGCTGGTCAATAAAATCAATTCTTCCTTAGTTAACAAG,VICPLTVELSVYARDAMAKAVYGRTFTWLVNKINSSLVNK,48047181,48047062,2,3,VICPLTVELSVYARDAMAKAVYGRTFTWLVNKINSSLVNK,1,40,48047181,48047062,0,0,GTGATATGCCCGTTGACAGTAGAACTCTCTGTTTACGCCAGAGACGCCATGGCAAAGGCAGTTTATGGGCGGACATTTACCTGGCTGGTCAATAAAATCAATTCTTCCTTAGTTAACAAG
163,rattus_norvegicus,ENSRNOG00000047191,ENSRNOT00000078807,ENSRNOE00000528176,ENSRNOE00000528176_SE_25,27_0,-1,2,4,27,0,2,3,GATTTCACCCAAAAGACTGTGATTGGGTTGTTGGACATCTACGGCTTTGAAGTTTTCGACAAGAATGG,DFTQKTVIGLLDIYGFEVFDKNG,48044955,48044888,2,4,DFTQKTVIGLLDIYGFEVFDKNG,1,23,48044955,48044888,0,2,GATTTCACCCAAAAGACTGTGATTGGGTTGTTGGACATCTACGGCTTTGAAGTTTTCGACAAGAATGG
164,rattus_norvegicus,ENSRNOG00000047191,ENSRNOT00000078807,ENSRNOE00000541808,ENSRNOE00000541808_SE_24,13_0,-1,2,5,13,2,0,4,TTTGACACAGTCTATCAATTACTGCAAT,LTQSINYCN,48043642,48043615,2,5,LTQSINYCN,1,9,48043642,48043615,2,0,TTTGACACAGTCTATCAATTACTGCAAT
165,rattus_norvegicus,ENSRNOG00000047191,ENSRNOT00000078807,ENSRNOE00000544526,ENSRNOE00000544526_SE_23,13_1,-1,2,6,13,0,1,5,AAACTACAGCAGCTGCTGATAGAGAGGACGCTGAAGGCGGAGCAGCCGA,KLQQLLIERTLKAEQPK,48043609,48043561,2,6,KLQQLLIERTLKAEQPK,1,17,48043609,48043561,0,1,AAACTACAGCAGCTGCTGATAGAGAGGACGCTGAAGGCGGAGCAGCCGA
166,rattus_norvegicus,ENSRNOG00000047191,ENSRNOT00000078807,ENSRNOE00000556075,ENSRNOE00000556075_SE_22,16_0,-1,2,7,16,1,2,6,AATATGAATCTGAGAAGAA,YESEKK,48042888,48042870,2,7,YESEKK,1,6,48042888,48042870,1,2,AATATGAATCTGAGAAGAA
167,rattus_norvegicus,ENSRNOG00000047191,ENSRNOT00000078807,ENSRNOE00000557484,ENSRNOE00000557484_SE_21,27_1,-1,2,8,27,2,2,7,GGATGGCTCACCCGTGAAAGTGTTTAATGT,DGSPVKVFNV,48041582,48041553,2,8,DGSPVKVFNV,1,10,48041582,48041553,2,2,GGATGGCTCACCCGTGAAAGTGTTTAATGT
168,rattus_norvegicus,ENSRNOG00000047191,ENSRNOT00000078807,ENSRNOE00000575060,ENSRNOE00000575060_SE_20,16_1,-1,2,9,16,2,1,8,ACGACTCAGCATCTCTTTGATTGACTGCTCTTGCAGAGGACCTG,RLSISLIDCSCRGPA,48041277,48041234,2,9,RLSISLIDCSCRGPA,1,15,48041277,48041234,2,1,ACGACTCAGCATCTCTTTGATTGACTGCTCTTGCAGAGGACCTG
169,rattus_norvegicus,ENSRNOG00000047191,ENSRNOT00000078807,ENSRNOE00000563659,ENSRNOE00000563659_SE_19,19_0,-1,2,10,19,1,2,9,CAAATCTTTTACTAAAAGACTGCTTTTGTCCTGCCTGTCCTGCACAGGACCTCAG,NLLLKDCFCPACPAQDLS,48040226,48040172,2,10,NLLLKDCFCPACPAQDLS,1,18,48040226,48040172,1,2,CAAATCTTTTACTAAAAGACTGCTTTTGTCCTGCCTGTCCTGCACAGGACCTCAG
170,rattus_norvegicus,ENSRNOG00000047191,ENSRNOT00000078807,ENSRNOE00000531511,ENSRNOE00000531511_SE_18,28_0,-1,2,11,28,2,0,10,TTTAATTGAGAGGTATCGTGAGAATTCTGGAATTTTTGGCTTCTTTAAAAAACACAGAAATATT,LIERYRENSGIFGFFKKHRNI,48039038,48038975,2,11,LIERYRENSGIFGFFKKHRNI,1,21,48039038,48038975,2,0,TTTAATTGAGAGGTATCGTGAGAATTCTGGAATTTTTGGCTTCTTTAAAAAACACAGAAATATT
171,rattus_norvegicus,ENSRNOG00000047191,ENSRNOT00000078807,ENSRNOE00000574298,ENSRNOE00000574298_SE_17,17_0,-1,2,12,17,0,0,11,GCACCAAGTCACGGTAAGCTCCTGGGTTTTCTGGAACTTTCACTTGTCCATGGATTT,APSHGKLLGFLELSLVHGF,48035740,48035684,2,12,APSHGKLLGFLELSLVHGF,1,19,48035740,48035684,0,0,GCACCAAGTCACGGTAAGCTCCTGGGTTTTCTGGAACTTTCACTTGTCCATGGATTT
172,rattus_norvegicus,ENSRNOG00000047191,ENSRNOT00000078807,ENSRNOE00000527897,ENSRNOE00000527897_SE_16,25_0,-1,2,13,25,0,0,12,ACTTTTTTTTTTTTAATAAAAACAGGATTCTTGGAGAAAAACAATGACCTGCTTTACAGACACCTGAAGGAG,TFFFLIKTGFLEKNNDLLYRHLKE,48029007,48028936,2,13,TFFFLIKTGFLEKNNDLLYRHLKE,1,24,48029007,48028936,0,0,ACTTTTTTTTTTTTAATAAAAACAGGATTCTTGGAGAAAAACAATGACCTGCTTTACAGACACCTGAAGGAG
173,rattus_norvegicus,ENSRNOG00000047191,ENSRNOT00000078807,ENSRNOE00000563668,ENSRNOE00000563668_SE_15,19_1,-1,2,14,19,0,0,13,GTGCTGTGCAGCTCCAAGAATAGCATCTTGAGGGAGTGTTTCCTGGTGGCGGAGCTTGAAAACCGGAAGCGACCACCCACG,VLCSSKNSILRECFLVAELENRKRPPT,48027079,48026999,2,14,VLCSSKNSILRECFLVAELENRKRPPT,1,27,48027079,48026999,0,0,GTGCTGTGCAGCTCCAAGAATAGCATCTTGAGGGAGTGTTTCCTGGTGGCGGAGCTTGAAAACCGGAAGCGACCACCCACG
174,rattus_norvegicus,ENSRNOG00000047191,ENSRNOT00000078807,ENSRNOE00000540669,ENSRNOE00000540669_SE_14,12_0,-1,2,15,12,0,1,14,GTTGGGACTCAGTTTAAGAACAGCCTGAGCAGCCTCCTGGAAATTCTCATCTCCAAGGAGCCTTCCTACATCCGCTGCATCAAGCCCAATGAAAGGAAGGAACCCA,VGTQFKNSLSSLLEILISKEPSYIRCIKPNERKEPS,48026068,48025963,2,15,VGTQFKNSLSSLLEILISKEPSYIRCIKPNERKEPS,1,36,48026068,48025963,0,1,GTTGGGACTCAGTTTAAGAACAGCCTGAGCAGCCTCCTGGAAATTCTCATCTCCAAGGAGCCTTCCTACATCCGCTGCATCAAGCCCAATGAAAGGAAGGAACCCA
175,rattus_norvegicus,ENSRNOG00000047191,ENSRNOT00000078807,ENSRNOE00000564100,ENSRNOE00000564100_SE_13,8_0,-1,2,16,8,1,2,15,GCAAGTTTGACGACTTCCTCATTAGCCACCAGATCAAGTACCTGGGGCTCATGGAGCACCTGCGTGTGCGGCGGGCAGGCTTCGCCTACAGGCGCAAGTATGAGCATTTCCTGCAAAG,KFDDFLISHQIKYLGLMEHLRVRRAGFAYRRKYEHFLQR,48024849,48024732,2,16,KFDDFLISHQIKYLGLMEHLRVRRAGFAYRRKYEHFLQR,1,39,48024849,48024732,1,2,GCAAGTTTGACGACTTCCTCATTAGCCACCAGATCAAGTACCTGGGGCTCATGGAGCACCTGCGTGTGCGGCGGGCAGGCTTCGCCTACAGGCGCAAGTATGAGCATTTCCTGCAAAG
176,rattus_norvegicus,ENSRNOG00000047191,ENSRNOT00000078807,ENSRNOE00000558472,ENSRNOE00000558472_SE_12,10_0,-1,2,17,10,2,2,16,GTACAAGTCATTGTGCCCAGACACCTGGCCGCACTGGCATGGACCGCCAGGAGAGGGCGTTGAGCGGCTGATCAAGTATATCGGTTACCAACCTCAGGACTACAAGTTAGGAAA,YKSLCPDTWPHWHGPPGEGVERLIKYIGYQPQDYKLGK,48021497,48021384,2,17,YKSLCPDTWPHWHGPPGEGVERLIKYIGYQPQDYKLGK,1,38,48021497,48021384,2,2,GTACAAGTCATTGTGCCCAGACACCTGGCCGCACTGGCATGGACCGCCAGGAGAGGGCGTTGAGCGGCTGATCAAGTATATCGGTTACCAACCTCAGGACTACAAGTTAGGAAA
177,rattus_norvegicus,ENSRNOG00000047191,ENSRNOT00000078807,ENSRNOE00000524260,ENSRNOE00000524260_SE_11,23_0,-1,2,18,23,2,1,17,AACCAAAATATTCATTCGCTTCCCGAGAACCCTGTTTGCTACTGAAGATGCCTTTGAATTCAGTAAACATCAACTAG,TKIFIRFPRTLFATEDAFEFSKHQLV,48019993,48019917,2,18,TKIFIRFPRTLFATEDAFEFSKHQLV,1,26,48019993,48019917,2,1,AACCAAAATATTCATTCGCTTCCCGAGAACCCTGTTTGCTACTGAAGATGCCTTTGAATTCAGTAAACATCAACTAG
178,rattus_norvegicus,ENSRNOG00000047191,ENSRNOT00000078807,ENSRNOE00000540465,ENSRNOE00000540465_SE_10,26_0,-1,2,19,26,1,1,18,TGTCGAGAATCCAGGCCACATACAAAGGCTGCCTAGGAAGACGGGAATACGTGAGGAAGAGACAAGCAG,SRIQATYKGCLGRREYVRKRQAA,48018643,48018575,2,19,SRIQATYKGCLGRREYVRKRQAA,1,23,48018643,48018575,1,1,TGTCGAGAATCCAGGCCACATACAAAGGCTGCCTAGGAAGACGGGAATACGTGAGGAAGAGACAAGCAG
179,rattus_norvegicus,ENSRNOG00000047191,ENSRNOT00000078807,ENSRNOE00000527595,ENSRNOE00000527595_SE_9,20_0,-1,2,20,20,1,2,19,CCACCAAGTTAGAAGCCCACTGGCGTGGAGTCCTGGCTCGGAAGGAGATCAAGAGGAGGAAGTGGGCGGTGCAGATTATACGGAG,TKLEAHWRGVLARKEIKRRKWAVQIIRR,48017066,48016982,2,20,TKLEAHWRGVLARKEIKRRKWAVQIIRR,1,28,48017066,48016982,1,2,CCACCAAGTTAGAAGCCCACTGGCGTGGAGTCCTGGCTCGGAAGGAGATCAAGAGGAGGAAGTGGGCGGTGCAGATTATACGGAG
180,rattus_norvegicus,ENSRNOG00000047191,ENSRNOT00000078807,ENSRNOE00000558188,ENSRNOE00000558188_SE_8,3_0,-1,2,21,3,2,0,20,GTTCATCAAGGGTTTCATCAACCGTGACAAACCCCTTTGCCCTGACAACGAGGAGTTCTTACTGCTCGTGAGGAAGAATTACATCCTGAATCTTCGCTACCACGTGCCAAAGAACGTTCTGGACAAGAGCTGGCTGAGGCCTCCGGGCATCCTGGAGAAC,FIKGFINRDKPLCPDNEEFLLLVRKNYILNLRYHVPKNVLDKSWLRPPGILEN,48016090,48015931,2,21,FIKGFINRDKPLCPDNEEFLLLVRKNYILNLRYHVPKNVLDKSWLRPPGILEN,1,53,48016090,48015931,2,0,GTTCATCAAGGGTTTCATCAACCGTGACAAACCCCTTTGCCCTGACAACGAGGAGTTCTTACTGCTCGTGAGGAAGAATTACATCCTGAATCTTCGCTACCACGTGCCAAAGAACGTTCTGGACAAGAGCTGGCTGAGGCCTCCGGGCATCCTGGAGAAC
181,rattus_norvegicus,ENSRNOG00000047191,ENSRNOT00000078807,ENSRNOE00000476080,ENSRNOE00000476080_SE_7,19_2,-1,2,22,19,0,0,21,GCTTCCAATCTGCTTAGAAGGATGTGCACGAGGAACCTTGTTCGGAAGTACTGCCGTGGAATCTCAGCCGAGAGGAAAGCCATG,ASNLLRRMCTRNLVRKYCRGISAERKAM,48015016,48014933,2,22,ASNLLRRMCTRNLVRKYCRGISAERKAM,1,28,48015016,48014933,0,0,GCTTCCAATCTGCTTAGAAGGATGTGCACGAGGAACCTTGTTCGGAAGTACTGCCGTGGAATCTCAGCCGAGAGGAAAGCCATG
182,rattus_norvegicus,ENSRNOG00000047191,ENSRNOT00000078807,ENSRNOE00000478401,ENSRNOE00000478401_SE_6,16_2,-1,2,23,16,0,1,22,ATGCAGCAAAAGGCAGTGACCAGTGGGCTATTCCGGGGAAAGAAGGAGGGCTACGCAGAGAGCTTAAGCCAACCCTTTGCCAGCAGCAGGCTGG,MQQKAVTSGLFRGKKEGYAESLSQPFASSRLG,48014373,48014280,2,23,MQQKAVTSGLFRGKKEGYAESLSQPFASSRLD,1,32,48014373,48014280,0,1,ATGCAGCAAAAGGCAGTGACCAGTGGGCTATTCCGGGGAAAGAAGGAGGGCTACGCAGAGAGCTTAAGCCAACCCTTTGCCAGCAGCAGGCTGG
183,rattus_norvegicus,ENSRNOG00000047191,ENSRNOT00000078807,ENSRNOE00000480022,ENSRNOE00000480022_SE_3,15_2,-1,2,24,15,1,0,23,GTGTCTCCACCAGCAGCCTTAGGGATGGAATCCTAGTCATTCACGTCTCACCAGCAGACAAACAGCAAAAG,VSTSSLRDGILVIHVSPADKQQK,48013052,48012982,2,24,VSTSSLRDGILVIHVSPADKQQK,1,23,48013052,48012982,1,0,GTGTCTCCACCAGCAGCCTTAGGGATGGAATCCTAGTCATTCACGTCTCACCAGCAGACAAACAGCAAAAG
184,rattus_norvegicus,ENSRNOG00000047191,ENSRNOT00000078807,ENSRNOE00000472096,ENSRNOE00000472096_SE_2,6_1,-1,2,25,6,0,2,24,GGGGATACCATCCTGCAGTGTGAACACATATTTGAGGTGGCCACCAAGCTCGCCATGCTGATTAAGAGGGAGCATGTCGTCCGGGTTGTCCAAGGAAG,GDTILQCEHIFEVATKLAMLIKREHVVRVVQGS,48012864,48012767,2,25,GDTILQCEHIFEVATKLAMLIKREHVVRVVQGS,1,33,48012864,48012767,0,2,GGGGATACCATCCTGCAGTGTGAACACATATTTGAGGTGGCCACCAAGCTCGCCATGCTGATTAAGAGGGAGCATGTCGTCCGGGTTGTCCAAGGAAG
185,rattus_norvegicus,ENSRNOG00000047191,ENSRNOT00000078807,ENSRNOE00000489456,ENSRNOE00000489456_SE_1,14_0,-1,2,26,14,2,0,25,TTTACAGTTCTGTGTCAGTCCCGGGAGAGAAGGCACGATAGTTTTTGAGACTGGAGAGGAAGACCAAGTCTATAAGGATAAAAACGGACAGTTAAGAGTG,LQFCVSPGREGTIVFETGEEDQVYKDKNGQLRV,48011970,48011871,2,26,LQFCVSPGREGTIVFETGEEDQVYKDKNGQLRV,1,33,48011970,48011871,2,0,TTTACAGTTCTGTGTCAGTCCCGGGAGAGAAGGCACGATAGTTTTTGAGACTGGAGAGGAAGACCAAGTCTATAAGGATAAAAACGGACAGTTAAGAGTG
186,rattus_norvegicus,ENSRNOG00000047191,ENSRNOT00000078807,ENSRNOE00000492647,ENSRNOE00000492647_SE_0,16_3,-1,2,27,16,0,0,26,GTGTCGGCGGGGAAGAAGACCTGA,VSAGKKT*,48011123,48011100,2,27,VSAGKKT,1,7,48011123,48011100,0,0,GTGTCGGCGGGGAAGAAGACCTGA
187,sus_scrofa,ENSSSCG00000009935,ENSSSCT00000010887,ENSSSCE00000086177,ENSSSCE00000086177_SE_28,4_1,-1,1,1,4,0,0,0,ATGGAAGGTGCACTGACGGCCCGGGACAAGGTCGGAGTGCAGGATTTTGTGCTGCTGGATGCTTACACCAGTGAAACTGCTTTTCTGGACAATCTTCGAAAGCGTTTCAGCGAGAACCTCATCTAT,MEGALTARDKVGVQDFVLLDAYTSETAFLDNLRKRFSENLIY,41523641,41523516,1,1,MEGALTARDKVGVQDFVLLDAYTSETAFLDNLRKRFSENLIY,1,42,41523641,41523516,0,0,ATGGAAGGTGCACTGACGGCCCGGGACAAGGTCGGAGTGCAGGATTTTGTGCTGCTGGATGCTTACACCAGTGAAACTGCTTTTCTGGACAATCTTCGAAAGCGTTTCAGCGAGAACCTCATCTAT
188,sus_scrofa,ENSSSCG00000009935,ENSSSCT00000010887,ENSSSCE00000086178,ENSSSCE00000086178_SE_27,9_0,-1,1,2,9,0,2,1,ACATATATTGGAACCCTCCTTGTGTCTGTGAACCCATACCAGGAGCTCGGAATCTACACTGTGAGCCAGATGGAACTTTATCAAGGGGTCAATTTCTTTGAACTGCCACCACATGT,TYIGTLLVSVNPYQELGIYTVSQMELYQGVNFFELPPHV,41519721,41519606,1,2,TYIGTLLVSVNPYQELGIYTVSQMELYQGVNFFELPPHV,1,39,41519721,41519606,0,2,ACATATATTGGAACCCTCCTTGTGTCTGTGAACCCATACCAGGAGCTCGGAATCTACACTGTGAGCCAGATGGAACTTTATCAAGGGGTCAATTTCTTTGAACTGCCACCACATGT
189,sus_scrofa,ENSSSCG00000009935,ENSSSCT00000010887,ENSSSCE00000086179,ENSSSCE00000086179_SE_26,1_0,-1,1,3,1,2,0,2,CTACGCCATAGCCGACAACGCTTACCGCATGATGTGCTCTGAGCTAAATAACCACTTCATCCTCATTTCCGGAGAGAGTGGGGCAGGGAAAACAGAGGCCTTCAAGAAGATCCTCCAGTATTTTGCGGTGACCTGCCCAATGACCGAGTCCCTTCAGATAGCCCGTGACAGACTCCTGCTCTCCAATCCAGTGCTAGAG,YAIADNAYRMMCSELNNHFILISGESGAGKTEAFKKILQYFAVTCPMTESLQIARDRLLLSNPVLE,41517340,41517142,1,3,YAIADNAYRMMCSELNNHFILISGESGAGKTEAFKKILQYFAVTCPMTESLQIARDRLLLSNPVLE,1,66,41517340,41517142,2,0,CTACGCCATAGCCGACAACGCTTACCGCATGATGTGCTCTGAGCTAAATAACCACTTCATCCTCATTTCCGGAGAGAGTGGGGCAGGGAAAACAGAGGCCTTCAAGAAGATCCTCCAGTATTTTGCGGTGACCTGCCCAATGACCGAGTCCCTTCAGATAGCCCGTGACAGACTCCTGCTCTCCAATCCAGTGCTAGAG
190,sus_scrofa,ENSSSCG00000009935,ENSSSCT00000010887,ENSSSCE00000086180,ENSSSCE00000086180_SE_25,22_0,-1,1,4,22,0,0,3,GCTTTTGGAAATGCCAAAACACTCCGGAATGACAACTCCAGCAGATTTGGAAAATACATGGACATACAGTTTGACTTTAAG,AFGNAKTLRNDNSSRFGKYMDIQFDFK,41516272,41516192,1,4,AFGNAKTLRNDNSSRFGKYMDIQFDFK,1,27,41516272,41516192,0,0,GCTTTTGGAAATGCCAAAACACTCCGGAATGACAACTCCAGCAGATTTGGAAAATACATGGACATACAGTTTGACTTTAAG
191,sus_scrofa,ENSSSCG00000009935,ENSSSCT00000010887,ENSSSCE00000086181,ENSSSCE00000086181_SE_24,2_0,-1,1,5,2,0,0,4,GGCGTTCCTGTCGGCGGGCATATCATCAGTTACTTGATAGAAAAGTCTCGTGTCGTCTATCAAAATCAGGGTGAGCGGAATTTCCACATCTTCTACCAGCTACTAGAGGGTGGAGAAGAGGAGCTCCTTGCCTACCTGGGACTTGAGCGAGACCACCAGCTGTATAAATACCTCTCACAG,GVPVGGHIISYLIEKSRVVYQNQGERNFHIFYQLLEGGEEELLAYLGLERDHQLYKYLSQ,41513698,41513519,1,5,GVPVGGHIISYLIEKSRVVYQNQGERNFHIFYQLLEGGEEELLAYLGLERDHQLYKYLSQ,1,60,41513698,41513519,0,0,GGCGTTCCTGTCGGCGGGCATATCATCAGTTACTTGATAGAAAAGTCTCGTGTCGTCTATCAAAATCAGGGTGAGCGGAATTTCCACATCTTCTACCAGCTACTAGAGGGTGGAGAAGAGGAGCTCCTTGCCTACCTGGGACTTGAGCGAGACCACCAGCTGTATAAATACCTCTCACAG
192,sus_scrofa,ENSSSCG00000009935,ENSSSCT00000010887,ENSSSCE00000086182,ENSSSCE00000086182_SE_23,15_1,-1,1,6,15,0,0,5,GGTCATTGTGCCAAAGAGTCATCTATTAATGACAAGAACGACTGGAAAACTGTTTCCAATGCCTTTTCTGTCATCAATTTTACTGAAGATGACCTTGAG,GHCAKESSINDKNDWKTVSNAFSVINFTEDDLE,41509781,41509683,1,6,GHCAKESSINDKNDWKTVSNAFSVINFTEDDLE,1,33,41509781,41509683,0,0,GGTCATTGTGCCAAAGAGTCATCTATTAATGACAAGAACGACTGGAAAACTGTTTCCAATGCCTTTTCTGTCATCAATTTTACTGAAGATGACCTTGAG
193,sus_scrofa,ENSSSCG00000009935,ENSSSCT00000010887,ENSSSCE00000086183,ENSSSCE00000086183_SE_22,11_0,-1,1,7,11,0,0,6,AATCTCTTTGGCATTATTGCCAGTGTCCTTCACCTGGGGAACATTTGTTTTGAAGAGAACCAGCAAGGCTGCGCCACCATACCAGATACCCACGAGATCAAATGGATTGCCAAG,NLFGIIASVLHLGNICFEENQQGCATIPDTHEIKWIAK,41507665,41507552,1,7,NLFGIIASVLHLGNICFEENQQGCATIPDTHEIKWIAK,1,38,41507665,41507552,0,0,AATCTCTTTGGCATTATTGCCAGTGTCCTTCACCTGGGGAACATTTGTTTTGAAGAGAACCAGCAAGGCTGCGCCACCATACCAGATACCCACGAGATCAAATGGATTGCCAAG
194,sus_scrofa,ENSSSCG00000009935,ENSSSCT00000010887,ENSSSCE00000086184,ENSSSCE00000086184_SE_21,24_0,-1,1,8,24,0,0,7,CTCCTAGGGGTCCACCCATGGGTCCTTCTGGAAGCTCTCACCCATAGAAAGATTGAAGCCAAAACAGAGGAG,LLGVHPWVLLEALTHRKIEAKTEE,41507226,41507155,1,8,LLGVHPWVLLEALTHRKIEAKTEE,1,24,41507226,41507155,0,0,CTCCTAGGGGTCCACCCATGGGTCCTTCTGGAAGCTCTCACCCATAGAAAGATTGAAGCCAAAACAGAGGAG
195,sus_scrofa,ENSSSCG00000009935,ENSSSCT00000010887,ENSSSCE00000086185,ENSSSCE00000086185_SE_20,7_0,-1,1,9,7,0,0,8,GTGATATGCCCGTTGACGCCAGAACTCTCTGCCTATGCTAGAGACGCAATGGCCAAGGCTGTTTATGGACGAACATTTACTTGGCTGGTCAACAAAATCAATTCCTCCTTAGTGAACAAG,VICPLTPELSAYARDAMAKAVYGRTFTWLVNKINSSLVNK,41506450,41506331,1,9,VICPLTPELSAYARDAMAKAVYGRTFTWLVNKINSSLVNK,1,40,41506450,41506331,0,0,GTGATATGCCCGTTGACGCCAGAACTCTCTGCCTATGCTAGAGACGCAATGGCCAAGGCTGTTTATGGACGAACATTTACTTGGCTGGTCAACAAAATCAATTCCTCCTTAGTGAACAAG
196,sus_scrofa,ENSSSCG00000009935,ENSSSCT00000010887,ENSSSCE00000086187,ENSSSCE00000086187_SE_19,27_0,-1,1,10,27,0,2,9,GATTTCACTGGGAAAACTGTGATCGGATTACTGGATATCTATGGGTTTGAAGTCTTCGACAAGAATGG,DFTGKTVIGLLDIYGFEVFDKNG,41504371,41504304,1,10,DFTGKTVIGLLDIYGFEVFDKNG,1,23,41504371,41504304,0,2,GATTTCACTGGGAAAACTGTGATCGGATTACTGGATATCTATGGGTTTGAAGTCTTCGACAAGAATGG
197,sus_scrofa,ENSSSCG00000009935,ENSSSCT00000010887,ENSSSCE00000086188,ENSSSCE00000086188_SE_18,13_0,-1,1,11,13,2,0,10,TTTTGAACAGTTCTGTATAAATTACTGCAATGAGAAACTCCAGCAACTATTAATTGAGAGAACTCTAAAAGCAGAACAGGCGGAGTATGAAATGGAAGGTATAGAG,FEQFCINYCNEKLQQLLIERTLKAEQAEYEMEGIE,41503457,41503352,1,11,FEQFCINYCNE,1,11,41503457,41503424,2,0,TTTTGAACAGTTCTGTATAAATTACTGCAATGAG
198,sus_scrofa,ENSSSCG00000009935,ENSSSCT00000010887,ENSSSCE00000086188,ENSSSCE00000086188_SE_18,13_1,-1,1,11,13,2,0,10,TTTTGAACAGTTCTGTATAAATTACTGCAATGAGAAACTCCAGCAACTATTAATTGAGAGAACTCTAAAAGCAGAACAGGCGGAGTATGAAATGGAAGGTATAGAG,FEQFCINYCNEKLQQLLIERTLKAEQAEYEMEGIE,41503457,41503352,1,12,KLQQLLIERTLKAEQAEYEMEGIE,12,35,41503423,41503352,0,0,AAACTCCAGCAACTATTAATTGAGAGAACTCTAAAAGCAGAACAGGCGGAGTATGAAATGGAAGGTATAGAG
199,sus_scrofa,ENSSSCG00000009935,ENSSSCT00000010887,ENSSSCE00000086189,ENSSSCE00000086189_SE_17,21_0,-1,1,12,21,0,0,11,TGGGAACCAATTCAGTATTTCAACAACAAGATCATTTGTGACTTGGTAGAAGAGAGACACAAAGGAATCATTTCTATTCTG,WEPIQYFNNKIICDLVEERHKGIISIL,41503060,41502980,1,13,WEPIQYFNNKIICDLVEERHKGIISIL,1,27,41503060,41502980,0,0,TGGGAACCAATTCAGTATTTCAACAACAAGATCATTTGTGACTTGGTAGAAGAGAGACACAAAGGAATCATTTCTATTCTG
200,sus_scrofa,ENSSSCG00000009935,ENSSSCT00000010887,ENSSSCE00000086190,ENSSSCE00000086190_SE_16,18_0,-1,1,13,18,0,2,12,GATGAAGAATGTATTCGTCCTGGACCTGCTACAGACTTGAGTTTCCTGGAGAGACTGGAAGAGAAAGTGGGCAAGCATGCACACTTCCAAAC,DEECIRPGPATDLSFLERLEEKVGKHAHFQT,41500308,41500217,1,14,DEECIRPGPATDLSFLERLEEKVGKHAHFQT,1,31,41500308,41500217,0,2,GATGAAGAATGTATTCGTCCTGGACCTGCTACAGACTTGAGTTTCCTGGAGAGACTGGAAGAGAAAGTGGGCAAGCATGCACACTTCCAAAC
201,sus_scrofa,ENSSSCG00000009935,ENSSSCT00000010887,ENSSSCE00000086191,ENSSSCE00000086191_SE_15,17_0,-1,1,14,17,2,1,13,CAGGAAGCTGGCGGGTCCAAAGAGCCGAAAGAGGATTGGCTGGATGGAGTTCCGGCTCTTCCACTACGCAGGAGAGGTCACGTACTGCACCAAGG,RKLAGPKSRKRIGWMEFRLFHYAGEVTYCTKG,41498803,41498709,1,15,RKLAGPKSRKRIGWMEFRLFHYAGEVTYCTKG,1,32,41498803,41498709,2,1,CAGGAAGCTGGCGGGTCCAAAGAGCCGAAAGAGGATTGGCTGGATGGAGTTCCGGCTCTTCCACTACGCAGGAGAGGTCACGTACTGCACCAAGG
202,sus_scrofa,ENSSSCG00000009935,ENSSSCT00000010887,ENSSSCE00000086192,ENSSSCE00000086192_SE_14,25_0,-1,1,15,25,1,0,14,GATTTTTGGAAAAAAACAATGATCTCCTCTACAGACATCTGAAAGAA,FLEKNNDLLYRHLKE,41493780,41493734,1,16,FLEKNNDLLYRHLKE,1,15,41493780,41493734,1,0,GATTTTTGGAAAAAAACAATGATCTCCTCTACAGACATCTGAAAGAA
203,sus_scrofa,ENSSSCG00000009935,ENSSSCT00000010887,ENSSSCE00000086193,ENSSSCE00000086193_SE_13,19_1,-1,1,16,19,0,0,15,GTGCTCTGCAGGTCCAGAAACAGAATCCTGAAGGAATGCTTCCTGGTGGCTGAGTTAGAAAATCGGAGGAGGCCACCAACC,VLCRSRNRILKECFLVAELENRRRPPT,41489572,41489492,1,17,VLCRSRNRILKECFLVAELENRRRPPT,1,27,41489572,41489492,0,0,GTGCTCTGCAGGTCCAGAAACAGAATCCTGAAGGAATGCTTCCTGGTGGCTGAGTTAGAAAATCGGAGGAGGCCACCAACC
204,sus_scrofa,ENSSSCG00000009935,ENSSSCT00000010887,ENSSSCE00000086194,ENSSSCE00000086194_SE_12,12_0,-1,1,17,12,0,1,16,GTGGGGACTCAGTTTAAAAACAGTCTGAGCAGCCTTCTGGAAATTCTCATCTCTAAGGAACCTTCATACATCCGTTGCATCAAGCCCAATGAGAGGAAAGAACCCA,VGTQFKNSLSSLLEILISKEPSYIRCIKPNERKEPN,41488819,41488714,1,18,VGTQFKNSLSSLLEILISKEPSYIRCIKPNERKEPN,1,36,41488819,41488714,0,1,GTGGGGACTCAGTTTAAAAACAGTCTGAGCAGCCTTCTGGAAATTCTCATCTCTAAGGAACCTTCATACATCCGTTGCATCAAGCCCAATGAGAGGAAAGAACCCA
205,sus_scrofa,ENSSSCG00000009935,ENSSSCT00000010887,ENSSSCE00000086195,ENSSSCE00000086195_SE_11,8_0,-1,1,18,8,1,2,17,ACAAGTTCGATGACTTCCTCGTAAGGCATCAGGTCAAATACCTGGGGCTGATGGAGCACCTGCGGGTGAGACGGGCTGGCTTTGCATACCGGAGGAAGTACGAGCATTTCTTGCAGAG,KFDDFLVRHQVKYLGLMEHLRVRRAGFAYRRKYEHFLQR,41487998,41487881,1,19,KFDDFLVRHQVKYLGLMEHLRVRRAGFAYRRKYEHFLQR,1,39,41487998,41487881,1,2,ACAAGTTCGATGACTTCCTCGTAAGGCATCAGGTCAAATACCTGGGGCTGATGGAGCACCTGCGGGTGAGACGGGCTGGCTTTGCATACCGGAGGAAGTACGAGCATTTCTTGCAGAG
206,sus_scrofa,ENSSSCG00000009935,ENSSSCT00000010887,ENSSSCE00000086196,ENSSSCE00000086196_SE_10,10_0,-1,1,19,10,2,2,18,GTACAAGTCCTTGTGCCCAGACACCTGGCCACACTGGCACGGGCGTCCAGCAGAGGGCGTAGAGCGGCTTATCAAATACATTGGCTACAAACCCGAGGAGTACAAATTAGGGAG,YKSLCPDTWPHWHGRPAEGVERLIKYIGYKPEEYKLGR,41485750,41485637,1,20,YKSLCPDTWPHWHGRPAEGVERLIKYIGYKPEEYKLGR,1,38,41485750,41485637,2,2,GTACAAGTCCTTGTGCCCAGACACCTGGCCACACTGGCACGGGCGTCCAGCAGAGGGCGTAGAGCGGCTTATCAAATACATTGGCTACAAACCCGAGGAGTACAAATTAGGGAG
207,sus_scrofa,ENSSSCG00000009935,ENSSSCT00000010887,ENSSSCE00000086197,ENSSSCE00000086197_SE_9,23_0,-1,1,20,23,2,1,19,AACCAAAATATTCATTCGCTTCCCCAGAACACTGTTTGCTACTGAAGATGCCTTTGAATTTAGTAAACATCAATTAG,TKIFIRFPRTLFATEDAFEFSKHQLV,41481777,41481701,1,21,TKIFIRFPRTLFATEDAFEFSKHQLV,1,26,41481777,41481701,2,1,AACCAAAATATTCATTCGCTTCCCCAGAACACTGTTTGCTACTGAAGATGCCTTTGAATTTAGTAAACATCAATTAG
208,sus_scrofa,ENSSSCG00000009935,ENSSSCT00000010887,ENSSSCE00000234491,ENSSSCE00000234491_SE_8,26_0,-1,1,21,26,1,1,20,TTGCACGAATCCAAGGCACGTACAAAGGCTGCCTAGAAAGGAGAGCGTACCTGAGAAAAAGACAAGCAG,ARIQGTYKGCLERRAYLRKRQAA,41480190,41480122,1,22,ARIQGTYKGCLERRAYLRKRQAA,1,23,41480190,41480122,1,1,TTGCACGAATCCAAGGCACGTACAAAGGCTGCCTAGAAAGGAGAGCGTACCTGAGAAAAAGACAAGCAG
209,sus_scrofa,ENSSSCG00000009935,ENSSSCT00000010887,ENSSSCE00000086198,ENSSSCE00000086198_SE_7,20_0,-1,1,22,20,1,2,21,CCATTACACTCGAAGCCCACTGGCGCGGAGCCCTGGCTCGGAAGGAGGCCGAAAAGAGAAAGTGGGCTGTGCAGATTATAAGAAA,ITLEAHWRGALARKEAEKRKWAVQIIRK,41478753,41478669,1,23,ITLEAHWRGALARKEAEKRKWAVQIIRK,1,28,41478753,41478669,1,2,CCATTACACTCGAAGCCCACTGGCGCGGAGCCCTGGCTCGGAAGGAGGCCGAAAAGAGAAAGTGGGCTGTGCAGATTATAAGAAA
210,sus_scrofa,ENSSSCG00000009935,ENSSSCT00000010887,ENSSSCE00000196114,ENSSSCE00000196114_SE_6,3_0,-1,1,23,3,2,0,22,GTTCATAAAGGGATTTATCAATCGCAACAAGCCCCTCTGCCCTGACAATGAGGAGTTCATCGTGTTTGTGCGGAAGAACTACATCTTGAATCTTCGGGACCATGTCCCAAAGAACCTTTTGGATAAGTGCTGGCTGAAGCCTCCTGGCATCCTGGCAAAT,FIKGFINRNKPLCPDNEEFIVFVRKNYILNLRDHVPKNLLDKCWLKPPGILAN,41477730,41477571,1,24,FIKGFINRNKPLCPDNEEFIVFVRKNYILNLRDHVPKNLLDKCWLKPPGILAN,1,53,41477730,41477571,2,0,GTTCATAAAGGGATTTATCAATCGCAACAAGCCCCTCTGCCCTGACAATGAGGAGTTCATCGTGTTTGTGCGGAAGAACTACATCTTGAATCTTCGGGACCATGTCCCAAAGAACCTTTTGGATAAGTGCTGGCTGAAGCCTCCTGGCATCCTGGCAAAT
211,sus_scrofa,ENSSSCG00000009935,ENSSSCT00000010887,ENSSSCE00000161227,ENSSSCE00000161227_SE_5,19_2,-1,1,24,19,0,0,23,GCATCGGAGCTGCTCAGGAAAATGTGCACCAGGAACCTAGTCCGGAGGTACTGCCGCGGGATCACAGCCGAGAGGAAAGCCATG,ASELLRKMCTRNLVRRYCRGITAERKAM,41476692,41476609,1,25,ASELLRKMCTRNLVRRYCRGITAERKAM,1,28,41476692,41476609,0,0,GCATCGGAGCTGCTCAGGAAAATGTGCACCAGGAACCTAGTCCGGAGGTACTGCCGCGGGATCACAGCCGAGAGGAAAGCCATG
212,sus_scrofa,ENSSSCG00000009935,ENSSSCT00000010887,ENSSSCE00000247876,ENSSSCE00000247876_SE_4,16_2,-1,1,25,16,0,1,24,ATGCAGCAAAAGGTGGTTACAAGTGAAATATTCAGGGATAAGAAAGATGGCTATGCAGAAAGCTTAAATCAACCCTTTGCCAACAGCCGAATAG,MQQKVVTSEIFRDKKDGYAESLNQPFANSRIG,41475843,41475750,1,26,MQQKVVTSEIFRDKKDGYAESLNQPFANSRIG,1,32,41475843,41475750,0,1,ATGCAGCAAAAGGTGGTTACAAGTGAAATATTCAGGGATAAGAAAGATGGCTATGCAGAAAGCTTAAATCAACCCTTTGCCAACAGCCGAATAG
213,sus_scrofa,ENSSSCG00000009935,ENSSSCT00000010887,ENSSSCE00000194296,ENSSSCE00000194296_SE_3,15_2,-1,1,26,15,1,0,25,GTGTCTCTACCAGCAGCCTCAGAGACGGAATCTTGGTCCTTCATGTGTCGCGGGAAGACAATAAGCACAAG,VSTSSLRDGILVLHVSREDNKHK,41473992,41473922,1,27,VSTSSLRDGILVLHVSREDNKHK,1,23,41473992,41473922,1,0,GTGTCTCTACCAGCAGCCTCAGAGACGGAATCTTGGTCCTTCATGTGTCGCGGGAAGACAATAAGCACAAG
214,sus_scrofa,ENSSSCG00000009935,ENSSSCT00000010887,ENSSSCE00000217799,ENSSSCE00000217799_SE_2,6_1,-1,1,27,6,0,2,26,GGGGACGCCGTCTTGTGGTGCGAACACGTATTTGAGGCAGTGACGAAGCTTGTCATGCTGGTTCAGAAGGAGAACATTGTCACCGTGGTCCAGGGGAG,GDAVLWCEHVFEAVTKLVMLVQKENIVTVVQGS,41473782,41473685,1,28,GDAVLWCEHVFEAVTKLVMLVQKENIVTVVQGS,1,33,41473782,41473685,0,2,GGGGACGCCGTCTTGTGGTGCGAACACGTATTTGAGGCAGTGACGAAGCTTGTCATGCTGGTTCAGAAGGAGAACATTGTCACCGTGGTCCAGGGGAG
215,sus_scrofa,ENSSSCG00000009935,ENSSSCT00000010887,ENSSSCE00000201987,ENSSSCE00000201987_SE_1,14_0,-1,1,28,14,2,0,27,TTTACAGTTTTATATTAGTCCCGGAAAAGAAGGCACAATAGTTTTTGACACTGGACCAGGAGAACAAATCTATAAAGATAAAAACGGACACCTAACAGTG,LQFYISPGKEGTIVFDTGPGEQIYKDKNGHLTV,41472571,41472472,1,29,LQFYISPGKEGTIVFDTGPGEQIYKDKNGHLTV,1,33,41472571,41472472,2,0,TTTACAGTTTTATATTAGTCCCGGAAAAGAAGGCACAATAGTTTTTGACACTGGACCAGGAGAACAAATCTATAAAGATAAAAACGGACACCTAACAGTG
216,sus_scrofa,ENSSSCG00000009935,ENSSSCT00000010887,ENSSSCE00000314564,ENSSSCE00000314564_SE_0,2_1,-1,1,29,2,0,0,28,GGCAAAAAAATAAGTAAATAA,GKKISK*,41471730,41471710,1,30,GKKISK,1,6,41471730,41471710,0,0,GGCAAAAAAATAAGTAAATAA
